trial_id,run_id,seed,pd_level,t_start_iso,t_end_iso,t_climate_done_iso,t_layout_done_iso,t_bridge_done_iso,dt_climate_s,dt_layout_s,dt_bridge_s,dt_aep_total_s,dt_total_s,n_farms_total,n_new_farms,n_turbines_total,requested_mw,delivered_mw,delivered_pct,climate_scale,climate_extreme_modes,climate_mean_speed,climate_dominant_sector,climate_dominant_sector_freq
mc_20260807_0627_high_000000,mc_20260807_0627_high/task_0000,0,high,2026-08-07T06:28:31.783,2026-08-07T06:28:58.202,2026-08-07T06:28:31.788,2026-08-07T06:28:39.007,2026-08-07T06:28:39.015,0.01,7.22,0.01,19.19,26.42,20,7,1172,23616.0,3022.5,12.8,1.0,,9.167,7,0.1588
mc_20260807_0627_high_000001,mc_20260807_0627_high/task_0000,1,high,2026-08-07T06:28:58.212,2026-08-07T06:29:19.167,2026-08-07T06:28:58.216,2026-08-07T06:29:07.060,2026-08-07T06:29:07.060,0.0,8.84,0.0,12.11,20.96,21,8,953,23616.0,2768.8,11.72,1.0,,9.389,7,0.1549
mc_20260807_0627_high_000002,mc_20260807_0627_high/task_0000,2,high,2026-08-07T06:29:19.168,2026-08-07T06:30:02.081,2026-08-07T06:29:19.171,2026-08-07T06:29:26.325,2026-08-07T06:29:26.325,0.0,7.15,0.0,35.76,42.91,22,9,1610,23616.0,6851.8,29.01,1.0,,9.29,7,0.1711
mc_20260807_0627_high_000003,mc_20260807_0627_high/task_0000,3,high,2026-08-07T06:30:02.082,2026-08-07T06:30:35.325,2026-08-07T06:30:02.086,2026-08-07T06:30:09.756,2026-08-07T06:30:09.756,0.0,7.67,0.0,25.57,33.24,25,12,1432,23616.0,7344.2,31.1,1.0,,8.576,8,0.1722
mc_20260807_0627_high_000004,mc_20260807_0627_high/task_0000,4,high,2026-08-07T06:30:35.325,2026-08-07T06:31:06.346,2026-08-07T06:30:35.328,2026-08-07T06:30:41.553,2026-08-07T06:30:41.553,0.0,6.22,0.0,24.79,31.02,23,10,1489,23616.0,6852.0,29.01,1.0,,8.739,8,0.1365
mc_20260807_0627_high_000005,mc_20260807_0627_high/task_0001,5,high,2026-08-07T06:28:32.594,2026-08-07T06:29:20.182,2026-08-07T06:28:32.599,2026-08-07T06:28:39.035,2026-08-07T06:28:39.043,0.0,6.44,0.01,41.14,47.59,22,9,1477,23616.0,7366.0,31.19,1.0,,8.732,7,0.1531
mc_20260807_0627_high_000010,mc_20260807_0627_high/task_0002,10,high,2026-08-07T06:28:33.165,2026-08-07T06:29:20.345,2026-08-07T06:28:33.170,2026-08-07T06:28:40.918,2026-08-07T06:28:40.926,0.0,7.75,0.01,39.42,47.18,28,15,1434,23616.0,6984.2,29.57,1.0,,8.989,7,0.1569
mc_20260807_0627_high_000011,mc_20260807_0627_high/task_0002,11,high,2026-08-07T06:29:20.349,2026-08-07T06:29:49.631,2026-08-07T06:29:20.353,2026-08-07T06:29:28.148,2026-08-07T06:29:28.149,0.0,7.79,0.0,21.48,29.28,21,8,1248,23616.0,3564.0,15.09,1.0,,9.288,7,0.1484
mc_20260807_0627_high_000012,mc_20260807_0627_high/task_0002,12,high,2026-08-07T06:29:49.632,2026-08-07T06:30:24.934,2026-08-07T06:29:49.636,2026-08-07T06:29:55.476,2026-08-07T06:29:55.476,0.0,5.84,0.0,29.46,35.3,25,12,1557,23616.0,8455.0,35.8,1.0,,9.162,7,0.1504
mc_20260807_0627_high_000013,mc_20260807_0627_high/task_0002,13,high,2026-08-07T06:30:24.935,2026-08-07T06:30:48.045,2026-08-07T06:30:24.938,2026-08-07T06:30:31.679,2026-08-07T06:30:31.680,0.0,6.74,0.0,16.37,23.11,28,15,1277,23616.0,7393.0,31.31,1.0,,8.758,7,0.1842
mc_20260807_0627_high_000014,mc_20260807_0627_high/task_0002,14,high,2026-08-07T06:30:48.046,2026-08-07T06:31:15.394,2026-08-07T06:30:48.049,2026-08-07T06:30:54.897,2026-08-07T06:30:54.898,0.0,6.85,0.0,20.5,27.35,25,12,1461,23616.0,7110.2,30.11,1.0,,9.209,7,0.1581
mc_20260807_0627_high_000015,mc_20260807_0627_high/task_0003,15,high,2026-08-07T06:28:33.202,2026-08-07T06:29:18.255,2026-08-07T06:28:33.209,2026-08-07T06:28:40.001,2026-08-07T06:28:40.010,0.01,6.79,0.01,38.25,45.05,27,14,1396,23616.0,6141.8,26.01,1.0,,8.775,8,0.1367
mc_20260807_0627_high_000016,mc_20260807_0627_high/task_0003,16,high,2026-08-07T06:29:18.261,2026-08-07T06:29:44.808,2026-08-07T06:29:18.265,2026-08-07T06:29:25.964,2026-08-07T06:29:25.965,0.0,7.7,0.0,18.84,26.55,22,9,1163,23616.0,4429.0,18.75,1.0,,9.134,7,0.1691
mc_20260807_0627_high_000017,mc_20260807_0627_high/task_0003,17,high,2026-08-07T06:29:44.809,2026-08-07T06:30:07.128,2026-08-07T06:29:44.812,2026-08-07T06:29:52.700,2026-08-07T06:29:52.700,0.0,7.89,0.0,14.43,22.32,19,6,1126,23616.0,3958.0,16.76,1.0,,9.274,8,0.1445
mc_20260807_0627_high_000018,mc_20260807_0627_high/task_0003,18,high,2026-08-07T06:30:07.129,2026-08-07T06:30:37.254,2026-08-07T06:30:07.132,2026-08-07T06:30:15.391,2026-08-07T06:30:15.392,0.0,8.26,0.0,21.86,30.12,21,8,1452,23616.0,4850.8,20.54,1.0,,9.015,7,0.1578
mc_20260807_0627_high_000019,mc_20260807_0627_high/task_0003,19,high,2026-08-07T06:30:37.255,2026-08-07T06:31:04.256,2026-08-07T06:30:37.257,2026-08-07T06:30:43.665,2026-08-07T06:30:43.666,0.0,6.41,0.0,20.59,27.0,25,12,1435,23616.0,7125.0,30.17,1.0,,9.321,7,0.1429
mc_20260807_0627_high_000020,mc_20260807_0627_high/task_0004,20,high,2026-08-07T06:28:34.191,2026-08-07T06:29:23.079,2026-08-07T06:28:34.197,2026-08-07T06:28:42.347,2026-08-07T06:28:42.356,0.01,8.15,0.01,40.72,48.89,33,20,1449,23616.0,6040.2,25.58,1.0,,9.093,7,0.134
mc_20260807_0627_high_000021,mc_20260807_0627_high/task_0004,21,high,2026-08-07T06:29:23.085,2026-08-07T06:30:06.172,2026-08-07T06:29:23.090,2026-08-07T06:29:31.220,2026-08-07T06:29:31.221,0.0,8.13,0.0,34.95,43.09,28,15,1592,23616.0,7875.5,33.35,1.0,,9.288,7,0.1529
mc_20260807_0627_high_000022,mc_20260807_0627_high/task_0004,22,high,2026-08-07T06:30:06.173,2026-08-07T06:30:37.650,2026-08-07T06:30:06.177,2026-08-07T06:30:13.808,2026-08-07T06:30:13.809,0.0,7.63,0.0,23.84,31.48,25,12,1456,23616.0,7533.0,31.9,1.0,,9.071,7,0.1644
mc_20260807_0627_high_000023,mc_20260807_0627_high/task_0004,23,high,2026-08-07T06:30:37.650,2026-08-07T06:31:03.338,2026-08-07T06:30:37.653,2026-08-07T06:30:44.439,2026-08-07T06:30:44.439,0.0,6.79,0.0,18.9,25.69,24,11,1232,23616.0,6036.0,25.56,1.0,,9.465,8,0.1479
mc_20260807_0627_high_000024,mc_20260807_0627_high/task_0004,24,high,2026-08-07T06:31:03.339,2026-08-07T06:31:21.632,2026-08-07T06:31:03.342,2026-08-07T06:31:12.359,2026-08-07T06:31:12.359,0.0,9.02,0.0,9.27,18.29,23,10,1140,23616.0,3354.2,14.2,1.0,,9.25,7,0.1642
mc_20260807_0627_high_000025,mc_20260807_0627_high/task_0005,25,high,2026-08-07T06:28:34.171,2026-08-07T06:29:19.182,2026-08-07T06:28:34.176,2026-08-07T06:28:42.885,2026-08-07T06:28:42.895,0.0,8.71,0.01,36.29,45.01,23,10,1311,23616.0,4817.5,20.4,1.0,,9.377,8,0.1496
mc_20260807_0627_high_000026,mc_20260807_0627_high/task_0005,26,high,2026-08-07T06:29:19.185,2026-08-07T06:29:42.101,2026-08-07T06:29:19.189,2026-08-07T06:29:26.616,2026-08-07T06:29:26.617,0.0,7.43,0.0,15.48,22.92,22,9,1144,23616.0,3167.0,13.41,1.0,,8.262,8,0.1589
mc_20260807_0627_high_000027,mc_20260807_0627_high/task_0005,27,high,2026-08-07T06:29:42.102,2026-08-07T06:30:15.911,2026-08-07T06:29:42.105,2026-08-07T06:29:50.207,2026-08-07T06:29:50.208,0.0,8.1,0.0,25.7,33.81,27,14,1487,23616.0,6949.0,29.42,1.0,,9.468,7,0.1641
mc_20260807_0627_high_000028,mc_20260807_0627_high/task_0005,28,high,2026-08-07T06:30:15.912,2026-08-07T06:30:38.335,2026-08-07T06:30:15.916,2026-08-07T06:30:23.289,2026-08-07T06:30:23.289,0.0,7.37,0.0,15.05,22.42,20,7,1185,23616.0,4615.0,19.54,1.0,,8.996,7,0.1501
mc_20260807_0627_high_000029,mc_20260807_0627_high/task_0005,29,high,2026-08-07T06:30:38.336,2026-08-07T06:31:13.851,2026-08-07T06:30:38.338,2026-08-07T06:30:44.871,2026-08-07T06:30:44.871,0.0,6.53,0.0,28.98,35.51,25,12,1594,23616.0,7315.5,30.98,1.0,,9.109,7,0.1525
mc_20260807_0627_high_000030,mc_20260807_0627_high/task_0006,30,high,2026-08-07T06:28:34.572,2026-08-07T06:29:18.279,2026-08-07T06:28:34.577,2026-08-07T06:28:41.354,2026-08-07T06:28:41.363,0.0,6.78,0.01,36.92,43.71,30,17,1327,23616.0,7469.0,31.63,1.0,,9.412,7,0.1694
mc_20260807_0627_high_000031,mc_20260807_0627_high/task_0006,31,high,2026-08-07T06:29:18.283,2026-08-07T06:29:57.954,2026-08-07T06:29:18.288,2026-08-07T06:29:25.233,2026-08-07T06:29:25.233,0.01,6.94,0.0,32.72,39.67,23,10,1500,23616.0,7398.0,31.33,1.0,,9.221,7,0.16
mc_20260807_0627_high_000032,mc_20260807_0627_high/task_0006,32,high,2026-08-07T06:29:57.955,2026-08-07T06:30:26.518,2026-08-07T06:29:57.958,2026-08-07T06:30:06.321,2026-08-07T06:30:06.322,0.0,8.36,0.0,20.2,28.56,25,12,1188,23616.0,3737.0,15.82,1.0,,9.323,7,0.1554
mc_20260807_0627_high_000033,mc_20260807_0627_high/task_0006,33,high,2026-08-07T06:30:26.519,2026-08-07T06:30:54.134,2026-08-07T06:30:26.523,2026-08-07T06:30:34.146,2026-08-07T06:30:34.147,0.0,7.62,0.0,19.99,27.61,21,8,1445,23616.0,5317.0,22.51,1.0,,8.894,8,0.1533
mc_20260807_0627_high_000034,mc_20260807_0627_high/task_0006,34,high,2026-08-07T06:30:54.134,2026-08-07T06:31:27.528,2026-08-07T06:30:54.137,2026-08-07T06:31:01.102,2026-08-07T06:31:01.102,0.0,6.96,0.0,26.43,33.39,22,9,1685,23616.0,8124.0,34.4,1.0,,8.687,8,0.157
mc_20260807_0627_high_000035,mc_20260807_0627_high/task_0007,35,high,2026-08-07T06:28:35.934,2026-08-07T06:28:59.100,2026-08-07T06:28:35.942,2026-08-07T06:28:44.545,2026-08-07T06:28:44.553,0.01,8.6,0.01,14.55,23.17,21,8,1028,23616.0,2779.0,11.77,1.0,,8.98,7,0.1523
mc_20260807_0627_high_000036,mc_20260807_0627_high/task_0007,36,high,2026-08-07T06:28:59.104,2026-08-07T06:29:25.526,2026-08-07T06:28:59.109,2026-08-07T06:29:07.313,2026-08-07T06:29:07.314,0.01,8.2,0.0,18.21,26.42,25,12,1318,23616.0,4944.2,20.94,1.0,,9.045,7,0.1574
mc_20260807_0627_high_000037,mc_20260807_0627_high/task_0007,37,high,2026-08-07T06:29:25.527,2026-08-07T06:29:48.241,2026-08-07T06:29:25.530,2026-08-07T06:29:31.881,2026-08-07T06:29:31.881,0.0,6.35,0.0,16.36,22.71,23,10,1187,23616.0,5629.5,23.84,1.0,,8.846,7,0.1588
mc_20260807_0627_high_000038,mc_20260807_0627_high/task_0007,38,high,2026-08-07T06:29:48.241,2026-08-07T06:30:19.582,2026-08-07T06:29:48.244,2026-08-07T06:29:54.492,2026-08-07T06:29:54.493,0.0,6.25,0.0,25.09,31.34,23,10,1463,23616.0,8039.0,34.04,1.0,,9.111,7,0.1688
mc_20260807_0627_high_000039,mc_20260807_0627_high/task_0007,39,high,2026-08-07T06:30:19.583,2026-08-07T06:30:43.785,2026-08-07T06:30:19.586,2026-08-07T06:30:26.395,2026-08-07T06:30:26.395,0.0,6.81,0.0,17.39,24.2,24,11,1248,23616.0,6551.0,27.74,1.0,,9.279,7,0.1399
mc_20260807_0627_high_000040,mc_20260807_0627_high/task_0008,40,high,2026-08-07T06:28:34.907,2026-08-07T06:29:17.307,2026-08-07T06:28:34.911,2026-08-07T06:28:42.232,2026-08-07T06:28:42.240,0.0,7.32,0.01,35.07,42.4,25,12,1340,23616.0,5465.0,23.14,1.0,,8.751,7,0.1403
mc_20260807_0627_high_000041,mc_20260807_0627_high/task_0008,41,high,2026-08-07T06:29:17.310,2026-08-07T06:29:55.032,2026-08-07T06:29:17.315,2026-08-07T06:29:24.902,2026-08-07T06:29:24.903,0.01,7.59,0.0,30.13,37.72,22,9,1511,23616.0,5842.8,24.74,1.0,,8.925,7,0.1398
mc_20260807_0627_high_000042,mc_20260807_0627_high/task_0008,42,high,2026-08-07T06:29:55.033,2026-08-07T06:30:31.106,2026-08-07T06:29:55.037,2026-08-07T06:30:01.749,2026-08-07T06:30:01.749,0.0,6.71,0.0,29.36,36.07,27,14,1555,23616.0,9359.0,39.63,1.0,,8.614,8,0.1533
mc_20260807_0627_high_000043,mc_20260807_0627_high/task_0008,43,high,2026-08-07T06:30:31.107,2026-08-07T06:30:56.091,2026-08-07T06:30:31.110,2026-08-07T06:30:39.733,2026-08-07T06:30:39.734,0.0,8.62,0.0,16.36,24.98,27,14,1197,23616.0,4581.5,19.4,1.0,,9.279,8,0.1336
mc_20260807_0627_high_000044,mc_20260807_0627_high/task_0008,44,high,2026-08-07T06:30:56.092,2026-08-07T06:31:21.970,2026-08-07T06:30:56.094,2026-08-07T06:31:03.773,2026-08-07T06:31:03.773,0.0,7.68,0.0,18.2,25.88,22,9,1414,23616.0,5388.2,22.82,1.0,,9.035,7,0.1751
mc_20260807_0627_high_000045,mc_20260807_0627_high/task_0009,45,high,2026-08-07T06:28:35.157,2026-08-07T06:29:32.933,2026-08-07T06:28:35.162,2026-08-07T06:28:41.461,2026-08-07T06:28:41.470,0.0,6.3,0.01,51.46,57.78,24,11,1746,23616.0,9194.8,38.93,1.0,,8.92,7,0.1545
mc_20260807_0627_high_000046,mc_20260807_0627_high/task_0009,46,high,2026-08-07T06:29:32.937,2026-08-07T06:30:04.337,2026-08-07T06:29:32.940,2026-08-07T06:29:41.415,2026-08-07T06:29:41.416,0.0,8.47,0.0,22.92,31.4,22,9,1266,23616.0,4215.0,17.85,1.0,,9.139,9,0.1336
mc_20260807_0627_high_000047,mc_20260807_0627_high/task_0009,47,high,2026-08-07T06:30:04.338,2026-08-07T06:30:38.630,2026-08-07T06:30:04.341,2026-08-07T06:30:10.860,2026-08-07T06:30:10.861,0.0,6.52,0.0,27.77,34.29,24,11,1485,23616.0,8004.0,33.89,1.0,,9.18,8,0.1294
mc_20260807_0627_high_000048,mc_20260807_0627_high/task_0009,48,high,2026-08-07T06:30:38.630,2026-08-07T06:31:09.564,2026-08-07T06:30:38.633,2026-08-07T06:30:45.796,2026-08-07T06:30:45.797,0.0,7.16,0.0,23.77,30.93,27,14,1358,23616.0,6710.0,28.41,1.0,,9.205,7,0.1486
mc_20260807_0627_high_000049,mc_20260807_0627_high/task_0009,49,high,2026-08-07T06:31:09.565,2026-08-07T06:31:32.065,2026-08-07T06:31:09.568,2026-08-07T06:31:16.646,2026-08-07T06:31:16.647,0.0,7.08,0.0,15.42,22.5,24,11,1336,23616.0,6220.0,26.34,1.0,,9.368,7,0.1492
mc_20260807_0627_high_000050,mc_20260807_0627_high/task_0010,50,high,2026-08-07T06:28:35.772,2026-08-07T06:29:24.869,2026-08-07T06:28:35.777,2026-08-07T06:28:43.283,2026-08-07T06:28:43.291,0.0,7.51,0.01,41.58,49.1,20,7,1498,23616.0,5554.0,23.52,1.0,,9.283,7,0.1658
mc_20260807_0627_high_000051,mc_20260807_0627_high/task_0010,51,high,2026-08-07T06:29:24.872,2026-08-07T06:29:56.386,2026-08-07T06:29:24.875,2026-08-07T06:29:33.454,2026-08-07T06:29:33.454,0.0,8.58,0.0,22.93,31.51,25,12,1269,23616.0,4834.8,20.47,1.0,,8.801,7,0.1516
mc_20260807_0627_high_000052,mc_20260807_0627_high/task_0010,52,high,2026-08-07T06:29:56.387,2026-08-07T06:30:19.161,2026-08-07T06:29:56.390,2026-08-07T06:30:04.900,2026-08-07T06:30:04.900,0.0,8.51,0.0,14.26,22.77,22,9,1051,23616.0,5169.2,21.89,1.0,,9.106,7,0.1515
mc_20260807_0627_high_000053,mc_20260807_0627_high/task_0010,53,high,2026-08-07T06:30:19.162,2026-08-07T06:30:44.097,2026-08-07T06:30:19.166,2026-08-07T06:30:26.596,2026-08-07T06:30:26.596,0.0,7.43,0.0,17.5,24.94,19,6,1276,23616.0,3943.0,16.7,1.0,,9.05,8,0.1538
mc_20260807_0627_high_000054,mc_20260807_0627_high/task_0010,54,high,2026-08-07T06:30:44.098,2026-08-07T06:31:07.549,2026-08-07T06:30:44.101,2026-08-07T06:30:51.861,2026-08-07T06:30:51.861,0.0,7.76,0.0,15.69,23.45,20,7,1229,23616.0,3349.0,14.18,1.0,,8.638,7,0.1521
mc_20260807_0627_high_000055,mc_20260807_0627_high/task_0011,55,high,2026-08-07T06:28:36.028,2026-08-07T06:28:57.562,2026-08-07T06:28:36.032,2026-08-07T06:28:44.465,2026-08-07T06:28:44.474,0.0,8.43,0.01,13.09,21.53,18,5,986,23616.0,2528.5,10.71,1.0,,8.473,8,0.1743
mc_20260807_0627_high_000056,mc_20260807_0627_high/task_0011,56,high,2026-08-07T06:28:57.566,2026-08-07T06:29:27.011,2026-08-07T06:28:57.571,2026-08-07T06:29:05.329,2026-08-07T06:29:05.330,0.01,7.76,0.0,21.68,29.45,21,8,1278,23616.0,5018.8,21.25,1.0,,9.104,7,0.1628
mc_20260807_0627_high_000057,mc_20260807_0627_high/task_0011,57,high,2026-08-07T06:29:27.012,2026-08-07T06:30:02.556,2026-08-07T06:29:27.016,2026-08-07T06:29:34.398,2026-08-07T06:29:34.399,0.0,7.38,0.0,28.16,35.54,21,8,1463,23616.0,6247.0,26.45,1.0,,8.896,7,0.1487
mc_20260807_0627_high_000058,mc_20260807_0627_high/task_0011,58,high,2026-08-07T06:30:02.557,2026-08-07T06:30:38.255,2026-08-07T06:30:02.560,2026-08-07T06:30:10.490,2026-08-07T06:30:10.491,0.0,7.93,0.0,27.76,35.7,21,8,1491,23616.0,5056.0,21.41,1.0,,9.333,7,0.1445
mc_20260807_0627_high_000059,mc_20260807_0627_high/task_0011,59,high,2026-08-07T06:30:38.256,2026-08-07T06:31:05.567,2026-08-07T06:30:38.259,2026-08-07T06:30:44.330,2026-08-07T06:30:44.331,0.0,6.07,0.0,21.24,27.31,19,6,1351,23616.0,5619.0,23.79,1.0,,9.091,9,0.1423
mc_20260807_0627_high_000060,mc_20260807_0627_high/task_0012,60,high,2026-08-07T06:28:36.087,2026-08-07T06:29:05.783,2026-08-07T06:28:36.092,2026-08-07T06:28:43.550,2026-08-07T06:28:43.559,0.0,7.46,0.01,22.22,29.7,22,9,1135,23611,5193.5,22.0,1.0,,9.093,8,0.1362
mc_20260807_0627_high_000061,mc_20260807_0627_high/task_0012,61,high,2026-08-07T06:29:05.787,2026-08-07T06:29:34.616,2026-08-07T06:29:05.793,2026-08-07T06:29:14.258,2026-08-07T06:29:14.259,0.01,8.47,0.0,20.36,28.83,28,15,1412,23616.0,5338.2,22.6,1.0,,8.846,8,0.1432
mc_20260807_0627_high_000062,mc_20260807_0627_high/task_0012,62,high,2026-08-07T06:29:34.617,2026-08-07T06:30:09.489,2026-08-07T06:29:34.622,2026-08-07T06:29:41.732,2026-08-07T06:29:41.733,0.0,7.11,0.0,27.76,34.87,23,10,1559,23616.0,7939.2,33.62,1.0,,8.611,8,0.1363
mc_20260807_0627_high_000063,mc_20260807_0627_high/task_0012,63,high,2026-08-07T06:30:09.490,2026-08-07T06:30:39.046,2026-08-07T06:30:09.494,2026-08-07T06:30:16.686,2026-08-07T06:30:16.686,0.0,7.19,0.0,22.36,29.56,24,11,1434,23616.0,8651.5,36.63,1.0,,9.899,7,0.1773
mc_20260807_0627_high_000064,mc_20260807_0627_high/task_0012,64,high,2026-08-07T06:30:39.047,2026-08-07T06:31:01.707,2026-08-07T06:30:39.050,2026-08-07T06:30:46.098,2026-08-07T06:30:46.099,0.0,7.05,0.0,15.61,22.66,21,8,1162,23616.0,4362.0,18.47,1.0,,9.055,7,0.1756
mc_20260807_0627_high_000065,mc_20260807_0627_high/task_0013,65,high,2026-08-07T06:28:38.352,2026-08-07T06:29:04.523,2026-08-07T06:28:38.358,2026-08-07T06:28:46.297,2026-08-07T06:28:46.306,0.01,7.94,0.01,18.22,26.17,26,13,1180,23616.0,3748.5,15.87,1.0,,9.052,8,0.1314
mc_20260807_0627_high_000066,mc_20260807_0627_high/task_0013,66,high,2026-08-07T06:29:04.526,2026-08-07T06:29:24.368,2026-08-07T06:29:04.530,2026-08-07T06:29:13.315,2026-08-07T06:29:13.316,0.0,8.79,0.0,11.05,19.84,18,5,1014,23616.0,2178.0,9.22,1.0,,9.109,8,0.1492
mc_20260807_0627_high_000067,mc_20260807_0627_high/task_0013,67,high,2026-08-07T06:29:24.369,2026-08-07T06:29:51.417,2026-08-07T06:29:24.372,2026-08-07T06:29:31.167,2026-08-07T06:29:31.167,0.0,6.8,0.0,20.25,27.05,23,10,1409,23616.0,6353.0,26.9,1.0,,9.22,7,0.1664
mc_20260807_0627_high_000068,mc_20260807_0627_high/task_0013,68,high,2026-08-07T06:29:51.418,2026-08-07T06:30:19.185,2026-08-07T06:29:51.421,2026-08-07T06:29:57.721,2026-08-07T06:29:57.721,0.0,6.3,0.0,21.46,27.77,26,13,1444,23616.0,5962.5,25.25,1.0,,9.421,7,0.1758
mc_20260807_0627_high_000069,mc_20260807_0627_high/task_0013,69,high,2026-08-07T06:30:19.186,2026-08-07T06:30:38.840,2026-08-07T06:30:19.188,2026-08-07T06:30:27.226,2026-08-07T06:30:27.226,0.0,8.04,0.0,11.61,19.65,20,7,1037,23616.0,1981.0,8.39,1.0,,9.125,8,0.1458
mc_20260807_0627_high_000070,mc_20260807_0627_high/task_0014,70,high,2026-08-07T06:28:38.453,2026-08-07T06:29:35.082,2026-08-07T06:28:38.458,2026-08-07T06:28:44.954,2026-08-07T06:28:44.962,0.0,6.5,0.01,50.12,56.63,25,12,1774,23616.0,8401.0,35.57,1.0,,8.963,7,0.1585
mc_20260807_0627_high_000071,mc_20260807_0627_high/task_0014,71,high,2026-08-07T06:29:35.086,2026-08-07T06:30:05.194,2026-08-07T06:29:35.091,2026-08-07T06:29:42.958,2026-08-07T06:29:42.959,0.0,7.87,0.0,22.23,30.11,22,9,1413,23616.0,6589.0,27.9,1.0,,9.153,7,0.158
mc_20260807_0627_high_000072,mc_20260807_0627_high/task_0014,72,high,2026-08-07T06:30:05.195,2026-08-07T06:30:30.463,2026-08-07T06:30:05.198,2026-08-07T06:30:14.676,2026-08-07T06:30:14.677,0.0,9.48,0.0,15.79,25.27,22,9,1214,23616.0,2889.0,12.23,1.0,,9.188,8,0.1351
mc_20260807_0627_high_000073,mc_20260807_0627_high/task_0014,73,high,2026-08-07T06:30:30.464,2026-08-07T06:30:52.219,2026-08-07T06:30:30.467,2026-08-07T06:30:38.792,2026-08-07T06:30:38.793,0.0,8.33,0.0,13.43,21.75,22,9,1068,23612,1783.5,7.55,1.0,,9.188,7,0.1339
mc_20260807_0627_high_000074,mc_20260807_0627_high/task_0014,74,high,2026-08-07T06:30:52.219,2026-08-07T06:31:22.110,2026-08-07T06:30:52.222,2026-08-07T06:30:59.069,2026-08-07T06:30:59.070,0.0,6.85,0.0,23.04,29.89,19,6,1427,23616.0,5533.5,23.43,1.0,,9.039,8,0.1445
mc_20260807_0627_high_000075,mc_20260807_0627_high/task_0015,75,high,2026-08-07T06:28:38.986,2026-08-07T06:29:26.417,2026-08-07T06:28:38.991,2026-08-07T06:28:44.748,2026-08-07T06:28:44.757,0.0,5.76,0.01,41.66,47.43,23,10,1583,23616.0,7425.5,31.44,1.0,,9.126,7,0.1588
mc_20260807_0627_high_000076,mc_20260807_0627_high/task_0015,76,high,2026-08-07T06:29:26.423,2026-08-07T06:30:01.230,2026-08-07T06:29:26.427,2026-08-07T06:29:34.092,2026-08-07T06:29:34.093,0.0,7.67,0.0,27.14,34.81,25,12,1332,23616.0,5564.5,23.56,1.0,,9.446,7,0.1632
mc_20260807_0627_high_000077,mc_20260807_0627_high/task_0015,77,high,2026-08-07T06:30:01.231,2026-08-07T06:30:29.309,2026-08-07T06:30:01.234,2026-08-07T06:30:08.706,2026-08-07T06:30:08.707,0.0,7.47,0.0,20.6,28.08,23,10,1419,23616.0,6804.0,28.81,1.0,,9.067,8,0.1467
mc_20260807_0627_high_000078,mc_20260807_0627_high/task_0015,78,high,2026-08-07T06:30:29.310,2026-08-07T06:30:58.009,2026-08-07T06:30:29.314,2026-08-07T06:30:35.427,2026-08-07T06:30:35.428,0.0,6.11,0.0,22.58,28.7,22,9,1555,23616.0,7696.0,32.59,1.0,,9.281,7,0.1557
mc_20260807_0627_high_000079,mc_20260807_0627_high/task_0015,79,high,2026-08-07T06:30:58.010,2026-08-07T06:31:14.954,2026-08-07T06:30:58.014,2026-08-07T06:31:06.278,2026-08-07T06:31:06.279,0.0,8.26,0.0,8.68,16.94,21,8,1075,23616.0,3311.8,14.02,1.0,,8.926,7,0.1561
mc_20260807_0627_high_000080,mc_20260807_0627_high/task_0016,80,high,2026-08-07T06:29:12.406,2026-08-07T06:29:41.437,2026-08-07T06:29:12.411,2026-08-07T06:29:20.199,2026-08-07T06:29:20.208,0.01,7.79,0.01,21.23,29.03,22,9,1465,23616.0,6398.0,27.09,1.0,,9.141,7,0.1567
mc_20260807_0627_high_000081,mc_20260807_0627_high/task_0016,81,high,2026-08-07T06:29:41.443,2026-08-07T06:29:58.623,2026-08-07T06:29:41.446,2026-08-07T06:29:48.559,2026-08-07T06:29:48.559,0.0,7.11,0.0,10.06,17.18,22,9,1073,23616.0,2737.0,11.59,1.0,,9.49,7,0.18
mc_20260807_0627_high_000082,mc_20260807_0627_high/task_0016,82,high,2026-08-07T06:29:58.624,2026-08-07T06:30:24.059,2026-08-07T06:29:58.627,2026-08-07T06:30:05.455,2026-08-07T06:30:05.455,0.0,6.83,0.0,18.6,25.43,29,16,1450,23616.0,5932.2,25.12,1.0,,9.222,8,0.1482
mc_20260807_0627_high_000083,mc_20260807_0627_high/task_0016,83,high,2026-08-07T06:30:24.060,2026-08-07T06:30:46.770,2026-08-07T06:30:24.062,2026-08-07T06:30:31.158,2026-08-07T06:30:31.158,0.0,7.1,0.0,15.61,22.71,21,8,1325,23616.0,4524.0,19.16,1.0,,8.798,7,0.1417
mc_20260807_0627_high_000084,mc_20260807_0627_high/task_0016,84,high,2026-08-07T06:30:46.770,2026-08-07T06:31:03.721,2026-08-07T06:30:46.773,2026-08-07T06:30:54.409,2026-08-07T06:30:54.409,0.0,7.64,0.0,9.31,16.95,20,7,1018,23616.0,3203.0,13.56,1.0,,9.032,7,0.1413
mc_20260807_0627_high_000085,mc_20260807_0627_high/task_0017,85,high,2026-08-07T06:29:20.079,2026-08-07T06:29:46.774,2026-08-07T06:29:20.084,2026-08-07T06:29:26.455,2026-08-07T06:29:26.463,0.01,6.37,0.01,20.31,26.7,23,10,1425,23616.0,7134.5,30.21,1.0,,9.109,7,0.1638
mc_20260807_0627_high_000086,mc_20260807_0627_high/task_0017,86,high,2026-08-07T06:29:46.777,2026-08-07T06:30:11.065,2026-08-07T06:29:46.780,2026-08-07T06:29:53.927,2026-08-07T06:29:53.927,0.0,7.15,0.0,17.14,24.29,27,14,1371,23616.0,5880.0,24.9,1.0,,8.809,7,0.1458
mc_20260807_0627_high_000087,mc_20260807_0627_high/task_0017,87,high,2026-08-07T06:30:11.066,2026-08-07T06:30:29.844,2026-08-07T06:30:11.069,2026-08-07T06:30:18.509,2026-08-07T06:30:18.509,0.0,7.44,0.0,11.33,18.78,21,8,1123,23616.0,2928.0,12.4,1.0,,8.928,7,0.1605
mc_20260807_0627_high_000088,mc_20260807_0627_high/task_0017,88,high,2026-08-07T06:30:29.845,2026-08-07T06:30:51.074,2026-08-07T06:30:29.847,2026-08-07T06:30:37.360,2026-08-07T06:30:37.360,0.0,7.51,0.0,13.71,21.23,24,11,1257,23616.0,4835.2,20.47,1.0,,8.987,7,0.1643
mc_20260807_0627_high_000089,mc_20260807_0627_high/task_0017,89,high,2026-08-07T06:30:51.075,2026-08-07T06:31:16.684,2026-08-07T06:30:51.077,2026-08-07T06:30:57.418,2026-08-07T06:30:57.419,0.0,6.34,0.0,19.27,25.61,27,14,1492,23616.0,8191.0,34.68,1.0,,8.956,7,0.1653
mc_20260807_0627_high_000090,mc_20260807_0627_high/task_0018,90,high,2026-08-07T06:29:22.353,2026-08-07T06:29:44.775,2026-08-07T06:29:22.358,2026-08-07T06:29:29.214,2026-08-07T06:29:29.222,0.0,6.86,0.01,15.55,22.42,22,9,1228,23616.0,4764.5,20.17,1.0,,9.221,7,0.1753
mc_20260807_0627_high_000091,mc_20260807_0627_high/task_0018,91,high,2026-08-07T06:29:44.777,2026-08-07T06:30:12.391,2026-08-07T06:29:44.780,2026-08-07T06:29:52.033,2026-08-07T06:29:52.034,0.0,7.25,0.0,20.36,27.61,26,13,1489,23616.0,6079.0,25.74,1.0,,9.314,7,0.1597
mc_20260807_0627_high_000092,mc_20260807_0627_high/task_0018,92,high,2026-08-07T06:30:12.391,2026-08-07T06:30:38.372,2026-08-07T06:30:12.394,2026-08-07T06:30:18.418,2026-08-07T06:30:18.419,0.0,6.02,0.0,19.95,25.98,26,13,1489,23616.0,7353.5,31.14,1.0,,8.835,7,0.1345
mc_20260807_0627_high_000093,mc_20260807_0627_high/task_0018,93,high,2026-08-07T06:30:38.372,2026-08-07T06:31:06.424,2026-08-07T06:30:38.375,2026-08-07T06:30:45.749,2026-08-07T06:30:45.749,0.0,7.37,0.0,20.67,28.05,22,9,1537,23616.0,6019.5,25.49,1.0,,8.827,8,0.1619
mc_20260807_0627_high_000094,mc_20260807_0627_high/task_0018,94,high,2026-08-07T06:31:06.424,2026-08-07T06:31:32.742,2026-08-07T06:31:06.427,2026-08-07T06:31:12.579,2026-08-07T06:31:12.580,0.0,6.15,0.0,20.16,26.32,20,7,1542,23616.0,6695.0,28.35,1.0,,9.358,7,0.1689
mc_20260807_0627_high_000095,mc_20260807_0627_high/task_0019,95,high,2026-08-07T06:29:22.684,2026-08-07T06:29:53.057,2026-08-07T06:29:22.689,2026-08-07T06:29:29.603,2026-08-07T06:29:29.611,0.01,6.91,0.01,23.45,30.37,24,11,1550,23616.0,6967.0,29.5,1.0,,8.983,7,0.153
mc_20260807_0627_high_000096,mc_20260807_0627_high/task_0019,96,high,2026-08-07T06:29:53.060,2026-08-07T06:30:17.370,2026-08-07T06:29:53.063,2026-08-07T06:29:59.749,2026-08-07T06:29:59.750,0.0,6.69,0.0,17.62,24.31,23,10,1405,23616.0,6236.2,26.41,1.0,,9.471,7,0.1449
mc_20260807_0627_high_000097,mc_20260807_0627_high/task_0019,97,high,2026-08-07T06:30:17.370,2026-08-07T06:30:45.463,2026-08-07T06:30:17.373,2026-08-07T06:30:24.404,2026-08-07T06:30:24.405,0.0,7.03,0.0,21.06,28.09,22,9,1539,23616.0,4820.0,20.41,1.0,,9.211,9,0.1336
mc_20260807_0627_high_000098,mc_20260807_0627_high/task_0019,98,high,2026-08-07T06:30:45.463,2026-08-07T06:31:04.614,2026-08-07T06:30:45.466,2026-08-07T06:30:52.177,2026-08-07T06:30:52.178,0.0,6.71,0.0,12.44,19.15,22,9,1193,23616.0,5305.0,22.46,1.0,,8.692,7,0.1581
mc_20260807_0627_high_000099,mc_20260807_0627_high/task_0019,99,high,2026-08-07T06:31:04.614,2026-08-07T06:31:23.328,2026-08-07T06:31:04.617,2026-08-07T06:31:11.733,2026-08-07T06:31:11.733,0.0,7.12,0.0,11.59,18.71,24,11,1162,23616.0,4338.5,18.37,1.0,,8.789,8,0.1409
