trial_id,run_id,seed,wake_model,segment_idx,start_year,end_year,duration_years,n_active_new_farms,isolated_aep_gwh,real_neighbors_aep_gwh,full_cluster_aep_gwh,full_cluster_loss_pct
shakedown001_000002,shakedown001/task_0001,2,Nygaard_TurboGaussian,0,0.0,0.037,0.037,0,8375.162866325001,7477.5869976571375,7477.5869976571375,10.717
shakedown001_000002,shakedown001/task_0001,2,Nygaard_TurboGaussian,1,0.037,2.55,2.512,1,8375.162866325001,7477.5869976571375,7471.973700227987,10.784
shakedown001_000002,shakedown001/task_0001,2,Nygaard_TurboGaussian,2,2.55,3.103,0.553,2,8375.162866325001,7477.5869976571375,7469.784442431079,10.81
shakedown001_000002,shakedown001/task_0001,2,Nygaard_TurboGaussian,3,3.103,4.695,1.592,3,8375.162866325001,7477.5869976571375,7468.48302959962,10.826
shakedown001_000002,shakedown001/task_0001,2,Nygaard_TurboGaussian,4,4.695,5.691,0.996,4,8375.162866325001,7477.5869976571375,7455.393723647946,10.982
shakedown001_000002,shakedown001/task_0001,2,Nygaard_TurboGaussian,5,5.691,7.074,1.383,5,8375.162866325001,7477.5869976571375,7400.015212354825,11.643
shakedown001_000002,shakedown001/task_0001,2,Nygaard_TurboGaussian,6,7.074,7.621,0.547,6,8375.162866325001,7477.5869976571375,7383.912442990701,11.836
shakedown001_000002,shakedown001/task_0001,2,Nygaard_TurboGaussian,7,7.621,12.335,4.714,7,8375.162866325001,7477.5869976571375,7381.378297383335,11.866
shakedown001_000002,shakedown001/task_0001,2,Nygaard_TurboGaussian,8,12.335,13.519,1.184,8,8375.162866325001,7477.5869976571375,7379.459321945463,11.889
shakedown001_000002,shakedown001/task_0001,2,Nygaard_TurboGaussian,9,13.519,13.92,0.401,9,8375.162866325001,7477.5869976571375,7377.594904630463,11.911
shakedown001_000002,shakedown001/task_0001,2,Nygaard_TurboGaussian,10,13.92,16.061,2.141,10,8375.162866325001,7477.5869976571375,7377.5880914169065,11.911
shakedown001_000002,shakedown001/task_0001,2,Nygaard_TurboGaussian,11,16.061,17.141,1.08,11,8375.162866325001,7477.5869976571375,7377.588091415288,11.911
shakedown001_000002,shakedown001/task_0001,2,Nygaard_TurboGaussian,12,17.141,17.313,0.173,12,8375.162866325001,7477.5869976571375,7374.8373015519755,11.944
shakedown001_000002,shakedown001/task_0001,2,Nygaard_TurboGaussian,13,17.313,19.377,2.064,13,8375.162866325001,7477.5869976571375,7327.216856250873,12.513
shakedown001_000002,shakedown001/task_0001,2,Nygaard_TurboGaussian,14,19.377,22.414,3.037,14,8375.162866325001,7477.5869976571375,7318.438676099218,12.617
shakedown001_000002,shakedown001/task_0001,2,Nygaard_TurboGaussian,15,22.414,25.0,2.586,15,8375.162866325001,7477.5869976571375,7312.4484617952385,12.689
shakedown001_000002,shakedown001/task_0001,2,SuperGaussian,0,0.0,0.037,0.037,0,8476.851940659766,7683.558113887584,7683.558113887584,9.358
shakedown001_000002,shakedown001/task_0001,2,SuperGaussian,1,0.037,2.55,2.512,1,8476.851940659766,7683.558113887584,7676.048637629464,9.447
shakedown001_000002,shakedown001/task_0001,2,SuperGaussian,2,2.55,3.103,0.553,2,8476.851940659766,7683.558113887584,7675.2442840196545,9.456
shakedown001_000002,shakedown001/task_0001,2,SuperGaussian,3,3.103,4.695,1.592,3,8476.851940659766,7683.558113887584,7673.460854165602,9.477
shakedown001_000002,shakedown001/task_0001,2,SuperGaussian,4,4.695,5.691,0.996,4,8476.851940659766,7683.558113887584,7670.338349438435,9.514
shakedown001_000002,shakedown001/task_0001,2,SuperGaussian,5,5.691,7.074,1.383,5,8476.851940659766,7683.558113887584,7618.294334819299,10.128
shakedown001_000002,shakedown001/task_0001,2,SuperGaussian,6,7.074,7.621,0.547,6,8476.851940659766,7683.558113887584,7604.651039366238,10.289
shakedown001_000002,shakedown001/task_0001,2,SuperGaussian,7,7.621,12.335,4.714,7,8476.851940659766,7683.558113887584,7602.488421943332,10.315
shakedown001_000002,shakedown001/task_0001,2,SuperGaussian,8,12.335,13.519,1.184,8,8476.851940659766,7683.558113887584,7599.873272672639,10.346
shakedown001_000002,shakedown001/task_0001,2,SuperGaussian,9,13.519,13.92,0.401,9,8476.851940659766,7683.558113887584,7598.463319807555,10.362
shakedown001_000002,shakedown001/task_0001,2,SuperGaussian,10,13.92,16.061,2.141,10,8476.851940659766,7683.558113887584,7597.172636949669,10.377
shakedown001_000002,shakedown001/task_0001,2,SuperGaussian,11,16.061,17.141,1.08,11,8476.851940659766,7683.558113887584,7597.155478144468,10.378
shakedown001_000002,shakedown001/task_0001,2,SuperGaussian,12,17.141,17.313,0.173,12,8476.851940659766,7683.558113887584,7591.144441836706,10.449
shakedown001_000002,shakedown001/task_0001,2,SuperGaussian,13,17.313,19.377,2.064,13,8476.851940659766,7683.558113887584,7548.828767592283,10.948
shakedown001_000002,shakedown001/task_0001,2,SuperGaussian,14,19.377,22.414,3.037,14,8476.851940659766,7683.558113887584,7538.620443080645,11.068
shakedown001_000002,shakedown001/task_0001,2,SuperGaussian,15,22.414,25.0,2.586,15,8476.851940659766,7683.558113887584,7528.768617634699,11.184
shakedown001_000002,shakedown001/task_0001,2,Bastankhah_PorteAgel_2014,0,0.0,0.037,0.037,0,8841.373106019997,8319.601917652955,8319.601917652955,5.901
shakedown001_000002,shakedown001/task_0001,2,Bastankhah_PorteAgel_2014,1,0.037,2.55,2.512,1,8841.373106019997,8319.601917652955,8316.380031233315,5.938
shakedown001_000002,shakedown001/task_0001,2,Bastankhah_PorteAgel_2014,2,2.55,3.103,0.553,2,8841.373106019997,8319.601917652955,8312.737585106886,5.979
shakedown001_000002,shakedown001/task_0001,2,Bastankhah_PorteAgel_2014,3,3.103,4.695,1.592,3,8841.373106019997,8319.601917652955,8311.154024149837,5.997
shakedown001_000002,shakedown001/task_0001,2,Bastankhah_PorteAgel_2014,4,4.695,5.691,0.996,4,8841.373106019997,8319.601917652955,8306.363782817287,6.051
shakedown001_000002,shakedown001/task_0001,2,Bastankhah_PorteAgel_2014,5,5.691,7.074,1.383,5,8841.373106019997,8319.601917652955,8283.671416713627,6.308
shakedown001_000002,shakedown001/task_0001,2,Bastankhah_PorteAgel_2014,6,7.074,7.621,0.547,6,8841.373106019997,8319.601917652955,8275.723144929927,6.398
shakedown001_000002,shakedown001/task_0001,2,Bastankhah_PorteAgel_2014,7,7.621,12.335,4.714,7,8841.373106019997,8319.601917652955,8274.480899773289,6.412
shakedown001_000002,shakedown001/task_0001,2,Bastankhah_PorteAgel_2014,8,12.335,13.519,1.184,8,8841.373106019997,8319.601917652955,8272.969552190036,6.429
shakedown001_000002,shakedown001/task_0001,2,Bastankhah_PorteAgel_2014,9,13.519,13.92,0.401,9,8841.373106019997,8319.601917652955,8272.10595313867,6.439
shakedown001_000002,shakedown001/task_0001,2,Bastankhah_PorteAgel_2014,10,13.92,16.061,2.141,10,8841.373106019997,8319.601917652955,8271.307929874254,6.448
shakedown001_000002,shakedown001/task_0001,2,Bastankhah_PorteAgel_2014,11,16.061,17.141,1.08,11,8841.373106019997,8319.601917652955,8271.232349062366,6.449
shakedown001_000002,shakedown001/task_0001,2,Bastankhah_PorteAgel_2014,12,17.141,17.313,0.173,12,8841.373106019997,8319.601917652955,8268.648072951231,6.478
shakedown001_000002,shakedown001/task_0001,2,Bastankhah_PorteAgel_2014,13,17.313,19.377,2.064,13,8841.373106019997,8319.601917652955,8240.29878685858,6.798
shakedown001_000002,shakedown001/task_0001,2,Bastankhah_PorteAgel_2014,14,19.377,22.414,3.037,14,8841.373106019997,8319.601917652955,8233.803110547713,6.872
shakedown001_000002,shakedown001/task_0001,2,Bastankhah_PorteAgel_2014,15,22.414,25.0,2.586,15,8841.373106019997,8319.601917652955,8225.971726093507,6.96
shakedown001_000003,shakedown001/task_0001,3,Nygaard_TurboGaussian,0,0.0,0.145,0.145,0,7353.871052357596,6408.952575112187,6408.952575112187,12.849
shakedown001_000003,shakedown001/task_0001,3,Nygaard_TurboGaussian,1,0.145,0.234,0.09,1,7353.871052357596,6408.952575112187,6406.863203609728,12.878
shakedown001_000003,shakedown001/task_0001,3,Nygaard_TurboGaussian,2,0.234,5.641,5.407,2,7353.871052357596,6408.952575112187,6403.047435551716,12.93
shakedown001_000003,shakedown001/task_0001,3,Nygaard_TurboGaussian,3,5.641,7.662,2.021,3,7353.871052357596,6408.952575112187,6401.24418008185,12.954
shakedown001_000003,shakedown001/task_0001,3,Nygaard_TurboGaussian,4,7.662,8.341,0.679,4,7353.871052357596,6408.952575112187,6369.808354947701,13.382
shakedown001_000003,shakedown001/task_0001,3,Nygaard_TurboGaussian,5,8.341,10.535,2.194,5,7353.871052357596,6408.952575112187,6359.620518948762,13.52
shakedown001_000003,shakedown001/task_0001,3,Nygaard_TurboGaussian,6,10.535,11.493,0.958,6,7353.871052357596,6408.952575112187,6358.413754940049,13.537
shakedown001_000003,shakedown001/task_0001,3,Nygaard_TurboGaussian,7,11.493,12.378,0.885,7,7353.871052357596,6408.952575112187,6355.571903196962,13.575
shakedown001_000003,shakedown001/task_0001,3,Nygaard_TurboGaussian,8,12.378,17.457,5.08,8,7353.871052357596,6408.952575112187,6354.621372153533,13.588
shakedown001_000003,shakedown001/task_0001,3,Nygaard_TurboGaussian,9,17.457,17.716,0.259,9,7353.871052357596,6408.952575112187,6352.077840555947,13.623
shakedown001_000003,shakedown001/task_0001,3,Nygaard_TurboGaussian,10,17.716,19.383,1.667,10,7353.871052357596,6408.952575112187,6350.260343682703,13.647
shakedown001_000003,shakedown001/task_0001,3,Nygaard_TurboGaussian,11,19.383,24.552,5.169,11,7353.871052357596,6408.952575112187,6349.803898571717,13.654
shakedown001_000003,shakedown001/task_0001,3,Nygaard_TurboGaussian,12,24.552,24.645,0.093,12,7353.871052357596,6408.952575112187,6340.859260943647,13.775
shakedown001_000003,shakedown001/task_0001,3,Nygaard_TurboGaussian,13,24.645,25.0,0.355,13,7353.871052357596,6408.952575112187,6340.859260943647,13.775
shakedown001_000003,shakedown001/task_0001,3,SuperGaussian,0,0.0,0.145,0.145,0,7588.622489675055,6760.837782071743,6760.837782071743,10.908
shakedown001_000003,shakedown001/task_0001,3,SuperGaussian,1,0.145,0.234,0.09,1,7588.622489675055,6760.837782071743,6761.3757588964645,10.901
shakedown001_000003,shakedown001/task_0001,3,SuperGaussian,2,0.234,5.641,5.407,2,7588.622489675055,6760.837782071743,6758.4842787633825,10.939
shakedown001_000003,shakedown001/task_0001,3,SuperGaussian,3,5.641,7.662,2.021,3,7588.622489675055,6760.837782071743,6757.621459605718,10.951
shakedown001_000003,shakedown001/task_0001,3,SuperGaussian,4,7.662,8.341,0.679,4,7588.622489675055,6760.837782071743,6734.180740576067,11.26
shakedown001_000003,shakedown001/task_0001,3,SuperGaussian,5,8.341,10.535,2.194,5,7588.622489675055,6760.837782071743,6723.687403461428,11.398
shakedown001_000003,shakedown001/task_0001,3,SuperGaussian,6,10.535,11.493,0.958,6,7588.622489675055,6760.837782071743,6721.455803996325,11.427
shakedown001_000003,shakedown001/task_0001,3,SuperGaussian,7,11.493,12.378,0.885,7,7588.622489675055,6760.837782071743,6717.036719306106,11.485
shakedown001_000003,shakedown001/task_0001,3,SuperGaussian,8,12.378,17.457,5.08,8,7588.622489675055,6760.837782071743,6715.63224200808,11.504
shakedown001_000003,shakedown001/task_0001,3,SuperGaussian,9,17.457,17.716,0.259,9,7588.622489675055,6760.837782071743,6713.659620861616,11.53
shakedown001_000003,shakedown001/task_0001,3,SuperGaussian,10,17.716,19.383,1.667,10,7588.622489675055,6760.837782071743,6713.600374775142,11.531
shakedown001_000003,shakedown001/task_0001,3,SuperGaussian,11,19.383,24.552,5.169,11,7588.622489675055,6760.837782071743,6711.364584598765,11.56
shakedown001_000003,shakedown001/task_0001,3,SuperGaussian,12,24.552,24.645,0.093,12,7588.622489675055,6760.837782071743,6708.5040674759775,11.598
shakedown001_000003,shakedown001/task_0001,3,SuperGaussian,13,24.645,25.0,0.355,13,7588.622489675055,6760.837782071743,6708.5040674759775,11.598
shakedown001_000003,shakedown001/task_0001,3,Bastankhah_PorteAgel_2014,0,0.0,0.145,0.145,0,8014.15479967339,7459.252418840239,7459.252418840239,6.924
shakedown001_000003,shakedown001/task_0001,3,Bastankhah_PorteAgel_2014,1,0.145,0.234,0.09,1,8014.15479967339,7459.252418840239,7458.387805990721,6.935
shakedown001_000003,shakedown001/task_0001,3,Bastankhah_PorteAgel_2014,2,0.234,5.641,5.407,2,8014.15479967339,7459.252418840239,7457.049034318642,6.952
shakedown001_000003,shakedown001/task_0001,3,Bastankhah_PorteAgel_2014,3,5.641,7.662,2.021,3,8014.15479967339,7459.252418840239,7456.587420623317,6.957
shakedown001_000003,shakedown001/task_0001,3,Bastankhah_PorteAgel_2014,4,7.662,8.341,0.679,4,8014.15479967339,7459.252418840239,7440.650096377243,7.156
shakedown001_000003,shakedown001/task_0001,3,Bastankhah_PorteAgel_2014,5,8.341,10.535,2.194,5,8014.15479967339,7459.252418840239,7434.099178246002,7.238
shakedown001_000003,shakedown001/task_0001,3,Bastankhah_PorteAgel_2014,6,10.535,11.493,0.958,6,8014.15479967339,7459.252418840239,7432.985351140038,7.252
shakedown001_000003,shakedown001/task_0001,3,Bastankhah_PorteAgel_2014,7,11.493,12.378,0.885,7,8014.15479967339,7459.252418840239,7430.047628786004,7.288
shakedown001_000003,shakedown001/task_0001,3,Bastankhah_PorteAgel_2014,8,12.378,17.457,5.08,8,8014.15479967339,7459.252418840239,7429.3395686522435,7.297
shakedown001_000003,shakedown001/task_0001,3,Bastankhah_PorteAgel_2014,9,17.457,17.716,0.259,9,8014.15479967339,7459.252418840239,7428.517532446223,7.308
shakedown001_000003,shakedown001/task_0001,3,Bastankhah_PorteAgel_2014,10,17.716,19.383,1.667,10,8014.15479967339,7459.252418840239,7427.520789211285,7.32
shakedown001_000003,shakedown001/task_0001,3,Bastankhah_PorteAgel_2014,11,19.383,24.552,5.169,11,8014.15479967339,7459.252418840239,7426.082435177919,7.338
shakedown001_000003,shakedown001/task_0001,3,Bastankhah_PorteAgel_2014,12,24.552,24.645,0.093,12,8014.15479967339,7459.252418840239,7421.496578737633,7.395
shakedown001_000003,shakedown001/task_0001,3,Bastankhah_PorteAgel_2014,13,24.645,25.0,0.355,13,8014.15479967339,7459.252418840239,7421.495071159068,7.395
