Height_m,Period_s,Direction_deg,PeakPower_kW
1.56215591508144,6.4866096890455,44.59256375759,1.11361434460401
2.62603982833495,7.02213104097889,54.8268304274798,2.28188592241752
1.47615808476709,6.51118712897494,0.43276172012211,2.2687003981143
3.29846819068655,8.7865554181775,52.8955887910412,6.07242263820118
3.28659191275875,6.79871947032019,69.9716180262699,1.13528913073799
3.83930416187427,5.6244978580654,59.1464865411474,2.44085841116372
2.0551835786632,8.08591279736135,47.5483224215432,2.51197200309977
2.0990898442857,6.77759726856617,74.3195845297946,0.281351522549817
2.5993599840167,6.81469093309155,86.6190392439652,0.020457679313759
3.44917641014717,5.34244143187473,28.2362811040672,6.58993777251481
0.609201585331207,9.33580935889181,71.7376551727269,0.0581577744101064
1.15544549565672,7.28948099008623,25.6658218216031,1.26249433802045
3.802580397732,5.3880769260816,1.34053879775005,11.6515060182394
3.81772748565192,9.52460597941019,8.47347789519351,42.5415518250558
2.08544536921101,6.408479403972,29.5850718791494,3.13259118428421
3.3379139290504,8.06938921283657,27.50096898983,12.4272157604245
3.75107720248533,8.30928971046607,1.62199197495798,22.9126764313132
2.85451048345985,6.00012297948398,14.598666786018,6.938205942777
1.80316297873939,9.79993113786224,39.9590517062991,3.75770726659607
1.91993491843472,8.32552992175177,69.0093026583406,0.621218648952429
2.03588372627205,7.70649919694007,61.313034163635,1.09765774282727
2.87527220246102,9.34484435832498,64.3083055216475,2.57195362573956
2.12774615060257,7.78523733529457,41.3802790208159,3.17336821923689
3.83642458844187,5.10699058482494,82.7341566640997,0.100766730067522
1.74144293747612,7.41340275945839,89.004907769751,0.000934233348855318
1.6865730164796,9.0399278957076,83.934100387825,0.04715258118776
3.63551016351093,8.68004683077559,41.5371012638716,11.7610056223332
2.40901990390458,7.8615219763635,81.4429952598341,0.147961221644275
3.12249301066014,5.04492426683943,34.7806488316686,4.00307694487998
0.937070196982537,8.59140231830589,54.271489705244,0.422998772134169
2.08632186342526,7.24713295863098,50.428710783932,1.8988950269925
0.761623034595182,8.29808384380902,76.1255780049439,0.0426013062987321
2.82169214757668,8.76604172975283,25.6324459286653,10.6416004543313
2.96278074674824,9.02369506906384,59.6986647912782,3.5034112013536
3.71632698907889,5.14577791089977,54.2032358874179,2.49244595911902
2.81025167940334,8.8990863373872,59.0816652041512,3.18019263279082
2.91536721748572,7.83675249292043,27.8940677946771,8.79934009522364
3.4880326343405,5.38058313425786,29.8479426334022,6.57229831263913
2.13765602939505,6.25810912154582,16.9377595965126,4.01272300365435
2.1046753867175,5.6672726430948,9.0615066482555,3.67699564217472
3.32136465607209,7.82236960891348,25.7907558635543,11.9587001913375
3.38668532680947,7.70490641409772,31.9343599499381,10.5950065085098
1.16652636115764,5.34460723830852,48.2185528268354,0.365440261167913
0.589856229113956,9.94215433678641,89.1749680237117,0.000131747397521668
0.698852361734334,6.25547720214174,2.53602746238408,0.476591624195456
1.00027453102522,6.57736495763976,63.8578814056316,0.1647283282227
1.09996558144057,6.50328474401398,81.464131583486,0.0211098243249964
2.69045673465727,5.21019519082687,77.9246443001883,0.146435210314083
0.603303227033665,7.63950650354219,10.7252390677591,0.450328666847813
2.15316292837074,6.2801116688416,85.9747681053205,0.0167840872089463
2.87454969628529,7.04354996221772,39.6810711848012,5.24976604945265
0.901761392078405,9.73756321394301,78.8184195730713,0.0537956681501216
1.3262237339871,9.59640484992317,77.8456478657554,0.132769336225647
1.51178210752932,5.60621838687788,31.9635517705313,1.23990060774391
1.10464703004355,7.95972417357927,56.8031802716968,0.446329190851864
1.6329714295074,6.79826086582036,77.8094325019114,0.103785089496969
3.30388534647127,8.59653466237737,1.88925610590359,18.5914563595331
1.5487179472593,7.61775545750385,6.91382294846826,3.03873363778127
3.2146900310176,6.30421675991041,33.9042984564948,6.50008450790398
2.43469790699044,7.46539653020723,13.427429719124,7.04452374624549
2.44142102569513,9.27917950351699,3.06872061364665,11.1345301611568
3.05726550324697,8.62203141844412,70.4024736752726,1.48376801489177
3.20768687871417,5.9955515090933,29.4520568616781,6.72332623411765
3.65296486619413,5.78642937206821,73.5728696728966,0.666047953526918
0.983585047243663,6.85237759889658,15.6257145202601,0.975187642993864
3.27926885734933,9.31136002477372,60.850595936858,4.28439133404083
1.16294680977722,8.42381314055068,78.804043272802,0.0670416140001969
0.601410338804011,8.17098939644852,68.1439925133116,0.0628628330012149
0.94585517366862,5.70661645593472,20.6663143127242,0.645396454011171
0.968074902025558,5.39651122533262,32.3049257356603,0.469871824692549
0.949088358962318,9.38072673764538,32.6847684673349,1.10348701618891
3.77340927559645,7.10214350620075,24.0698800154192,13.7585980203813
1.45630519304516,7.43831803605186,30.3572486052262,1.88521100703644
3.79937739595997,7.30162747169591,7.82645840113555,17.810481654591
2.73352675515083,7.57838624803752,40.6403686804154,5.17191435592229
3.55385787308447,6.35997195096882,40.9197624966133,6.47551331147122
1.78475633369616,6.15789919025652,2.61319587511897,3.04389679920021
1.32670666747342,9.49767038436019,57.3391685391137,0.876473931698441
1.15561383339633,9.54348663322206,5.3512908277084,2.48229559428183
2.40977242724471,8.01821426117122,15.2276502634391,7.56984103409438
1.39290759267634,6.82618241541473,61.6211768166533,0.403654023151006
1.57038262732787,7.99295250342283,49.9110581310241,1.29271753140462
0.554420164868414,8.34243573132388,0.543225029100144,0.455513296103975
2.5562083284016,9.47282045459137,25.927663736372,10.2367233757363
3.86895408816809,5.43667761953503,33.8950408283417,7.29243391577826
3.47446685966778,7.69505174656712,13.1843730029092,15.3783612002631
0.527791039796761,7.14224968003648,6.70802539239751,0.321627137926727
2.71908938699377,8.08576747229518,41.4668588604432,5.58739736914739
1.75751897310574,7.79437938478419,33.3354941448896,2.73496096105375
0.899208653475963,6.12925344099869,74.2101766570019,0.0422750198425701
2.39286274236016,5.52259764975317,48.3782090456724,1.6406950505257
1.95747484135405,5.04988828024845,73.5764474652765,0.131547979180235
2.30984474093112,5.29576652037667,41.4342743933778,1.89280358829524
3.60143006730293,6.61326185253859,1.26304329439902,13.9829721004112
1.02288567896024,8.89738253424111,0.448488462892471,1.71271222779558
2.0213678293156,6.67739293153677,14.9604105490125,4.01759741659597
0.706635828848841,8.09784306251485,32.9344955007619,0.472066202264041
1.833605199309,9.96442858732062,64.6389428804742,1.17979725950251
3.0282931393246,8.24002847476201,14.3481273099994,13.0237922408863
0.832917301289946,7.69887910159234,25.0894323648181,0.715532782785418
2.83516639104462,6.1612737652539,58.0444602917862,1.72752179213115
1.53740194030381,8.69916113531854,25.8483734253723,2.97167840181873
2.59496967413973,9.44496172576425,28.9737803415351,9.87163485828371
1.03148196430726,9.29903812956303,13.9875115479607,1.75009714345303
2.02731987338532,7.98530394305175,34.8896826617082,3.64240287604079
0.544388051837793,8.27376071740096,80.6159820617961,0.00998835405565267
1.30158031377546,9.57506996878363,79.8990181138566,0.0884131055844527
1.42287878741792,7.16591540319578,35.4251994963487,1.48611627760237
2.28984831221029,6.4488037792112,60.7911967934091,1.03643893807056
1.25279710839149,8.15941150272963,22.699277513534,1.87249217236169
1.71138426813615,6.47710919742977,85.4988937636567,0.0140969518216897
3.11735981894835,8.1101439518367,56.221395596995,3.8917228015671
1.94766808614848,5.23767097095727,18.6253147316586,2.49631771045913
0.695133965422614,9.97304947624546,9.86896449917085,0.960778591457438
1.86509849476021,6.03382074565223,50.9264649345917,1.05982493590603
2.16069379180748,8.03681978053542,24.6900056587216,5.2937244909486
3.38862250767011,6.73815162846421,6.40487340762152,12.4365361890519
1.56275249897989,8.58868533960663,14.2604370180419,3.56073537091582
3.37626548761665,5.1399664758566,4.45682665759531,8.46084432387568
2.47987917152151,5.33420880588924,61.2795373191111,0.771586967966647
0.690335659032223,9.63532070435447,70.3580231161425,0.0931095917195418
1.41004963268623,5.43885880318816,72.6628676628798,0.0941072770338924
2.56186242920793,6.66199280957718,23.8548233873891,5.65079930227073
2.17906765403458,7.63090447710514,80.630945741682,0.136902618388491
1.19527715944569,6.23321062029157,54.718747922174,0.379286779086463
1.33654431786899,7.71449728293473,1.29607547749748,2.34526614285241
3.23067717731031,8.90433925302038,30.962587388407,13.1403321363307
2.66058471705685,7.60941190704641,48.0298261784042,3.72035305172013
1.00445079862664,9.65974966943003,56.4986319346389,0.545729746130854
3.00646207059806,5.73555990161393,40.2063570558575,3.93543337917817
1.90527250027114,7.08382850875928,72.9995079462111,0.297548896885007
2.11834878655732,6.40146433309556,13.0345190399467,4.25374222850022
2.97548702276897,7.99050158570744,87.7346437600257,0.0163206804339923
1.90423691119932,5.18237428350566,75.0384059360725,0.111326031738934
0.550348901991729,5.31843251525681,30.60910447951,0.155538521394446
0.761241545541294,6.6144125258528,55.4615159280415,0.164646135817443
2.56873861231279,5.49189265192437,27.3380551789568,3.89634257044346
2.06100532095988,5.85022313134377,8.02968907289564,3.70583326449501
3.74317210869309,6.85581899383072,46.9373224420759,6.49215166263479
0.832126745253677,5.19880811310619,74.2762379627796,0.0237072037031233
1.81396574276329,8.54620476766784,68.7533960169376,0.593896678250634
2.41099602409376,8.20670680105487,85.2875377111005,0.0490493459815185
0.890874309051691,5.87030430073936,30.0192545879843,0.490139006134139
3.66562132044238,5.31075971316843,35.0764544204163,6.02378026444122
2.71646949510237,7.03329710148888,13.5371591887987,8.03681520003443
3.66894075220362,7.31531462954583,30.0333978592979,12.0798866285829
2.70693528823795,6.01337149718653,49.8310945603791,2.34268732933073
0.549798969053839,9.34774945024571,49.526455039452,0.211679224342481
1.60767225368479,7.98970184553569,14.4378940451651,3.32045163942478
0.89154758417719,5.1150676854572,10.5380522616562,0.563227110876657
2.70312095864604,9.49713218550792,35.8695390614628,9.14548444477345
0.712483067641318,7.26473057835747,74.8244704220017,0.0346189161891369
2.85898222713243,5.29013088248293,16.650108483576,5.61688580601905
2.17103680305271,5.53134688327259,45.0707181761891,1.56843010801318
1.56941030909642,9.99212645753198,11.3683031909428,5.0929649508094
2.3071654379342,9.33163701833585,77.8165607751586,0.379176743738524
2.97459887450164,8.07602898296639,68.9981119465722,1.41131129431669
3.34763844156179,5.13472242241933,50.7918181998832,2.42686906781326
1.60532919003062,6.61261317810231,35.06124347498,1.67432453441011
1.58955763430413,7.31888116971638,44.1123896984632,1.4424968742243
1.70741904886939,5.49508616460655,79.821368624198,0.0484123839857692
2.83206712583075,7.85494072134976,81.4543453419883,0.204082685158588
3.51375070450767,6.62937547096632,44.8550059813567,5.84272555670157
3.166227389894,7.25246168323668,47.6304255218596,4.97569360372469
3.56543151825754,7.88921897558729,81.8730647207947,0.295701388114064
3.54932424083121,5.37422153799918,52.073860229061,2.83925076800087
1.10476641069358,5.28671334687741,69.8206593291099,0.0725400849496804
3.47578393780193,6.50478217502827,59.5255167490594,2.65199369343987
3.85855931702761,7.60860624391137,42.2691515046792,9.92979389879991
3.19572446198391,7.80940117531222,19.7790857860748,12.300240475865
3.56255372723183,6.20777385042964,54.2330764790338,3.4539782892972
0.735947167289138,9.56360081326391,16.5833097103593,0.917766568869022
2.7637727558109,9.12867134849546,17.7758743959901,12.5744775350946
1.63433806649925,7.22272941959453,77.5792931835131,0.121697304929705
2.74121419369605,9.91031281607287,11.3084327057428,17.8000597060138
3.57912860828446,7.89133780731085,58.1022230151151,4.38614571110128
1.80773186433127,6.17211748196965,39.3586389272097,1.66313986877069
3.18358145157837,9.05295221231285,55.1344560748375,5.30076652081009
1.08830330528105,7.25637082255466,66.3734173280782,0.192828709242432
2.31903639257794,6.24984584705138,27.2951502446919,3.92270268210874
2.69609463270022,9.77718765896845,3.8670941953734,16.7982331597967
2.998697900298,5.71325173492897,75.1956777577089,0.3519184503313
1.57238636870571,7.562816923902,33.2377361598771,2.08804838938845
1.42290488299206,9.85962568793469,59.5205375790013,0.978356329473688
3.70601227563646,8.2416031063283,80.6147926210387,0.467518872544037
2.65261992313877,8.07335501708255,24.6689159316249,8.14350446540561
0.826112710059685,7.34825185957979,89.8108629344805,7.44962150821986e-06
2.69694020727428,7.88890348823374,75.0918043249362,0.561383213943486
1.17209808011877,9.55656613584925,71.2209318712481,0.241806080361127
3.21937641522518,6.88110141730354,59.0951437347965,2.59687187641076
3.52575176895977,6.14382386274816,48.9305717339869,4.31680932188746
1.66753564140111,7.11762435611378,34.8013196672387,2.05870729670467
0.973948997649893,6.36798110447396,74.0008878777077,0.0553825112230451
3.17913505415645,7.22282921933333,53.5801062534245,3.77917581350997
1.61514806731523,8.13757523450712,70.3477188625162,0.368644105630504
1.38332828863929,7.67320626768288,88.8907100619337,0.000778586318540862
1.20026114007317,6.92721079987152,70.9428420398105,0.140954323881946
0.741534483251899,9.36725049540346,76.7628797989509,0.0459073643195344
2.43168757293054,6.50174367448523,43.705154627023,2.8165016448979
1.91334068110206,7.00014857809819,78.6380465256171,0.131364747726754
3.12540530285725,7.58861757197359,30.0462374868525,9.20132108925278
3.35153290237613,7.91124582263614,56.806986084211,4.14730916133721
3.67027177976467,7.70369668562205,31.9566286690964,12.5038022195692
0.944453857027271,9.34970516179004,89.7302944445983,3.11837006027001e-05
3.69681549648657,6.32389513237815,20.1754349084814,11.8152640229962
2.71325736178893,6.5903703774053,58.7205965671753,1.73553467537382
0.841391417497933,5.59607270527096,54.4491577717433,0.152753269753449
1.47474376603467,9.6991473517246,34.8520888334821,2.7815129866321
2.41408531721744,8.22775937486262,12.7968443361454,8.2204128534549
3.85127392402004,7.39731612474444,2.26214871391828,19.1049414573605
3.87710987319747,8.19658480520054,37.9001028388717,13.4923417688523
1.05164578587142,7.72358055263381,16.569026048476,1.30927340660503
3.89707473616216,8.23655740146564,65.3197740722508,3.48732523959339
3.85008431885031,7.7194296699982,33.3326417863678,13.3532458998163
2.19881477052994,8.60523310289906,75.7404078721385,0.403820807892957
3.3009816411108,7.61247652888551,66.0806722073982,1.99919627837963
0.996602185195254,9.96852312060426,51.3923285541941,0.748287792464961
1.97616448919196,6.09338316199817,15.9169551862772,3.33041630793684
3.70507433816173,5.52899136625114,86.1645620336151,0.0329960252466005
3.27272565345844,5.54848732261597,23.8789832573628,6.96631291599345
3.85822349237516,5.31795685487553,83.2122805715641,0.100512554142522
2.79509244704805,7.02289997928813,20.1393364227337,7.86208615014067
0.624990875009663,7.24186456033248,33.620742687838,0.304269142543668
3.47195257054072,6.82908088419086,7.87503146189271,13.2890356176504
3.76897636715143,8.81752320424407,57.6104893422044,6.25671750014217
2.87557304200221,8.13948189807084,16.2555198977798,11.1405655480558
3.15209045702417,8.85990192777123,4.05459967262168,17.7055437049184
3.10096363843721,9.6642678513941,65.0856131264786,3.10824463339823
1.87279456836959,9.86370427001507,31.2693881023611,5.25257711506467
2.79417261562145,5.96014174713887,59.4555142052613,1.43516855386182
1.09915340734047,5.69437101414578,34.5481740964774,0.619923602246654
2.97116130806863,8.48133168541497,56.461185219912,3.80604419177963
0.611414962320972,5.46910013387433,1.94848331672758,0.303330198823342
1.46923044736311,7.62702201929668,81.9512989670726,0.0457441367807056
0.661599867209039,7.65172109196432,72.050279065093,0.0456784994863506
0.839961234325466,9.30569905696666,67.1262735908449,0.169639282830832
3.38210239914552,7.42426666776051,73.1801532249685,1.00721367170328
2.93190018041536,6.96728180607633,34.4975686762976,6.22582579438272
1.60984818021301,8.35715569837013,55.5551309084804,1.12290710633128
3.82577717093424,8.70628971727103,51.7945373732532,8.61721167844994
0.620561281760181,7.60026233695193,47.7046534288514,0.201686696266291
2.03560525879739,6.73856335638763,24.7562780239742,3.55353211506394
1.83545459982553,5.74998626915842,22.3766063695773,2.37978138913191
3.17930875852151,7.93046033615731,40.6474893406775,7.6167960604049
3.28319965397972,6.31072658863904,20.4941543423893,9.21102458759588
1.15405411594033,5.22227046139119,72.4004625251763,0.0580798957855084
2.21417538525881,8.7746663361559,88.7493817706373,0.00328921893566112
2.05955170248815,6.21392678910481,2.69927552424509,4.11452581321197
2.76209553538943,7.21201156500972,48.2097771600514,3.6526314243871
2.98277690800325,8.43898042560054,7.83694979108031,13.9948912448713
3.14140338693826,6.7961410520093,72.1882296500224,0.820029874842473
1.46608776949502,8.68170037150601,89.0230418730306,0.000859914927284066
2.87895936898786,6.97353737639382,6.02516325579751,9.40925274038875
2.79284301390844,8.41707933483989,84.5458525696081,0.092869502968329
1.06914107318121,8.52023715167133,1.63597802730261,1.75443199435706
0.916491885454318,7.21152706691685,61.545475237172,0.194300917022157
2.2442741819375,5.09788811776659,70.5362832074897,0.250971779662683
3.85910385480628,6.65428940107036,48.0723811094455,6.22998288669933
1.69135004333147,7.12154748416569,79.6823505838028,0.0880465891954568
2.54843712842922,6.35135211716033,80.9104409015526,0.122611839982319
1.28334178821898,5.98526899047728,56.3343863472446,0.367893078998273
3.12943470756978,9.10860592480655,12.4082093171302,17.6543412933197
1.39283290410744,7.14960704691633,19.6021434340912,2.00108386983426
2.270849680828,9.43885477128177,16.392696830139,9.10621912192713
2.9467685292984,6.95591497730582,3.76378775756589,9.90698085942568
3.61816138387529,8.84557193694148,9.62474926951863,23.844299586339
3.85751998821905,6.98395758506808,55.4799136577117,4.73412717293755
2.41525435487331,9.04257047943673,84.569490914496,0.0779258292289359
0.985185549900377,8.77538549503542,31.9010157870596,1.07776314264563
1.0225290194567,6.88697772417551,36.9566181053563,0.684452983439673
1.40127888943308,6.08009457980697,88.5914475286006,0.000804839280514752
3.44251039594282,8.95203608983457,85.1021270131736,0.127363110116522
1.38998762640036,9.74651955924898,60.8980210590185,0.831531360521273
3.34999689124086,6.63782717037603,88.9472036081958,0.00312198261225213
1.35233739053746,8.3563218522587,69.0148248494935,0.308736909774041
3.7524226811553,7.19322491293478,30.3029337952329,12.2470616562187
1.72494318094683,9.16750297794488,59.6143674359533,1.20744354150528
1.18808337650923,8.84427126214807,21.9748758111251,1.93350426380234
1.37879350291611,5.83626772747361,26.5956525748437,1.25788844605481
2.65615636651324,9.30990239351036,61.2160534107452,2.70586009318993
2.15651097115955,9.94936076815752,47.5062147376918,4.28988653612207
1.73080827472049,7.57211728252852,37.0434162066781,2.28411017240669
3.40790019763702,9.42140511563478,54.2374396232757,7.07296761791369
2.54842431903454,7.94013027654249,67.5468050331362,1.1333564380305
2.42403262901899,5.77376174328022,52.5179856835763,1.50857339441653
3.71017782340434,5.99931411428726,49.6613263442371,4.42500642024593
1.50043656587131,7.03477418569453,52.5213556881943,0.837915508910965
3.15020080188752,8.74352859107846,46.0637927962628,7.40345233149301
3.13805182997473,9.12791907893078,7.43334542988294,18.5742848960814
1.83156046441375,8.94981514972265,64.7613121373541,0.90982960637869
2.48737574253827,6.59262122699496,89.6540500167182,0.000183023482994229
0.765490013470723,7.67032063685363,31.908087446123,0.520296342476124
0.688825415333125,5.44975339385291,87.4132933665065,0.000497096887477833
2.3577914355314,5.55852872096602,31.1803885170324,3.04249602977592
3.22708530535704,5.68146274469149,79.7889475584276,0.19061479558269
3.76903739480214,8.39326152400094,40.9225378492717,12.1481541188868
0.954671729658055,7.4758850954483,37.2084560118734,0.675082158582665
2.49088281305267,5.9485520300879,19.595886152157,4.88294164992743
2.14286724370372,7.4750291249511,11.3089128626364,5.57173947943583
0.541657243254345,5.73804110988344,27.8023134210134,0.183154126009905
1.67992925539609,5.27487073453094,65.3493988498349,0.251597792257986
1.06763807867635,9.25356337144504,70.4584865681211,0.20094887926819
3.27999589239367,7.80279763677442,62.4408853488207,2.72157677519005
1.58925264715682,9.64804433378332,0.882202703675588,5.00974636265852
2.34986597427174,8.48333600277614,75.8892004209459,0.441048628441088
1.07977055324923,7.9139548258792,83.0098798016648,0.0199237527778468
2.60693679490573,9.07698605738711,69.3858798606532,1.29675521911991
1.42039949589051,9.39506952298589,3.83938703415439,3.6631454079987
2.78927684466874,9.94455808039795,34.0367523345197,12.033241100723
2.91225076099003,5.00261187678472,63.3905662035031,0.765526081583686
3.11853057488298,9.32719295506512,65.6561740954182,2.72517044582568
2.07689559475874,8.06283234741999,20.1849363598063,5.33568689208255
0.793374822989264,9.94975102854415,24.2149258596029,1.04780106213129
1.30141939050887,7.63840034669221,60.5728048503707,0.461845067741158
3.69668076525584,7.39761692605109,42.9742977954175,8.45175282883481
1.03332306639228,9.00673802760976,56.1344771400698,0.505285998915361
3.39035942121342,6.13921467853021,21.2800439376819,9.24676443252037
2.3841985234102,7.49047145598195,15.9411379048485,6.59368554636406
3.9864715081941,9.50426244266002,74.6679047127826,1.91039914841003
0.773614350636143,7.87330609565094,69.0229501141738,0.0894147978536846
2.04937394421406,9.22589092527018,84.1030445806443,0.0687707124534497
0.873284695632045,8.69320145997701,9.71000145759272,1.16707229838431
3.86664328299269,7.92993517913238,16.400475504095,19.6393321440633
0.516219784469236,6.23367262992987,8.91857541802126,0.251765313945134
3.21218662649026,8.33208108659734,44.0787421731102,7.61418898900626
3.36056127228702,5.41741406801311,17.3920797421983,7.99441169243768
3.54043146877228,8.12979892585792,80.6302416413311,0.412443954634369
0.795525459288186,8.30472278973671,8.91806847136331,0.906914546664569
1.89923927184614,8.64875927658611,3.9749014586395,5.74092483819959
1.40954640997729,9.45376058162661,50.1565640224286,1.40809646461312
3.30023968078508,9.91151611441803,69.5245560468862,2.5821950793534
2.00994839612241,8.84514542667948,28.0746051746642,5.06563530316291
3.68726658050333,7.90723243937699,16.1084231382902,17.7147986518106
1.13646459905998,9.64156531157094,30.5060110422946,1.79899970920989
1.42331020782697,7.90045182879221,18.9131073339197,2.42829430126562
1.00938643134651,5.08491469168631,45.9137267788725,0.272874703052394
0.976239955480323,5.60429785549279,81.5727890938693,0.0114573267200317
3.54252272674031,9.31355359349835,56.6031544787086,6.5099047189515
2.5289660557795,7.42148255606051,9.1380499931081,7.85871591204128
2.42451070642716,9.22427837288132,35.1769277453719,6.80800719299206
1.00734179378304,6.04702542010467,4.91549537012918,0.937020334013128
3.48560891202663,7.76145670769387,45.1154621882894,7.50015284780171
2.67719296019773,8.14941692532211,38.8549054695822,5.99478401622258
1.72833333312295,5.15995507881283,89.780431456097,1.92192806536534e-05
2.29637338953469,8.0735670955857,73.0442322895791,0.548806905778937
1.9063281181318,6.81205731136526,43.7086502908216,1.87100342770945
0.765883420917947,5.24766289521031,80.5002980010654,0.00744417126633626
1.3397065374378,7.44784994588661,12.3791935290358,2.11968471596726
0.931616271923079,5.96255198031037,35.1004423000757,0.473817641032688
1.14367725898846,5.61541873772973,83.4620602498312,0.00951578577531152
1.33983383982716,6.0274708545384,82.5744449174505,0.0200679813957891
1.96043474179529,5.73257455307445,64.2216610434884,0.460817452640456
0.673790506140098,5.94536087236307,55.6503645259746,0.103775535725331
3.65950638470348,5.21326205455572,30.8959101217211,6.63810894681472
3.80675516402576,8.17598958429941,84.2424594020793,0.18237125838943
2.21802432363828,6.40933427940215,11.2296636594443,4.7756099737607
2.21238423440007,7.6929833902267,65.7526825355136,0.933363024788832
1.68201793437482,8.47581519722166,58.1829689183232,1.08723169219616
3.65018846246182,7.49558006741295,74.9836787102366,0.954891671815153
1.79236373392075,7.67900527875557,35.8454005396898,2.59231601881877
0.889209643528256,7.22591582648021,67.4839988424572,0.11638106174248
3.23088223912398,5.61966138799035,75.1698459430317,0.394560434286334
1.86408592936439,7.45178646734009,29.0214357626033,3.20009298011179
1.34591950069841,9.26499077670408,49.7035455172519,1.24817531549117
1.9136925095584,9.36963702930867,88.1216219190503,0.00627452975980906
0.83759083808936,6.35147166146349,49.4377679716472,0.251565634181129
0.961906524122173,6.04230679375657,29.7381248645943,0.604318184044907
3.7971770677142,7.82489785369101,55.7524399660002,5.5599373100357
3.84647089080431,8.20155912581379,32.4572913901982,15.5167864170129
2.51323008277463,7.08514475821443,68.085858915175,0.856325822432887
0.709228400315045,6.02987757766122,37.2510673821171,0.262597559869842
1.32172969680342,9.73966560646584,44.3110593946444,1.67234310065577
1.73605499927725,5.41035603548863,62.5268909819349,0.358452787951814
3.37417914069286,5.52854713290861,87.5460496571806,0.0111934827810216
0.553912031780443,5.71020560951999,29.4979464444066,0.182907342479509
0.650583305802327,5.8323022043821,75.4022864770718,0.0169091337362347
1.09146510311947,8.10479321967654,66.5165004546175,0.234291926019161
2.77190416234758,7.86854882420599,85.8757010741589,0.0456423266732419
3.06102834980535,5.26038945142935,2.87303665535806,7.23099177743984
2.76711087097707,9.65600692304125,32.1182087564288,11.2987231352009
2.07823297250831,8.64330840839136,59.6388450858493,1.5836589423804
2.41453112300221,8.68920826898795,25.3351403233642,7.5846156884671
1.53712281962721,5.31702250346409,20.7344760585717,1.53095948972411
3.10642482475955,9.30220281519116,64.0015696062293,3.05396448448975
1.16134255261391,9.67202559480607,56.2115625293978,0.745324549104986
2.9037140167786,9.92199156120486,53.1547787627672,6.18764634730535
1.14228904508044,9.29469408341933,59.4394169681342,0.545994191068081
1.78969608771618,8.92779494632515,4.27992058024795,5.32784208518506
2.68966496255392,7.56688709293787,31.3906327659053,6.50623942744946
3.23079602302982,5.88801230252932,40.6206522320169,4.70092164366847
0.783940191030248,6.99294748367921,21.68144974081,0.586857243855623
3.75285089839055,5.66965625493986,64.3540511966559,1.635287055907
3.21499437512941,5.15444774372476,77.0564062805659,0.233026140254722
2.2037707134111,9.69570853034774,25.3356925606698,8.03276049078569
2.02550506003322,6.50653032293196,65.7945746751367,0.570089638315268
2.06374312300432,6.47766917237678,12.3986603267565,4.13765763669358
1.57222315205795,6.66468140918088,75.3050503574746,0.133741244030241
2.27978029383394,7.33534093514426,12.4741544168124,6.06724377179465
2.28770047460238,8.24099203233079,52.9388446850544,2.54871582423532
3.36169697912792,5.12614090746518,32.9541120409444,5.07873068819685
3.28190995909209,9.21103306209667,72.6083590194995,1.52594698020011
2.75511345567792,7.79516272494348,45.340270719854,4.63616673179948
1.82513283931094,9.27049974636722,44.0634904851019,2.88705967803936
3.34053160398867,6.73939597163631,78.934385104654,0.353468052205193
2.36488956079809,7.23013324027551,31.782763164506,4.63098124579296
1.72754486251909,5.27119742220565,40.4499200914573,1.09055868004447
3.7865054669996,5.88553766894555,86.7177258159084,0.0296438299122571
3.56579984022544,8.31404030980487,3.80680181230885,20.3150181324038
2.42554720014448,6.65414497601652,87.5662500726571,0.00876593962239598
2.6786628010043,9.4924306891715,17.0286158810138,13.2873552074669
2.55465646585996,5.59077599223355,60.0408270036067,1.00205604469795
1.2270980245656,9.9420896439249,52.7795653211026,1.06041145170957
1.55436215597822,7.69991049518965,60.7601174764604,0.660986895924287
2.14823171981157,8.53458709661381,32.4919844275195,4.95335921708559
1.30670856074045,9.99745810048852,55.8250584363977,1.04442051622944
3.45508077443386,6.43924672407569,73.0035796590257,0.809000943681465
1.18167501348467,7.07261269446554,1.73317296727273,1.6225641431012
1.2907262334034,7.32419970812569,7.54861574546099,1.99016390109432
1.09747816501751,8.81978539245978,87.7321500466401,0.0026578221713056
1.29682504235794,9.09102019453835,58.6214579173818,0.707392350329616
2.02494539436365,5.50110770097746,20.8114034547917,2.79704355976109
1.58885800327644,5.89058476943383,36.3142028812131,1.30319213328678
3.73182874736135,6.7981745674104,10.9818466426917,14.988562046878
2.00572586965354,5.28352344534146,24.1594939257555,2.39522847015552
1.14685712043448,7.6094283683064,23.2061553101344,1.38377389687193
3.66708339037962,6.67924487338462,29.8498714868366,10.3903560492152
3.9291193242463,5.8783451483783,13.7010611576652,12.9624537769742
2.03604490594136,6.04473336996568,31.3206893744502,2.60523053449184
0.888917282042096,9.52576779502232,10.9492608876954,1.41171571155587
1.40322643569223,8.37695588668123,79.5737751974694,0.084120176606036
1.93051946139393,7.34234099951999,8.48505510577315,4.48141658076889
2.58213625903015,9.56066237119811,83.703656349674,0.136165714751571
1.41774111723296,5.52005787389689,35.91179721311,0.935772170272861
2.60995081283729,8.72773036850859,4.26613158262357,11.3457291995973
2.98925523151789,8.68133727798319,30.8136152844666,10.6232917216052
1.27611356906034,7.80930712640819,66.2369542992148,0.305411897422547
0.910961777995321,5.92097048757763,71.5213941600425,0.0549432369975479
1.53836555626414,7.98605675168927,49.0415308420204,1.28353111320065
1.61572405674059,6.49968495044894,61.7601116685637,0.489567998241209
1.98458365899833,5.67061466414341,80.4269426340241,0.0629168411401073
2.27750399631391,6.06300766679421,4.93126109277592,4.82994112471916
0.799305289815154,9.47470837720407,27.3295241745314,0.898872754561567
1.41868782144416,5.35726406393522,4.1572400698393,1.57429511140992
3.30355117969409,6.2124327946836,17.5929087270419,9.45121458268901
0.602270971467512,5.26877196104357,64.8149222264873,0.0336449431447192
3.75098948817316,7.20861028532212,64.9577946149367,2.57078453894277
3.05615801999408,5.06641600233626,79.0019164036375,0.143517849248945
2.21013140831253,9.48595675486786,52.4189668038669,3.19788393672203
2.52483771358204,5.98329095683816,6.3615901847985,5.79078467715694
1.33049252920033,5.46685258377546,83.0470113170183,0.0135185534929317
2.10597089862976,6.5368344979396,72.0334883115996,0.346074369685022
3.8708098875042,7.28028833421871,25.7352170778327,14.5916642296599
2.41382001558639,5.50834696812378,48.9296909557226,1.61845455406203
2.32397540781401,9.97694863827546,88.6298613273549,0.00578149108181575
1.31058035347983,6.6604641672625,64.4110260413959,0.27746908748472
2.21114210372058,6.48673407943961,75.5072637597,0.244310951602901
2.68421030860791,5.31022610659816,38.9934504907153,2.822114668158
2.87697439303012,6.49121985943882,42.3562244045887,4.14904557265103
1.88430325484008,5.2317563244909,50.46420699401,0.816944050953868
1.78602826990567,7.52714071228851,24.2182389177898,3.26397014103931
3.95793701106571,8.80712943345057,67.4116620877752,3.43730536905208
0.632086031838432,8.15534999606797,45.349899611444,0.259593277222826
3.59808802870866,5.44945825388046,58.2128699645502,2.10918366837829
3.69650389673734,5.40431211565157,27.6971023827847,7.83743866596758
3.28664355754824,8.88620268274472,12.485217247033,18.6153165832089
0.84549297529451,9.52567372111785,42.8015640417807,0.676697859933563
1.41654914354751,7.668859758835,32.6213352736871,1.75761700450497
1.67374893986979,5.54577106021229,70.9302085558693,0.168830576392181
2.87904782982068,9.12904428927799,70.2266238759699,1.48161840999014
0.977935980743794,6.69048859401086,60.166099282819,0.210372691102763
3.02429624503609,6.46986526513242,12.0153473695181,8.9693860631085
0.873666515625345,8.7315671385184,1.94002984831473,1.20735300243761
2.78815072033996,5.05168309171698,50.3856635285259,1.65393487967733
2.22960877823745,5.24223669626611,27.073711626254,2.7363382941427
3.22668103130946,8.33958060786812,84.5468742486112,0.122065117679253
3.00262977440243,8.01733991915385,88.2813272442173,0.00963871686190954
3.66302196194711,7.63051232897781,25.7958350004833,14.0201958302511
3.61822876515776,8.64854724111614,72.0738258256381,1.75987252175491
1.66957068458124,8.53626742657711,80.6500216289343,0.099327613561537
2.94561041317178,8.90688525899639,53.7773919136047,4.70132401515882
1.19233439340075,6.43988487807086,79.5615062151438,0.0362756895713793
0.606893312066228,8.46265993193259,84.9358387076212,0.00376690710241685
3.10425991128612,7.78334917482006,49.4242278677912,5.00220323951472
2.2500785245657,6.98260396290796,65.5548142134921,0.82159319029799
2.17972749401121,5.30795333526982,51.9082468072209,1.04631550211028
3.66652783323577,8.90087765745587,2.32717239748257,25.8694693168951
2.63453326947895,6.68791932026023,40.1877880456333,3.95480289935523
2.66183236355959,8.03932953631473,58.167176161559,2.48182867407183
3.50804806976174,8.70627024751109,46.9082657405176,8.90936554859179
3.3192129858539,5.5240662098675,33.5081394701561,5.56961013400609
2.5185253046514,5.63944189891498,84.3421199707406,0.0349620663093106
1.1402286429522,7.74770053507599,74.6579542073863,0.101857029402402
1.33976203699051,7.4261470429248,76.417693195901,0.102485010555077
3.60279176576635,9.45237839592219,33.5280815909586,18.596260053196
0.600359533624371,8.9948013940644,53.3866117696641,0.19626643350745
2.21465485979278,8.67170541847985,78.5297308182803,0.270280723085376
1.0877450098879,5.25665943056186,84.0151447656395,0.00599016839822584
3.92538227374406,5.36442649549488,60.1617846925238,2.12587896209564
2.9944306508762,5.4426372983736,18.6098812141595,6.27016038929279
2.25165068454195,8.99175432056976,58.8465532856329,2.0864439316664
2.14880931089679,9.71504069785351,6.48463960985849,9.5718579280456
0.708666036528737,8.41857786204179,36.6054223580427,0.460656540312642
2.88690166452172,5.66041477856781,60.0238379886749,1.31744096419132
0.648508981252596,8.61362269828383,84.0353093591337,0.00615334086147686
0.750059126102248,5.55176740321174,72.9855029014439,0.026998404387805
2.32577444862499,5.58746426075916,43.6093444651491,1.95742017672301
0.838555090233034,8.20358961482963,68.1074289058961,0.123811498521405
3.36351993850869,6.64407107378401,37.534270836849,6.95519284609964
3.3614148222775,8.26906011297887,87.4607393690365,0.0282782533800442
3.02853857328395,8.7456573155176,88.9177231107749,0.00461160333304097
1.02452904867288,7.91592865727438,77.7732776128082,0.0545888702448784
2.80861838517908,8.70016163993889,34.9995398321186,8.34466742637156
2.31508229878688,6.17413457373952,40.9267645235201,2.58817314676732
3.90541094167352,8.67478770848026,22.2018477874271,22.9090557999974
2.77147022449325,9.85299262543307,70.5980783721759,1.59499781688588
3.30115701373341,9.33465145875958,79.4553845024747,0.589843775718137
2.08829198054422,5.43117264931748,82.2340513163716,0.0409083622187277
2.01337026324212,6.83218308159599,50.2456431260048,1.60610183665338
3.38859828390716,6.84599402165009,53.8981292471585,3.82843521325603
0.792144352006199,8.42514236330805,13.3989048303794,0.883829677648656
0.966098526625066,7.98970817691945,80.9742136082165,0.0270519527691
1.10686014591652,8.94681971820953,40.5354222586904,1.10707527973511
1.86828230813307,6.83826459218938,18.5105105517567,3.41395182638682
3.40982909993674,6.03013929752597,80.9685891458173,0.193322348112393
3.31177537060854,5.43333273697766,68.6326985435904,0.792369539787428
0.711649127094628,8.85966958549554,79.4237676660268,0.0244039024426636
1.89740219714752,6.0283726073238,25.6455196222339,2.56395755405523
2.34406540677904,6.94135815523901,60.5903387807032,1.2661119268381
1.95879813775775,7.75889265978614,59.7851913976246,1.1361817389859
2.79900961840798,6.1447662601155,11.0533494509573,7.19545351899003
2.69790675716536,8.20970310199594,36.6586580751132,6.58587231306318
1.521944279866,7.4224018619909,24.7758256184121,2.29314228778766
2.01077909587052,5.75922762558133,64.5002766575227,0.479807320422675
0.554204939726066,8.90965983294001,25.5045943466043,0.397225894574965
3.94422303532704,5.50303161181211,80.6578971164546,0.219097679835455
1.0850894347013,6.47033166879314,74.3921003082204,0.0675868874653482
0.871757207250323,6.1868650985279,35.1023861532598,0.44125446702745
1.80343409019438,7.65436128513964,44.8112648667768,1.94469887209866
1.19341440890041,5.45749365669706,62.5324673405244,0.172514324814478
2.21390673305608,7.02657709940296,75.0932100989944,0.304260114983029
1.68822694686765,5.52423123557878,54.8666720708159,0.583173885602642
3.83070662672204,5.56141981078013,51.7263444770767,3.63755262257465
3.72116213942797,8.92213945371956,29.3437953830512,18.8937394871206
0.684369491882774,6.45785158953465,41.0782140766572,0.241629392815557
3.08250333430949,8.01766719375443,64.2416024909821,2.21368527493598
1.44191799239495,9.82211333607951,79.5964540748395,0.122627158309464
1.97992465253083,7.1624249698518,64.8770103735238,0.706897048944608
2.41754815425196,8.4737609730897,1.67514972537475,9.2400072689035
3.79957944496927,8.79049637644727,60.7298820415457,5.22965464673242
1.96210436510832,7.1632116307355,39.4657941812862,2.52177909212356
3.9406836326445,8.27749019901769,39.4038161249643,13.6619879130981
1.55509232049223,5.54877525361526,10.5333137555092,1.92437138651547
2.95384564565324,9.66879924192666,73.3213520566724,1.27971525055245
2.83218598054549,5.93730403210843,29.2369894767458,5.16639431412492
2.38694262765,6.33089419453819,22.1605302811177,4.70401929362616
2.94336932063108,8.98915130105799,30.8441899010952,10.9705509595992
2.83284769690905,7.43801887716962,33.8122926008629,6.5999945913247
1.12346359040118,8.84479132029434,49.1898413774663,0.811412504666993
0.948050399020604,6.98003372608938,50.5728138839379,0.361418042769449
3.99678138166476,6.36469397061845,35.6240005761601,9.72780645342029
1.09892373224751,5.18617317035164,35.8317791578202,0.502152809284334
0.614102871856848,8.36647457054327,46.3830497290415,0.246773917659713
2.46419927448381,7.14782229625927,59.177748788632,1.62670078131264
3.58653275158133,7.25869617452368,85.5823678438463,0.0756753676786067
2.84211356587038,8.04928584645108,65.0113662894748,1.7867276323023
1.16651643512984,5.29701648429139,36.0071770826104,0.585314712366631
1.79120791122363,6.57905719169433,74.8684205396829,0.179772191297014
2.11254078041144,8.86361065431467,12.0904507555837,7.12767738644117
3.93573282839762,8.48216494503047,5.44200947458456,26.5429099776478
1.04741733279297,5.6266609055459,7.58223470831936,0.905887879491535
3.49432982046069,5.65075725194712,14.7508486496737,9.52298857257021
2.75667587904531,5.46176169359601,29.1797928264644,4.26617390083432
1.81695273597591,5.03910146784667,27.1554099484182,1.69344428843235
1.16823293332706,7.11554692582083,1.05128920173056,1.60600236762364
1.99888547542785,8.27786587468957,48.5914584464663,2.3890513588862
2.1870772136115,8.61461262346012,8.58354233650394,7.51882370871398
0.922140646540068,7.65604646791219,13.1863370798008,1.02985256278826
2.56327619643271,5.54408969136523,56.802708631346,1.21238093966116
1.29165687913436,8.15883186764244,77.3388370285907,0.0990755431415615
1.84616693529294,5.63249932664651,87.6799468114842,0.00314673986416985
2.54045233961686,5.67151652156787,51.3754584724965,1.69293630153165
1.38132142865309,5.49297046355499,89.7165193117454,2.44987188757847e-05
1.51654232496943,5.71013624215964,49.8187416145979,0.659508787638108
2.65981809537628,5.84125649245764,46.3912609356293,2.4871246177101
1.4284831843351,5.98124461128478,29.761385939124,1.30877833373611
3.38531693341092,6.58739887574718,38.7001618554057,6.71414503844757
3.93932189902683,6.58214499573146,44.262562824337,7.45294286600297
3.05587077293659,6.0878165471141,6.39333755216574,8.72228274784897
1.70356951440244,6.25520923007868,79.8965293979444,0.0654461702398791
2.54424266647458,9.46461202642988,5.81702319457816,12.891243616984
0.877191553353101,8.51611612278145,39.2566460158303,0.668656136821421
3.67207852727407,7.77868971359693,74.3966555957003,1.11551684052685
3.57878803568667,5.92216833878827,35.508121580973,6.88953723525373
3.36216195779725,6.0601542126616,55.2127393534736,2.78163158475119
1.41254799669413,5.38673404056338,73.6776661573988,0.0814976836350659
2.58024687732516,9.56900205389784,79.7611535156346,0.360584084636613
0.578794074590811,8.53357608848465,83.8000464738499,0.00520853314719116
1.98840762074947,7.78894483377438,17.170618320821,4.7665233839766
1.59451610387215,6.56714494968296,23.2724026276895,2.15901714018202
1.06519660509113,5.83101781451075,80.8079116356269,0.0179434141798623
1.12568165363329,8.11248629639948,53.4025674347498,0.576823261767077
1.9800999118503,9.93967367476248,45.3456073662163,3.89228796274924
0.829802686107071,5.85216011528442,55.1528629952003,0.156996029896332
2.59483284064859,6.28896125286007,73.7480018008688,0.397903551708551
2.14823489725417,6.98399659316572,47.8700252543633,2.10174790667317
2.93582259655563,5.36997384788469,18.1867586893588,5.93520038894514
2.94960747474902,8.42048033481004,40.850411911247,7.32784178538278
2.73485765395143,7.01194166348081,38.5119827838154,4.87488016363581
0.617613426232503,9.91417600696975,86.9447474650799,0.00196824810115666
0.740821346913179,7.01091992611242,55.8049548720126,0.170129357194923
1.61859907313174,8.10335973599789,62.5850956726203,0.696857695034677
2.35802498242944,5.77184902739636,64.8148150816181,0.647646423382521
2.79055997714973,6.90672602222236,31.2205671258852,6.08273870126249
1.92666718964403,5.8056698592468,46.5291378472779,1.28018137289577
3.36993427973679,8.79056215663709,50.1025168810892,7.29540045427161
3.01425630122059,9.35555560957695,14.084569720264,17.1758136670145
3.89027265580883,6.75388372442946,50.5850441005597,5.82394666444994
2.35966867297986,8.42767854373769,62.5322960197611,1.61635127325216
1.63800988637196,6.47074316883925,38.3809982139214,1.52496261906045
0.869702211651577,7.65314651928443,75.2643378608683,0.0533990118335828
2.6383553056117,9.16211693142592,65.824835954574,1.83929979307332
3.22580784638432,7.9874509593629,32.4027937877194,10.0941766104774
1.98208521636958,6.67655665352623,40.8791134668059,2.16901231579252
0.817881500256038,6.49612511666553,34.7750908732955,0.424756899729257
1.43265021772675,7.26296270784662,69.7999178025482,0.247521772024111
1.03779851156957,7.11322826610231,66.0843995117345,0.173475844646304
1.48351855886855,6.79803158986118,38.725006056674,1.34265677318382
2.04029798650602,7.79159599934649,62.4377316720522,1.04087169517105
2.34499959616228,8.71272682850969,85.0692138451614,0.0567489324518735
2.10098527990686,7.12167391812845,70.5809338408567,0.477160077836868
3.56380059511465,7.14677894288103,63.5014672317962,2.55249597853141
2.31318237926386,5.62436379359906,9.84008155719112,4.3912363538987
3.80267918591936,5.12217008025187,35.0937591440836,6.05199903043407
2.73198184325261,6.45092632565364,53.1814257364803,2.30279391909122
3.85192878944554,6.58760291449613,41.3442043169693,7.97216086857406
1.34247462418056,8.26845066983238,4.53059880650587,2.62819403393185
2.86642806352313,9.78467962035342,20.5818825618199,16.6626633940505
1.51172600086067,9.6786543639244,75.077015495121,0.264529595205689
2.85132857894975,7.28943166927183,1.40802234268743,10.0638546483153
2.93299174843108,6.20239198416042,77.7339778550279,0.280268520278595
0.737974689645037,8.81948972143239,7.02621477291908,0.855686698214508
1.39176554808952,8.79663691565548,60.21383310734,0.699391543624281
1.28414010788477,8.70324032489307,45.0190191852992,1.21960453308569
2.83741454454801,8.71844170743663,19.6194418875138,11.9049895017966
3.45537254784522,5.52960208366383,51.445415286368,2.96069779530758
1.70561843955365,8.40780215235158,10.9970235831078,4.26345722426847
3.23181878455975,7.3163028929686,60.4049609689788,2.7053621481311
2.8636622301145,6.06081602627467,53.9626993310532,2.15827058777605
0.523503600114671,5.49259368844054,5.03785416490114,0.220539186144638
2.60759670653628,9.11787236963919,5.07087166890211,12.2665000261059
1.85369918082345,5.8750486869104,13.7250573302223,2.85305915613573
3.70596935445999,5.81784954892497,1.76589600890257,12.3358798482248
0.504028699951875,8.32993608205555,39.1657991127257,0.21284097622472
2.11857205734815,9.47194687677121,74.8999327754536,0.506500320325035
1.98522163935381,7.58279104175635,55.5651154308676,1.42678396280326
2.11320728110137,8.51351153475238,46.8116473779668,3.01532983508306
3.19555905013013,5.767951883097,77.748140064025,0.280289957168021
1.62865132515373,9.76728534943124,8.79281263452988,5.2966611335616
3.2465875316626,7.70442040620738,81.7246982868092,0.242504841588206
2.14975003798714,8.39866949105233,9.72150247230831,6.92381321616149
0.625169566441913,5.18281509024226,46.529708228725,0.106030580705999
1.11556045489236,9.04601925646897,12.8840419875219,1.97139524664995
3.02615311686886,8.74309435888098,50.3433515162704,5.70702552734231
2.15720097537862,5.6009350899354,0.412166155259113,3.95213095928762
1.03452420153381,7.62522582381304,69.0013798759339,0.151226310296935
1.69393612467188,6.62916814381625,76.3838303812454,0.132089461263562
2.62586224818922,7.73224719951534,82.5139143228364,0.13037891024095
1.17110839411629,6.994403761916,88.8271447305292,0.00052334238125514
3.0844939399193,7.07546693306523,45.461979161894,4.93371155485497
1.34997359411359,5.90368880127397,24.4279461975764,1.28254027427343
3.71098519717284,6.27693370244025,9.06754607291121,13.3995867562198
1.44171555340106,5.10267887329092,45.7063947746583,0.566444442075381
3.17925005817503,9.61837806310204,52.7048213131691,7.03457412998589
1.16031691877022,8.26849944504126,68.6598386319667,0.229946585677799
1.50624360573146,9.66306786024282,7.46663841994895,4.39224538445307
0.818897122902872,5.81756184263763,59.5436573774443,0.116175366458432
2.51673283232052,9.60548627946099,46.5281113235592,5.62014265720146
2.89177135153129,8.97328942694377,15.3943215772902,13.7725260922805
2.41307590106613,7.88697098353324,84.4702077898658,0.0623263460080365
1.99005094654916,7.20017797880127,53.1434859428315,1.49447088225345
2.75554973500968,6.28806868356219,39.6571212684756,3.9884567069856
2.7666617056044,8.75973196933725,84.7727037280155,0.0898522644306164
2.87655863932621,6.14334741052751,59.0322438231427,1.66420991986615
2.72525348679929,5.32093543695949,40.6751138334347,2.74487640744565
3.8081093958829,8.83664755388287,75.5727678647702,1.31705114769052
1.23127222849108,8.35601092678268,47.9361152226912,0.93715928849337
2.98248595948691,8.5760625739292,49.8498359212147,5.47174124986245
1.32680701947829,8.21030414216926,61.2058977075025,0.528180735700072
0.917886867290569,7.09524146812442,33.0470914785631,0.647689514155155
2.62556379239972,6.95381041102087,21.5361545574191,6.62798938211682
2.07548193938064,9.08070051437661,52.1031143213184,2.58116572269169
2.10553922777104,6.58713931827925,78.0198349205257,0.156559542701519
2.81680663166978,9.07269886450326,36.6099084193703,8.66861129749372
3.19599930181281,8.94536757469479,10.1353626922542,18.2182610869396
1.72576304704387,9.26131945171923,39.9461253054262,2.97440388641294
2.81703359425697,7.52818308785878,27.016596109251,7.8073260446934
1.95655506489429,8.17830694430688,36.1248168433044,3.43958024091487
3.44675203441958,9.75447207689067,75.0027207107821,1.45397212522201
3.41520886676326,7.21982077509405,36.3265796496246,8.59073714205845
1.39754347280202,5.30009409889738,35.1158344317546,0.866366795740929
2.64711257884506,9.33374948499659,32.440400404105,9.10987600668198
1.19377628079844,9.92618319707415,73.5220061144578,0.212329925994652
1.18275036649491,7.79738702993638,17.0524333516895,1.67385982735134
1.64393876922491,9.66795957921105,11.1324111177927,5.17567935343789
3.5811825113272,8.60171603000374,73.8896831091919,1.37949995375609
2.14885652755512,7.42019258406171,57.4107858010292,1.45691608928185
1.91389280259829,8.19515546340615,1.45078216939937,5.37560725405793
1.12731016748206,9.43818432944802,80.635916487576,0.0548592590477796
3.89123748651552,5.99368375049461,46.3837551407981,5.61405038940329
1.92609508230917,6.97683136977605,49.0069744511622,1.60577716189725
3.45570588769207,9.96087651247653,54.5797987423674,8.49032224796674
2.65363783995797,7.01175808467974,68.4392596056161,0.904625078254218
1.81813877311458,8.29428240536465,76.981218468921,0.215336182842408
3.57013612267984,9.50674061517256,34.4581603498586,18.0850479572345
3.24698349549058,9.97690888258943,7.61842697555028,32.536766008442
2.12733999160087,8.26581640547345,66.0485968903145,0.970850925826939
3.34891924387327,5.54218213927757,29.8790399361987,6.35924406356252
3.64455448013042,5.18057015397678,75.577458138718,0.378910597777978
2.0023349009019,8.09045619523487,33.4550977214902,3.79224811598557
1.67015296867777,7.83572180948998,74.5393743030266,0.227410720272224
2.58826486555836,9.80982328902663,15.8866766065404,13.9728364331534
3.65696783047297,8.73052734709444,11.65678749312,23.137164810822
2.95723257275887,8.31258049217541,79.1895224176091,0.399279881355308
1.82109285724803,7.61656659206005,3.96712156209269,4.26067341408559
3.07234573900505,6.29947140742199,61.8048016632723,1.67069253217844
3.83935975264925,9.80996883458086,66.0395614440233,4.69518891128386
2.39984589586243,7.7010201875676,39.3455193520193,4.25344571301403
2.39037041325778,5.15135081709884,34.1855025216865,2.48340264056331
1.58888373861401,8.48157231705564,88.1691695861917,0.00340860599610692
0.749321001736043,7.59858078960439,35.9094080350466,0.440937274521341
1.13693163509158,5.29515277832242,39.6168222842431,0.491047056185803
0.825461244047373,9.45018116614107,14.1127098789956,1.15371214645026
2.12221236716785,6.6510112125701,29.3430855659777,3.45358697920556
0.532663792097193,6.1485059893556,28.2655735806118,0.19558003442058
3.70259069107526,5.56974320997595,80.505059751383,0.206252571427695
2.74959608696586,6.55461356726803,22.2321761337636,6.58541411624324
0.50496670370841,6.14216161067869,27.9611114321384,0.176637459251741
0.606348453732212,8.25998583608501,36.7982017237954,0.324949020020983
1.22964578156862,5.33080062299163,63.7209804657648,0.157735200114945
2.09238150750734,6.37715689930458,12.9273835553543,4.13455082046399
0.945431116637967,6.40910118780433,78.418985991572,0.0277502049176942
0.530266907573316,9.40033129863028,7.48403070781139,0.491120174816373
3.04477860401985,7.22165179349617,41.5564054531318,5.77252752163035
1.73940763119805,8.77957060453981,2.73501212950362,4.92237386016953
3.23156081133609,8.01648187907674,67.7880479437969,1.82864714797208
2.02829824572352,8.91632968702018,63.0038402576658,1.2657599313694
2.02794173830294,5.56965319339213,19.3061021547592,2.94006762996572
0.672246131247702,9.89281942579989,61.1914216971077,0.195206332707357
0.673711655317866,9.24298337739775,50.1563412620936,0.303683553362267
0.818850613945689,5.25323248835272,76.5611012331093,0.0172269676436546
2.57912961005442,7.33100916895318,50.2708942622597,2.98866610618824
1.34379419309158,6.62826637474017,81.1596297642807,0.0351311377242572
3.4447918569025,8.15102562499875,37.7565933611867,10.4285059035133
3.50024467431712,6.15149581888837,32.2315517510133,7.74405640344566
3.87264270332974,7.89942486640645,44.0088765641538,10.0439752435385
2.21114925156211,8.01578160219948,23.0365926901972,5.69015637548469
1.27108535199022,7.99939547916428,83.6252342093157,0.0234533443866156
1.2917302429445,7.24213940191958,42.0081132789392,1.0117720715157
2.37875731579489,5.17711730341394,22.860706550125,3.36158896308273
3.16738398223902,7.56907417519138,38.8096602550266,7.38577750187837
1.71648502657066,7.03865080886318,63.2277010127109,0.579552436945267
2.11431115787025,5.54023018307779,36.2096881187941,2.07919864558877
2.73763316769775,7.29937814471157,16.3656070799119,8.37034757643183
3.71067614303396,7.25441376837915,77.0626004532014,0.691291607241912
1.06550400861616,7.75570167902209,52.5781102082939,0.495594811149667
3.00472391458616,9.02702158503999,33.6220904411908,10.7229746005113
2.52208606667343,8.5042503639303,19.9525092091558,8.83162069748596
2.01654642023192,9.36117751960799,19.709470594065,6.64352506609524
3.59484973920883,5.2609607621445,47.000919872295,3.56673809758326
1.87568114381919,6.09840655702673,39.0080442138985,1.77515695668786
1.12641303419706,7.29821005055683,66.7173589468698,0.202789918460338
2.71666753112043,9.79266798064505,6.34046690955703,17.0568366494687
2.6840019400932,8.95022678489719,76.2600092757464,0.60030498869287
1.64779558940637,7.2593730452125,61.1892211102117,0.652631687282832
3.31037860585383,6.66714093230433,12.2986369708722,11.2117338691512
3.99817250522562,5.2954765634004,77.2561969720818,0.378459028509829
3.93342356326251,8.70452651446794,17.9850712200367,25.244298852773
0.944629297682,7.53397262027751,54.6605929587791,0.33323128649903
1.31284051086627,5.99962706569677,48.8740485288949,0.569705345767505
0.582713633303788,7.13596775550644,14.6092222829253,0.367625612194923
2.62601413640649,5.84345139356136,0.508776131416097,6.21941585396862
0.887832624505025,8.75847295427344,69.4336632448868,0.138218771234156
1.9261082775744,6.841754208144,68.8308800629806,0.437880171918888
3.59426882331687,9.70908897619942,37.8962417125694,17.9766392031695
2.41846472116806,5.08586270455359,5.11318628762692,4.25804256550205
1.79151076849066,9.145279543894,52.7172295710805,1.88323609620795
1.22921093984671,8.13295487477638,15.6739719990628,1.97000698436356
2.04330146783513,7.6937325757861,65.5749594509679,0.806832937703087
3.84668653261557,8.2525381769003,48.0861944946926,9.27517278151903
0.934090708268151,8.63314766153257,22.7757858976271,1.13236705864116
2.14767136053435,5.47244281960289,82.5351073457026,0.0407595314884008
3.49913714723768,9.3878696715383,68.2375076743874,2.82953478901639
0.651866650484336,5.07181071972993,79.8327659005212,0.00556678555368022
2.92068800820457,6.47151313423119,6.1918353993345,8.68987970813657
3.92644913336263,5.8995743925212,16.5175375975056,12.5511950200964
1.49143764472248,9.63147134098975,66.336538912793,0.625482581748084
0.968231749980481,5.34090218413517,62.704336738475,0.106142609280145
2.89847889544441,7.90546613789246,69.9293615135426,1.17577891135364
3.68309094512288,8.18575611262612,45.1713077238369,9.34660833731082
2.63804143834135,8.25634632382471,38.2947145202364,6.07397729519848
3.64993978751501,9.32311006266777,55.0113417696871,7.60277436879639
1.17701813178682,5.2797626470351,77.0194702225563,0.0336478496630144
3.14048603520888,9.08427586886925,60.3717398082201,3.83366967868021
1.71191250832671,7.64461233164214,47.1232840240045,1.59704689668739
1.9651889500595,8.47175280311221,26.893386909632,4.61430823890869
1.04501940624212,6.06202448140917,63.3572170786075,0.158362402466104
3.36650204374394,7.71639973124926,34.3449788389994,9.82627431214673
2.68723234746197,8.51260136076732,51.0916498021338,4.1109491167266
3.08496147563727,9.78217278630234,79.9074859780105,0.533228389543219
3.31789347247434,7.22271081436736,75.865436009576,0.652386936578355
0.735279301471125,5.42698915406323,80.8918700248971,0.00695019854916269
3.82776610776948,5.28670073770629,84.51027823019,0.0636199103708309
2.24151953857756,8.1472524304974,73.3891640344873,0.511958157136891
3.14301066645183,8.98089533249229,0.122204590742797,18.4252512882183
3.0984177473693,8.45595666429072,0.278162780171864,15.6867230651609
3.4089535149854,6.72653931107583,7.87219346868763,12.4835227741697
1.04775646362571,9.73408333580797,23.4654616083888,1.77849370043438
2.10058052192993,7.60095159105739,2.05188035768401,5.71473734918868
2.66335173633033,9.76906512598963,38.1676336925292,9.03453493498085
3.76264174266468,5.367978179041,30.6958472018306,7.43506463019247
3.42280882445773,6.03515974036537,48.7218539976934,3.97955598682028
3.63398230719823,8.87513906990984,83.3552174324766,0.257828235214755
2.53881483633811,9.57093910621887,26.8649502353316,10.2282859543739
2.53961382226627,8.9127532385515,30.4276314466154,7.96525529343209
3.49224078639484,6.47767098082438,77.3532096486111,0.464696270287869
0.622029950167758,5.75922861157242,30.6430479688889,0.227267227692044
3.59897033419681,9.23955261156891,12.4308362745078,26.2039501152635
1.92705783974594,8.92427295546575,45.7019059817342,2.81713410981305
0.627337106567412,6.35415751075659,77.0990829202521,0.014884742401327
3.11151779958202,6.13905352408067,34.5882256094352,5.68357783166764
1.04190069762887,6.60511608544476,62.6121834145892,0.197262994694717
1.00367915036204,9.14780902199584,56.5113760011494,0.481183100362777
2.62085668663311,9.11091097300488,40.5349338916733,6.67478400437788
1.39068295417979,7.85341425240939,42.6256147888996,1.30638891739021
1.63453971752038,7.85914818114424,85.4735718153179,0.0189734143206125
1.9062682124645,6.4300913624969,7.51478056103978,3.62230918059391
1.92230662490394,8.49566779650604,25.1846028000191,4.574257670756
1.85166898496319,8.98128971640789,40.2306578401234,3.20098414079632
2.63430638343284,7.20794528075611,52.8814137595782,2.6698698627715
1.08411752933186,7.23107805845611,78.987072457307,0.0422083371701314
1.15832225618337,7.32831204182555,42.2190468206117,0.820938381469248
0.831201044517579,6.39519593637307,39.3676628131549,0.37230848900235
1.63115195466443,8.37687659208297,67.1566445977361,0.531929658824179
3.19358925245317,9.5183226318177,42.1119419226971,10.8672882963802
1.31941300860649,9.54262949424187,77.4744615952087,0.137407218816915
3.09127914368492,8.73598472065357,41.9860811143339,8.29711815504708
2.92486444841105,6.30255753541773,44.8294038410438,3.70675568072398
3.38427374678233,8.44818920037055,43.8687588973901,8.78350454901232
3.3979214219882,5.65915332737756,20.6521897273215,8.3063955729109
1.52678776902937,5.617504161599,7.69970091681515,1.92296771439033
1.58279234847962,5.95451426622246,6.06449822480159,2.25178074654194
2.33060429454698,5.72866049748146,79.955184132412,0.0980816732917913
1.63854647373049,7.92521807634358,20.9850917102694,3.1476741400264
3.41144878670124,5.36680845040233,77.5436183985931,0.273215015583711
3.33603176760344,9.11163111092653,64.0561583707127,3.36850891113145
2.44949391447513,8.61451486634233,78.5531693738568,0.326078374143167
1.42037411805555,9.62929019008743,84.4201806227667,0.0326182551493531
2.88198170806558,7.46319299230891,12.572035069275,10.0356522486732
1.31778600904835,8.27441449224834,35.4510130365903,1.61014030804212
2.09748877614589,9.45061738980844,88.2506546743548,0.00669804836023931
1.84598413079033,7.69262787234511,58.0314623386838,1.10136447693141
2.38510503544308,6.41102582279111,80.676880150854,0.115129287293284
3.97096302336684,9.87978758939982,43.4007364893119,20.197346283929
3.14327140587241,5.1821275776274,1.26837676701209,7.52332447994918
3.93159197300631,6.63122286530156,56.0592309991316,4.32269425693637
1.32173924231997,9.8650681194641,20.7985826800021,3.09867277397696
2.34995680993433,6.82516312652874,47.4690566498971,2.46363376607087
0.680026187484177,6.54574809447959,65.2492765221515,0.0677815697830731
3.14906414844618,5.60456192290314,54.6674212030442,2.13233409487477
2.60692918196429,9.57882852020395,52.9529801215726,4.50641135378068
3.50009048192773,5.67739102840751,39.0091356029752,5.4615547122599
3.9589699874034,6.6605894591417,21.9755604156323,14.1709478631658
3.75319565348966,9.48739946199942,38.6064318400207,17.7230747750046
1.93330226703585,7.49824388923637,0.915970996959936,4.76131932503182
0.501195117763486,8.07644121107528,54.7939304139924,0.105008290649571
2.39307412967065,7.91566484044324,86.2177669377622,0.0288461529261628
1.22705717698621,8.49126963313707,8.59018711946405,2.25082291893497
1.26749255863851,5.14666171377181,3.20315070421329,1.19462113255199
1.64032191956978,7.63941343869324,79.7611600193176,0.092558279518371
0.835822958126546,5.16036423209993,22.2247228551747,0.417390865367582
3.11636781608406,9.13571161418157,0.80235506280033,18.8038161091474
3.11978135087652,6.69993103241084,73.3428244303235,0.686043796661784
2.40154801579788,9.23355479440265,12.644949289389,10.048715392841
1.68346310783419,6.23034783553049,79.1879796255602,0.0724115372077588
3.41316781567185,7.90745626184066,8.58391074814722,16.1924407094904
2.43400262309085,9.68838439537388,31.7304091123776,8.67526990425574
3.85140090936707,5.23893646192533,53.4078511008742,2.93240268744477
3.62491661761301,5.26988829585119,52.6663474630733,2.74029906624945
1.74776265994452,5.10309017059995,60.0913587766053,0.370541041162736
2.41240662547161,8.40739257098106,58.3224403550134,2.20669125381602
1.71338612939232,7.99314263316617,39.0032160604733,2.31271789967152
2.67980976730696,5.57015017257828,12.5782883189332,5.6234766516066
3.28818639857939,8.98122675362923,67.6736557177575,2.37726912791806
3.11056215539227,8.08925293569639,21.7608114228497,12.0247922714053
0.939376809741869,5.35106761993479,58.5413390230256,0.133996432120088
3.37837902365657,5.34639486284001,77.163665475102,0.281559999759569
0.588026754999758,5.68003694310045,7.5933423940634,0.288231749936736
1.95050108323411,8.94445659828504,87.4880245541557,0.0106102982155766
3.05992613790528,5.46199228961915,2.83139420032043,7.61402887813038
3.23480900096587,6.18934396003653,75.1864095400373,0.494749917741632
1.78550070295979,6.21823956308392,75.2142013353775,0.151424101067836
3.10703749684585,5.52411106329447,4.48717512110337,7.91542693766236
3.62293515880888,9.29176380114379,49.1297588001747,9.96441946877853
1.34911185197884,8.49099883089783,84.8852855689931,0.0191880241036784
0.953589415431391,8.66871066631641,28.932576288299,1.06146698712806
1.2877375874477,8.25265312227456,72.5820123414,0.189641265660527
1.72504871650268,7.58135282887064,54.1258879727528,1.16000718737656
1.50479614601162,6.63194067544441,71.0658418610735,0.201009195265656
3.746208025128,8.30888098389251,71.9266531539884,1.78278924672298
0.679598148858784,5.58782742310878,4.46082890203899,0.382444542932744
2.57433364322235,5.73908707090803,25.4878770456851,4.38110062974683
1.07014615076206,5.09882331864408,58.8111141581968,0.151163435398131
3.43442019385561,9.8214586514978,44.0689810795624,13.2380685849023
1.08646325573945,9.85186451006656,87.5567013309723,0.00385760629079266
2.25770215393315,5.6193025357341,67.3640918979374,0.450223144205045
3.99765317659002,7.3370501338723,51.1057034764927,6.99441787878118
1.74392502943758,8.28347001652237,26.9067747111477,3.48227978383377
0.664771983420919,6.45092783316434,23.0498802955654,0.364744652374912
1.2478120479228,8.77268319858147,79.7907414970392,0.0690490263666736
1.89243693435947,7.79059025679486,40.212077650452,2.61230420884367
1.66783863133103,7.13896297774228,73.4388527966587,0.219960413595233
1.30360886188869,6.335970286371,8.8503571570174,1.64881071887905
3.77642062125724,8.76868037066531,77.3634108127745,0.982866712182196
2.89116074644994,9.49188162502815,2.48661073450576,17.8078369224674
3.86739828503002,8.64222016978893,80.9240790830728,0.521593757261357
2.03290612171479,7.03415067327244,80.9941950473558,0.0944559297638921
3.79117829047317,9.69157920126849,47.1695408655627,13.9110247748367
0.520420136003298,6.27713727468901,10.8179561382421,0.255394598288476
2.63607460524456,7.66581620304411,16.0014682640051,8.36636663071859
3.30376514938142,9.77377435188185,63.5496835057753,4.11606009635154
1.31543536694777,6.33873768220048,74.8223780748344,0.0902094534759077
3.76364036572342,6.25042310294795,3.13504385109561,14.0094998648179
3.1714197136681,9.63836360119674,68.2054839347339,2.49163907767562
3.39257338895939,5.34291174277728,86.1400960201048,0.0254621515796893
2.50712256011703,6.49700193280432,30.8583463497163,4.49497508312299
3.27403582442079,7.95791767078184,57.4419338482235,3.85422427869197
1.65164418543737,6.01649572678168,30.8705230773293,1.71848193172202
1.28211691644048,8.17941599443444,19.4824256564287,2.07993060058135
1.59335219706739,8.99185128915129,70.758056432749,0.411456491012805
2.54583217484994,7.50850526182109,65.0780963590924,1.25214207584315
3.40469949357533,8.25406067974571,25.0955014308711,14.2905784264813
1.51661872041544,8.97977492778064,52.4188285834032,1.31559105537815
1.90894037222093,6.16686884035784,37.8905203231452,1.93993678182869
3.51720054451601,8.00419469217396,8.2861836078931,17.7260241395696
2.6515884257574,5.56231189191643,2.16245925060737,5.87361661122746
3.96915725915427,7.57882826597957,44.2031223610229,9.71913903747959
1.21294606314968,9.18920345435117,25.0440318136691,2.04139590635064
3.39523179731329,9.60395053999352,30.5781447735958,18.8111311331302
2.86551566633471,7.49113964727678,25.8614648563568,8.2112812836779
1.37132314513933,6.38805561132194,15.3812911724531,1.72249051261611
2.16524969299336,8.26259980374147,35.9336982853287,4.33702101560143
1.89676329354377,9.58649401900334,62.7884611612108,1.31668702695346
2.59803387181994,7.54919726757368,18.3308793416113,7.72606675645171
3.30182968031348,9.87095741901299,59.9693839640559,5.44748473811377
0.867740699519098,5.98639471048657,39.8759480467446,0.356527869155168
3.37504767944237,5.55592491894467,38.9965739018127,4.87809320374407
3.44380215515898,6.48677146684311,15.7715498155136,11.2113044177381
1.74077185540154,6.98209267780863,17.3882080584351,3.0879187311707
2.00524311915542,7.10377841674246,55.4779198482085,1.3115492230475
2.5028372644444,6.55737678825226,24.2109547086048,5.24226381958139
2.95288655769933,8.46921585466113,50.3710138454317,5.11682741877089
3.09864414945548,5.4593591663575,85.0305592578875,0.037417166926984
3.15259452717275,7.01044309518523,64.3024472174053,1.80044541063778
1.86195067249229,6.47590402014981,61.1297689854606,0.674228259539052
2.00255869749943,6.5324838951319,86.3442523176378,0.0130016730572335
3.84720630125231,5.52780565367637,69.7800880763088,0.998510041550619
2.50539978544669,7.96913802282134,54.6954269689895,2.60646214351904
3.47402718976536,6.41363758122379,85.3202123400016,0.0617372236767753
1.46720860704378,5.7761081046975,5.36774612268293,1.86138629716258
2.67813265303358,5.00329333793056,24.1841110718514,3.91312244037512
2.55926589614739,6.41797708539191,88.8012039582255,0.00219714831552782
3.87213963032447,7.754054374898,69.4986058884624,2.12120625599556
0.800659432385379,9.35451095751842,42.7818869962015,0.580351719848487
2.25174612061383,5.21126712666246,61.2809599998558,0.599271900927366
2.32556386774319,9.52360990733163,37.524127943828,6.36447971205626
0.815581007591372,5.65487043182583,34.2134282603863,0.340828488444207
3.66633267891544,9.16864474061533,19.1943350167688,24.3750643204118
3.59536128478451,9.00234187449531,34.4644190220729,15.4682490867309
2.03646383381957,9.5894004599932,2.67009763590934,8.30062137254248
3.23602914521008,5.68651829222939,42.5088958575666,4.10266685873149
1.01962758030193,7.52366158778724,30.0035418159408,0.944442974813167
2.66935574541305,7.02479240058649,87.826032369899,0.00947482379768467
1.41218287788047,5.86786080767359,49.9899184757781,0.600071554532876
2.05979674003851,7.87591806233927,76.1673274005215,0.280621368200271
3.45399829016228,8.03108966286392,36.725714496172,10.449595936574
1.18671721555938,6.07222870207989,41.5816347396503,0.642999201892434
1.56348067972178,7.59966127528219,74.3676048761788,0.192228673963625
2.19153098707,9.94592904819693,89.2082879881871,0.0017021142814832
1.68234215354858,7.44957581206697,47.1552884337248,1.47791456238349
3.29470040332542,8.47436605593541,83.2893200668303,0.198769707491156
3.95620651316274,7.05710913693882,66.5119675369732,2.42356426986589
1.05666644152838,5.17388370049873,51.0687050554729,0.241811558278634
1.32907924129119,6.46415777984267,87.1899896648617,0.00329511884010981
2.95782821433762,9.00720868888767,74.204947783703,0.97432815359496
1.81415081944142,6.73250995281539,86.3648351098096,0.011187148118709
3.90796715936244,5.41657972411936,58.171145889962,2.46513887335599
3.9030694449096,7.5555318547143,34.161613689626,12.9298783857126
2.75294317297492,6.83416703926143,42.8917212792296,4.06972363211983
3.51034606898956,8.69739752443743,82.0700831250647,0.330894570904885
1.9065918930283,7.62370081970997,1.33684701910861,4.72745888537967
2.7117577929211,9.02260438729366,14.1024462510566,12.2703316273287
