eval,time_s,iter,obj,aep,rms_viol,x,y
1,0.0,0,-496.22987886907555,496.22987886907555,5.040248920037172,1501.279;2593.168;0.412;1088.397;528.321;332.419;670.537;1244.019;1428.363;1939.740;1509.100;2466.790;736.028;3161.223;98.595;2413.683;1502.297;2011.283;505.393;713.165;2882.680;3485.742;1128.327;2492.361;3155.001;3220.584;306.159;140.597;611.390;3161.313;354.049;1515.987;3448.402;1919.395;2490.758;1135.856;2471.403;3004.652;65.838;2700.520;3559.900;2693.396;1009.598;2841.406;371.614;1612.417;3270.944;1057.011;1035.991;468.103;69.721;2443.808;761.861;955.968;1769.663;192.105;2066.823;528.223;2121.500;2519.130;368.404;1490.602;2499.841;1491.045;179.832;1929.227;2389.661;1853.601;3400.541;2111.598;3252.247;494.909;501.395;2906.609;1431.637;595.275;3339.031;1251.957;2702.924;2613.593;3179.902;2245.220;2703.393;1256.034;971.740;3225.190;1541.128;3473.424;2388.389;2238.105;413.086;3418.161;1619.684;2082.203;1469.292;853.297;3252.166;2065.246;10.333;2221.722,1175.922;1897.409;3189.392;1286.171;3270.727;2244.096;56.956;3345.974;2487.229;3590.362;620.426;493.689;3357.344;2508.545;237.601;2719.667;2713.954;3322.888;2561.489;447.375;71.568;94.360;101.903;886.360;3096.101;1939.792;1990.159;3031.311;447.024;1005.061;2108.733;3490.545;2019.709;67.130;2882.278;838.707;2905.579;1396.298;3108.751;2689.638;2002.465;491.239;215.704;436.836;160.387;386.979;812.554;2566.760;2014.981;45.202;259.107;3482.195;2045.162;731.856;908.373;2677.773;703.546;2092.892;3492.072;3048.584;863.452;1777.571;2231.841;2984.331;564.449;66.874;252.080;1750.842;2182.786;2047.865;1142.505;3559.018;2087.083;1368.508;1983.414;2683.204;2409.238;953.710;238.805;1332.303;2266.983;756.626;2709.920;239.531;937.134;2897.116;696.363;2302.059;1888.813;3329.309;947.868;237.460;2646.237;2779.841;3268.137;3355.099;50.226;843.704;2220.402;3416.459
6,8.954785823822021,5,-524.1184348450936,524.1184348450936,0.28277520128754235,1542.503;2633.176;-17.648;1098.961;505.929;303.485;716.970;1236.223;1412.730;1926.092;1486.110;2473.922;699.791;3197.869;146.714;2392.571;1479.661;2013.862;457.330;742.794;2856.666;3515.756;1157.912;2417.330;3201.932;3148.426;265.909;199.140;573.647;3233.305;331.804;1499.902;3423.051;1847.310;2570.585;1148.122;2393.439;3044.586;6.227;2627.290;3601.754;2674.243;1005.858;2888.103;343.193;1618.615;3270.492;977.788;1057.635;470.650;9.624;2520.822;791.189;954.914;1796.078;160.465;2047.177;594.962;2083.910;2538.358;316.448;1488.670;2510.447;1457.614;227.296;2000.999;2369.166;1836.862;3352.460;2122.911;3219.589;462.565;511.403;2878.618;1443.478;643.817;3312.425;1283.354;2709.532;2590.009;3102.138;2231.637;2776.017;1209.988;898.536;3241.519;1571.936;3535.844;2347.005;2284.418;455.083;3428.420;1654.221;2059.322;1456.586;889.703;3177.404;2085.606;29.560;2272.254,1164.155;1894.525;3243.363;1361.499;3316.180;2285.594;8.109;3357.556;2463.786;3603.879;576.959;528.428;3338.777;2573.917;183.844;2718.889;2755.079;3283.904;2548.125;521.025;15.189;60.419;37.071;917.539;3172.542;1992.411;1934.409;2973.650;415.217;983.748;2108.572;3565.846;2009.803;-0.167;2842.356;873.735;2943.789;1454.606;3057.273;2621.132;1947.192;524.923;203.805;404.571;192.520;368.018;812.775;2519.355;1992.068;-0.919;317.425;3510.104;2017.599;716.865;907.373;2710.621;652.383;2163.316;3530.103;3083.581;834.475;1711.421;2277.408;2994.749;559.569;131.764;246.755;1796.207;2182.756;2044.173;1142.697;3608.552;2014.156;1322.285;2011.458;2701.150;2421.343;1006.832;287.017;1323.041;2279.493;762.127;2775.864;297.992;912.945;2883.919;739.045;2313.744;1899.292;3276.328;993.292;258.962;2610.542;2758.911;3250.124;3372.001;35.474;878.746;2263.625;3461.458
11,18.091989994049072,10,-532.8501525291932,532.8501525291932,0.3491690701462046,1552.397;2679.251;-5.074;1085.105;479.489;258.017;774.485;1200.496;1445.850;1889.630;1515.318;2474.023;709.449;3248.042;82.415;2364.457;1481.701;1989.270;444.010;727.989;2832.695;3575.873;1147.167;2465.084;3240.969;3128.256;273.799;184.671;581.216;3246.494;317.188;1464.256;3400.653;1826.810;2590.180;1158.407;2372.228;3081.619;8.906;2604.087;3611.588;2682.279;1012.471;2923.517;334.019;1616.030;3292.068;1029.250;1082.243;424.610;-9.094;2569.616;822.253;939.344;1789.389;108.734;2048.733;585.751;2102.693;2542.360;359.999;1532.973;2473.686;1437.302;249.103;2025.243;2322.380;1796.023;3366.037;2145.552;3204.200;481.711;556.004;2844.655;1413.548;652.505;3297.758;1342.218;2693.305;2533.588;3080.728;2232.008;2820.799;1196.412;849.122;3266.345;1576.278;3576.922;2342.910;2292.872;379.967;3474.629;1662.526;2076.566;1462.739;906.090;3159.575;2091.624;5.354;2287.315,1152.116;1925.074;3285.164;1393.298;3343.759;2297.141;-10.796;3334.001;2428.847;3586.402;547.921;548.751;3282.947;2631.842;132.571;2678.704;2809.929;3304.811;2569.394;537.066;0.075;31.086;-15.778;942.598;3249.088;2019.868;1876.280;2976.581;416.480;982.414;2111.855;3576.432;1986.794;-0.623;2842.428;869.155;2976.062;1465.435;3023.058;2628.153;1932.663;500.657;205.203;430.463;246.546;323.900;797.630;2517.135;2047.858;2.460;367.253;3541.187;1975.428;707.866;889.821;2687.555;648.592;2212.094;3555.964;3069.121;828.456;1659.699;2268.341;2995.534;528.599;121.274;190.072;1854.249;2206.110;2059.152;1166.367;3602.657;1982.753;1273.907;1972.624;2691.560;2402.339;1010.343;267.537;1356.997;2233.527;761.802;2771.573;318.862;962.457;2922.472;758.118;2358.683;1839.068;3281.413;1050.178;282.316;2603.910;2733.996;3308.641;3427.806;56.888;956.694;2219.457;3517.865
16,27.13962697982788,15,-536.9067593210582,536.9067593210582,0.35357977141934105,1605.921;2699.187;8.337;1041.306;436.685;214.548;773.285;1217.646;1425.702;1889.555;1515.425;2431.955;693.373;3248.531;85.809;2334.602;1457.815;1982.658;459.820;752.638;2805.689;3588.652;1142.959;2497.528;3258.364;3130.421;271.148;196.285;537.926;3258.989;316.013;1427.532;3396.785;1806.672;2594.368;1168.771;2359.503;3122.527;-13.153;2589.740;3581.417;2649.794;1015.067;2926.602;327.790;1634.434;3305.107;1015.019;1096.477;402.241;-7.660;2621.792;859.390;937.094;1798.673;94.200;2024.321;580.614;2105.107;2506.463;311.923;1520.232;2477.941;1471.203;257.251;2072.054;2336.063;1825.028;3358.235;2168.079;3180.301;485.305;571.042;2877.834;1435.160;631.809;3299.823;1328.240;2747.089;2520.793;3027.685;2223.714;2882.982;1228.009;811.165;3343.729;1538.013;3596.893;2344.058;2369.084;365.941;3509.946;1617.757;2064.367;1494.379;927.091;3217.887;2106.571;13.642;2327.490,1173.635;1939.872;3353.999;1410.834;3328.067;2344.188;-11.440;3355.515;2410.974;3611.604;501.124;556.016;3262.201;2663.359;77.381;2680.877;2813.409;3330.360;2519.442;529.685;23.696;13.743;1.829;951.183;3319.164;2011.377;1805.845;2976.276;425.762;973.023;2076.047;3599.214;1983.047;-10.178;2888.886;866.322;2936.401;1469.362;3035.861;2609.146;1915.703;480.734;187.926;417.218;271.858;285.848;739.455;2531.937;2093.287;20.438;346.253;3537.031;1945.014;747.243;900.338;2642.297;625.379;2277.610;3577.889;3085.559;840.679;1646.962;2258.538;3014.949;503.174;126.222;232.440;1871.084;2231.724;2058.294;1203.164;3605.525;2012.152;1277.523;1971.373;2687.310;2434.113;1012.833;221.988;1366.877;2242.361;794.342;2790.346;352.759;989.495;2991.024;708.488;2352.386;1784.784;3281.054;1061.465;318.866;2586.467;2768.346;3269.439;3410.172;55.795;1026.159;2174.165;3507.941
21,36.29922580718994,20,-540.0112748195285,540.0112748195285,0.5852282273599549,1642.106;2739.564;-14.740;1075.028;423.233;201.498;773.464;1230.176;1371.556;1815.290;1511.349;2459.980;693.359;3256.502;84.598;2311.442;1528.809;1973.644;403.563;738.270;2807.184;3594.393;1125.693;2541.262;3298.747;3124.677;260.738;147.222;547.811;3253.633;309.241;1449.011;3347.326;1808.324;2612.486;1133.670;2367.294;3131.836;18.941;2571.987;3603.961;2632.473;1014.543;2955.979;305.133;1684.152;3325.823;1015.141;1134.213;401.925;6.175;2663.031;846.717;943.653;1821.395;108.454;1985.187;614.527;2069.531;2513.505;290.228;1520.450;2449.695;1440.507;226.385;2092.558;2365.275;1812.653;3375.693;2152.785;3212.743;483.951;544.958;2912.350;1420.359;664.462;3319.843;1308.827;2740.162;2510.163;3015.051;2261.514;2889.058;1198.871;778.809;3350.127;1546.263;3609.226;2320.652;2358.118;348.664;3509.556;1612.683;2003.147;1455.095;936.429;3201.437;2097.831;1.294;2377.232,1186.164;1926.343;3421.638;1439.332;3351.038;2364.034;-29.332;3431.994;2400.042;3612.254;455.250;586.967;3292.249;2663.309;39.420;2665.628;2830.507;3263.669;2526.757;568.873;5.912;21.792;11.921;949.868;3377.415;2019.840;1762.053;2965.009;406.341;990.208;2069.093;3613.347;1947.509;8.858;2941.372;845.623;2870.901;1496.090;3064.703;2593.079;1889.471;482.321;173.159;403.630;291.798;269.392;737.300;2517.501;2062.629;-2.268;345.588;3592.333;1919.983;747.321;913.220;2627.898;604.451;2295.123;3590.669;3106.535;799.728;1612.167;2208.126;2999.419;499.490;121.623;174.278;1862.625;2260.612;2093.181;1191.738;3599.528;2008.818;1269.600;1949.887;2725.946;2472.896;1051.021;189.456;1422.095;2262.416;833.260;2769.621;371.380;1012.030;2996.658;687.663;2348.335;1772.988;3313.375;1101.730;316.298;2591.506;2744.051;3212.605;3340.325;-14.754;1025.615;2174.376;3519.523
26,45.478291749954224,25,-542.585132332387,542.585132332387,0.2566451053902439,1664.613;2809.738;-4.714;1091.242;420.687;179.765;755.675;1249.324;1392.778;1806.281;1568.500;2442.105;683.137;3311.085;90.867;2347.151;1483.883;1997.308;372.858;744.868;2839.131;3602.024;1156.569;2576.564;3336.654;3076.526;304.877;191.138;562.077;3294.095;279.399;1442.308;3406.636;1808.563;2607.071;1093.281;2335.425;3101.221;23.146;2608.081;3602.875;2584.766;1037.425;2952.112;291.814;1649.739;3359.810;1002.064;1131.198;423.199;-0.134;2667.087;831.035;969.759;1807.871;60.196;1927.602;589.717;2044.934;2510.280;299.307;1526.330;2403.946;1452.123;198.094;2105.586;2406.519;1802.840;3357.464;2182.419;3222.630;433.665;573.352;2944.580;1419.292;641.707;3329.314;1321.736;2744.405;2490.807;3012.362;2295.846;2910.262;1168.784;730.944;3330.330;1497.579;3592.361;2288.879;2389.714;276.602;3518.028;1596.481;1993.571;1427.930;1005.464;3237.779;2088.966;14.127;2358.348,1219.519;1890.825;3469.603;1407.339;3309.893;2372.446;23.407;3474.630;2386.988;3564.233;454.533;593.981;3284.168;2666.172;-13.669;2644.089;2799.835;3236.082;2586.760;603.123;-1.977;-1.310;3.573;985.178;3418.176;1985.619;1697.828;2979.840;412.825;1005.623;2078.244;3600.304;1964.865;-4.544;2944.408;901.179;2891.887;1535.750;3095.025;2554.697;1866.547;427.042;185.362;437.153;240.010;245.774;698.115;2489.688;2025.801;25.670;351.929;3589.788;1920.212;720.403;898.226;2643.640;560.487;2266.176;3609.209;3140.326;803.303;1538.022;2229.396;3021.512;504.868;173.292;120.358;1840.004;2218.630;2081.362;1217.747;3592.455;1984.251;1281.439;1991.741;2715.872;2483.916;990.001;188.341;1430.411;2269.525;820.425;2788.339;349.483;1058.218;3023.220;734.322;2398.336;1745.052;3320.150;1180.675;324.178;2597.217;2716.547;3189.809;3379.036;37.866;1081.327;2167.086;3526.184
31,54.46105742454529,30,-544.6973852293203,544.6973852293203,0.2044581497212062,1638.052;2768.054;-0.937;1052.145;406.969;158.529;776.233;1286.320;1396.773;1774.930;1582.937;2464.972;661.692;3321.353;43.464;2334.496;1483.065;1959.689;359.565;709.643;2885.216;3599.579;1088.929;2577.280;3372.460;3058.491;291.746;225.585;552.304;3294.933;265.183;1431.310;3425.530;1762.257;2676.630;1103.986;2314.028;3131.010;40.358;2651.227;3590.523;2558.677;1062.933;2958.461;310.043;1657.231;3382.259;1011.997;1143.816;372.948;5.935;2660.232;829.128;937.690;1823.051;49.215;1931.179;545.608;2084.473;2473.134;285.416;1546.595;2374.052;1457.518;187.983;2067.754;2431.724;1809.126;3398.063;2225.540;3257.200;426.492;563.809;2933.598;1442.254;682.338;3342.666;1343.706;2746.658;2457.399;3008.900;2270.569;2895.051;1207.983;718.623;3285.861;1494.682;3604.410;2230.794;2435.586;271.101;3530.270;1557.157;1982.845;1408.470;985.658;3265.770;2073.939;4.684;2359.337,1264.243;1862.009;3443.556;1394.446;3340.731;2362.179;6.745;3483.152;2345.472;3589.698;412.271;612.540;3266.248;2680.850;1.966;2585.609;2832.756;3199.649;2597.648;598.700;35.379;2.320;10.416;1008.734;3464.217;2000.007;1700.598;2929.131;414.222;966.597;2063.911;3613.483;1965.588;2.136;2986.752;847.646;2865.469;1509.799;3140.197;2562.918;1816.239;379.361;223.007;473.754;225.272;220.289;729.152;2421.091;2063.261;-0.532;332.309;3599.550;1878.765;723.267;848.349;2694.985;550.283;2271.354;3598.766;3129.400;766.801;1586.666;2295.986;2991.676;523.589;217.794;51.276;1869.403;2227.610;2038.541;1202.375;3602.094;1992.030;1289.454;1937.833;2733.469;2486.717;1032.901;211.640;1425.897;2256.619;806.162;2760.142;379.311;1102.658;3069.125;722.265;2391.495;1687.311;3342.430;1210.407;302.750;2597.536;2741.986;3203.242;3382.093;-2.077;1141.092;2142.189;3524.904
36,63.64257335662842,35,-545.3029887074097,545.3029887074097,0.39350925978727475,1637.388;2744.695;-9.050;1036.488;379.718;145.633;797.854;1312.041;1405.827;1786.516;1564.714;2424.599;678.929;3348.670;29.648;2321.918;1488.070;1957.203;341.239;699.940;2915.564;3603.630;1079.046;2540.748;3331.632;3042.708;299.208;205.208;563.056;3341.472;259.193;1398.569;3405.169;1839.469;2708.719;1103.092;2295.501;3151.943;-1.370;2691.076;3608.815;2606.162;1070.555;2973.795;338.365;1656.995;3375.302;996.226;1124.471;328.351;-2.487;2707.218;840.476;945.901;1810.185;31.039;1941.920;604.252;2043.294;2450.416;277.511;1602.347;2380.918;1402.999;143.008;2054.081;2401.437;1815.722;3417.979;2209.764;3286.496;475.699;557.534;2887.138;1434.087;667.301;3364.995;1335.499;2748.220;2443.855;3011.264;2335.025;2871.790;1204.227;691.735;3342.471;1481.267;3605.693;2189.206;2450.156;247.082;3560.319;1554.791;1980.554;1391.204;985.364;3304.344;2053.187;3.455;2377.702,1323.886;1858.735;3475.152;1420.933;3321.062;2347.159;-3.958;3458.024;2372.477;3607.746;451.558;560.173;3292.983;2713.720;0.658;2561.795;2830.835;3168.314;2605.046;598.265;36.467;-0.224;-13.626;1059.585;3511.256;1983.164;1730.698;2939.235;416.294;981.886;2032.571;3605.600;1950.665;9.108;3002.083;896.959;2859.914;1534.887;3131.306;2565.946;1759.143;367.249;239.495;524.950;197.061;171.565;697.248;2428.642;2108.638;-16.549;357.447;3576.616;1812.025;696.419;855.564;2704.281;503.891;2296.857;3573.272;3115.985;775.637;1561.931;2276.289;3008.132;571.930;209.038;61.076;1880.480;2205.864;2036.426;1223.611;3598.685;2002.107;1248.682;1919.229;2716.590;2517.885;1069.160;206.980;1458.117;2234.241;795.956;2775.048;410.898;1145.406;3075.547;709.095;2411.956;1656.109;3340.398;1194.220;295.740;2606.907;2735.723;3198.064;3416.938;-1.453;1098.265;2150.053;3561.286
41,72.72329092025757,40,-546.6939307441413,546.6939307441413,0.1434297230575508,1570.078;2745.207;6.442;1012.440;375.339;191.474;802.832;1282.228;1386.269;1801.452;1544.409;2417.347;665.712;3356.925;8.791;2324.119;1488.348;1928.219;353.594;693.557;2910.343;3597.085;1084.482;2566.363;3356.232;3065.665;271.581;216.460;549.302;3340.707;281.368;1464.660;3449.613;1810.505;2781.112;1098.470;2272.289;3149.754;-1.473;2676.009;3586.665;2623.780;1046.246;3045.362;333.112;1641.054;3413.486;1030.147;1086.189;349.320;6.063;2727.489;791.119;935.138;1868.935;3.010;1969.823;585.149;2041.396;2505.329;301.723;1535.976;2392.179;1414.720;96.798;2038.580;2368.224;1871.402;3406.229;2192.878;3287.896;437.844;592.141;2842.820;1488.834;723.456;3355.798;1343.336;2740.265;2399.171;3027.802;2334.228;2888.187;1218.641;655.304;3351.306;1507.797;3601.208;2209.284;2436.071;224.496;3567.899;1535.608;1937.161;1372.877;982.645;3295.174;2098.298;-0.360;2416.271,1309.524;1891.513;3466.816;1474.598;3329.114;2372.149;13.601;3485.101;2361.218;3575.879;481.905;569.868;3276.005;2716.249;-0.269;2560.340;2833.129;3173.221;2594.103;612.191;13.919;6.811;-4.068;1008.021;3563.684;1980.235;1687.001;2917.179;420.165;985.143;2070.302;3603.164;1893.291;-8.022;3035.418;860.375;2874.035;1563.730;3169.265;2550.971;1725.983;344.483;261.689;476.957;215.786;168.781;742.251;2434.647;2064.876;-3.024;308.385;3590.443;1737.867;699.752;905.222;2710.773;473.992;2284.397;3558.115;3098.157;747.963;1544.954;2247.795;3009.718;562.107;188.096;113.435;1851.689;2236.350;2045.723;1175.645;3569.896;2002.215;1308.015;1931.418;2759.629;2495.829;1094.499;195.233;1436.190;2239.219;826.441;2767.282;431.575;1118.112;3119.091;747.493;2443.640;1653.606;3360.822;1217.656;278.938;2567.703;2736.263;3231.612;3370.354;12.702;1130.919;2130.947;3568.882
46,81.8588330745697,45,-548.4817868963912,548.4817868963912,0.5135244458782614,1611.232;2730.021;0.467;1034.173;384.015;171.599;742.178;1261.889;1440.765;1791.125;1559.204;2454.607;654.917;3393.018;2.496;2290.483;1497.113;1939.059;387.332;675.705;2838.954;3600.367;1097.452;2612.537;3359.621;3098.552;224.196;197.068;593.644;3356.340;257.640;1476.945;3508.909;1740.493;2758.880;1086.805;2272.171;3151.356;22.662;2707.586;3577.132;2695.670;1067.764;3073.704;296.770;1685.876;3404.526;1033.319;1055.931;325.451;-9.262;2794.590;722.314;900.425;1838.386;-15.947;1964.638;569.625;2050.041;2549.389;290.745;1551.046;2411.073;1407.378;112.051;2070.319;2346.113;1873.469;3396.398;2178.225;3289.534;460.064;623.817;2833.176;1506.078;733.971;3365.054;1301.369;2757.591;2420.956;3015.401;2297.444;2893.779;1254.000;707.019;3391.901;1517.103;3600.451;2174.225;2431.832;212.323;3594.072;1523.091;1943.833;1370.302;957.220;3287.999;2151.948;-2.406;2394.998,1315.860;1964.314;3433.745;1492.184;3310.269;2356.350;13.574;3492.252;2333.072;3589.072;458.788;609.028;3267.201;2770.527;14.829;2555.250;2828.754;3178.550;2623.852;650.353;19.549;-15.717;-11.657;1032.143;3586.261;1922.329;1647.272;2897.149;365.132;970.078;2086.410;3591.109;1907.549;-12.352;3048.746;806.503;2887.476;1543.443;3177.750;2514.568;1680.059;351.941;267.400;474.021;233.033;191.584;769.062;2416.421;2056.673;15.685;292.879;3591.545;1714.728;717.911;877.615;2688.485;486.834;2266.908;3543.600;3080.371;769.615;1550.689;2248.303;3022.732;549.448;146.450;119.745;1880.880;2244.491;2011.921;1208.511;3618.463;2007.054;1318.950;1967.163;2784.534;2511.639;1093.057;168.479;1411.515;2251.219;790.005;2789.994;446.624;1160.697;3129.841;762.582;2431.242;1617.812;3387.617;1220.730;310.144;2615.965;2784.620;3248.565;3380.798;11.656;1135.887;2113.872;3610.445
51,91.09130811691284,50,-548.7806960141637,548.7806960141637,0.4726398214688529,1570.896;2740.204;10.452;1012.503;401.026;220.571;709.886;1228.939;1489.789;1777.803;1593.167;2514.475;633.903;3427.990;-6.107;2280.569;1530.896;1971.779;398.282;625.189;2821.715;3591.652;1097.164;2621.233;3403.833;3051.792;215.545;224.199;598.927;3394.715;202.785;1453.678;3568.448;1683.454;2801.657;1064.386;2305.125;3151.926;-11.450;2706.613;3565.419;2663.460;1095.266;3058.765;315.646;1732.693;3391.462;993.528;1054.975;300.917;25.982;2841.585;681.769;906.258;1903.243;-0.987;2003.526;604.152;2037.869;2516.661;258.291;1593.430;2369.997;1409.451;70.099;2023.699;2377.145;1913.986;3385.200;2161.580;3277.214;455.771;655.487;2821.674;1509.880;740.061;3389.553;1277.584;2779.237;2436.407;3067.426;2244.493;2909.058;1255.502;697.343;3385.741;1513.530;3610.995;2144.411;2401.993;180.599;3598.153;1473.088;1936.694;1358.916;919.779;3264.670;2163.929;5.637;2436.221,1311.222;2023.806;3501.938;1458.974;3332.306;2405.739;-15.388;3465.360;2310.284;3605.951;476.862;649.064;3231.734;2820.032;5.151;2521.503;2813.257;3176.007;2592.613;633.464;-21.435;6.181;27.784;1020.046;3588.248;1890.599;1632.984;2897.248;367.306;997.604;2025.015;3589.471;1891.360;4.034;3018.674;834.864;2860.365;1540.961;3196.069;2558.060;1618.307;349.913;241.623;468.375;176.950;212.908;782.579;2447.922;2085.040;-10.305;300.007;3598.041;1698.385;712.582;879.652;2740.085;512.336;2255.720;3521.981;3137.680;791.286;1601.612;2238.961;3017.706;570.155;88.574;115.803;1834.168;2176.276;2011.226;1197.315;3596.822;2000.407;1305.721;1950.854;2786.559;2533.376;1111.371;168.560;1481.448;2291.077;752.154;2775.826;424.095;1175.727;3164.969;794.104;2423.104;1593.438;3383.958;1239.411;295.279;2585.913;2806.601;3209.957;3408.674;18.090;1135.042;2156.550;3571.606
56,100.11695218086243,55,-551.0065478059834,551.0065478059834,0.43464981206288905,1609.369;2701.557;4.950;1073.755;356.424;147.311;680.354;1191.829;1505.841;1780.287;1602.428;2535.284;631.868;3435.126;1.823;2287.935;1488.510;1978.335;461.239;595.638;2790.180;3603.170;1125.158;2612.277;3451.425;2999.422;169.686;209.173;604.144;3389.528;159.056;1457.952;3599.287;1674.109;2812.627;1059.319;2293.739;3175.751;8.601;2696.037;3537.107;2729.207;1146.842;3043.115;301.882;1733.916;3443.503;972.357;1036.243;314.414;31.601;2885.453;710.215;885.782;1936.635;-16.354;1989.744;569.266;2078.730;2553.053;202.256;1549.577;2310.838;1429.490;70.943;2047.639;2342.893;1892.026;3398.121;2232.520;3300.430;456.584;658.850;2800.276;1528.092;783.297;3418.902;1285.395;2825.303;2466.482;3106.264;2249.543;2940.769;1205.009;701.661;3450.564;1471.033;3605.013;2140.196;2399.955;135.703;3593.011;1484.028;1899.014;1334.547;940.222;3200.366;2162.401;-2.235;2449.354,1307.987;2038.472;3576.657;1441.371;3372.737;2407.684;-1.260;3508.755;2314.881;3580.024;477.442;616.911;3178.548;2818.423;7.954;2549.597;2822.951;3173.691;2573.993;610.762;-8.917;-7.212;-11.388;1022.469;3605.424;1892.409;1658.685;2894.476;338.052;985.244;1999.774;3615.636;1858.986;4.247;2994.521;833.697;2814.529;1595.352;3162.072;2502.929;1555.226;339.332;235.459;508.294;182.903;200.416;788.408;2423.774;2034.371;-10.475;328.640;3593.096;1628.642;757.693;898.033;2771.493;475.877;2232.402;3585.409;3160.421;838.587;1636.788;2302.046;3019.136;606.169;81.519;97.167;1817.847;2132.750;2001.932;1215.471;3596.843;2038.035;1288.944;1999.417;2813.605;2553.335;1130.356;169.457;1510.641;2275.927;773.697;2828.783;484.022;1223.454;3175.125;813.563;2429.996;1636.808;3348.405;1233.173;272.523;2588.169;2804.278;3204.269;3362.950;13.635;1113.671;2159.328;3585.650
61,109.201651096344,60,-552.7045538073578,552.7045538073578,0.19920839304179122,1600.033;2740.096;0.973;1065.278;372.334;107.848;667.317;1205.738;1495.288;1761.102;1641.441;2528.693;628.886;3449.448;10.080;2255.499;1459.746;2041.772;496.524;564.760;2833.000;3599.444;1171.193;2608.967;3482.274;2930.559;141.764;252.187;614.931;3405.246;98.100;1483.417;3595.570;1722.051;2790.515;1121.697;2274.578;3161.809;11.710;2688.877;3608.052;2750.897;1179.211;3068.661;266.185;1690.733;3445.536;953.580;1020.422;325.594;0.575;2917.845;684.731;851.115;1914.924;24.051;1977.280;590.439;2084.096;2584.354;185.692;1587.862;2303.037;1451.804;86.938;1999.894;2320.877;1836.805;3426.395;2245.874;3334.210;431.793;630.227;2831.206;1541.279;761.231;3455.662;1265.578;2781.630;2473.434;3109.324;2265.417;2945.631;1144.055;684.646;3505.418;1471.646;3599.813;2188.501;2421.881;157.564;3579.925;1484.091;1928.060;1333.435;894.970;3182.868;2152.435;50.969;2408.850,1312.016;2087.861;3561.994;1429.150;3381.530;2456.830;6.331;3517.205;2307.211;3599.033;503.550;574.851;3174.972;2847.799;-8.092;2508.885;2833.088;3135.414;2548.398;613.148;-6.050;-0.275;16.595;1009.730;3585.290;1889.751;1608.057;2875.817;322.651;981.078;1959.902;3575.584;1872.851;-5.049;3002.137;848.724;2786.621;1622.164;3140.693;2544.995;1545.830;352.314;216.451;530.582;194.244;235.337;749.563;2421.173;1999.222;1.595;361.845;3599.877;1670.012;770.304;891.923;2791.818;472.723;2252.741;3601.431;3188.847;892.810;1628.783;2286.106;3026.715;615.378;26.202;84.940;1807.026;2165.791;2008.948;1261.915;3601.292;2064.610;1276.130;2010.016;2850.558;2562.461;1123.046;185.827;1457.682;2257.554;807.651;2851.398;470.139;1216.032;3189.279;784.992;2369.839;1654.445;3377.686;1270.987;271.373;2555.377;2788.314;3170.890;3396.457;-0.577;1136.859;2174.223;3601.970
66,117.9276909828186,65,-553.1315174939325,553.1315174939325,0.44746681944164024,1589.047;2707.921;5.937;1066.978;338.301;59.040;734.244;1182.227;1504.799;1776.397;1635.615;2556.623;650.449;3468.740;9.755;2251.150;1472.378;2052.855;452.140;520.091;2871.554;3606.708;1195.270;2583.449;3520.417;2971.461;123.014;269.295;625.363;3369.985;94.911;1478.289;3595.752;1753.394;2832.899;1091.075;2237.548;3124.421;-9.561;2628.131;3598.581;2752.893;1189.907;3091.995;260.478;1646.406;3500.353;953.236;1041.232;340.397;-20.186;2900.226;647.172;800.531;1871.862;10.753;1976.577;538.358;2067.376;2627.787;201.482;1577.090;2290.106;1431.339;81.645;1993.128;2311.326;1868.945;3437.975;2277.357;3327.212;461.671;663.782;2887.700;1588.632;779.106;3464.477;1248.597;2758.387;2518.020;3110.625;2284.474;2972.046;1141.271;664.157;3503.539;1488.355;3594.314;2239.156;2481.565;137.433;3565.069;1475.061;1892.221;1310.812;884.876;3214.926;2190.784;68.349;2350.396,1300.352;2095.113;3599.503;1457.189;3383.084;2506.026;3.516;3522.359;2286.645;3611.164;500.157;522.738;3191.616;2837.410;18.071;2533.580;2839.478;3113.852;2545.099;601.450;13.543;-7.643;0.175;1041.360;3595.902;1911.991;1626.772;2902.354;324.369;935.521;1990.405;3610.127;1883.153;22.636;3008.144;869.154;2811.147;1631.122;3196.905;2557.389;1536.121;401.415;254.443;560.063;172.605;218.527;766.187;2440.589;2026.037;0.516;373.770;3604.883;1676.570;725.626;896.904;2773.603;485.508;2230.557;3595.648;3181.821;937.828;1668.521;2336.227;3043.455;657.453;-12.540;31.409;1831.114;2171.138;1959.736;1219.179;3600.746;2033.170;1205.190;2000.242;2778.150;2579.648;1147.903;184.604;1426.074;2242.261;798.802;2856.244;519.851;1192.947;3224.628;784.315;2345.383;1598.908;3392.965;1232.557;261.644;2566.310;2770.727;3223.973;3372.680;7.221;1142.040;2160.420;3582.088
71,126.76574110984802,70,-554.5454894038246,554.5454894038246,0.07067011344415496,1609.378;2690.277;4.066;1018.239;358.333;28.092;755.631;1169.722;1521.965;1765.681;1622.553;2566.112;663.640;3472.822;-1.721;2241.509;1474.686;2027.948;413.578;491.752;2870.180;3584.155;1203.128;2619.012;3510.262;2956.312;109.005;267.313;651.554;3392.722;84.825;1458.494;3600.640;1736.448;2829.198;1116.058;2233.131;3074.994;-1.341;2682.613;3595.309;2742.511;1167.722;3067.092;264.960;1636.700;3529.249;979.223;1037.409;378.949;-0.401;2947.171;648.983;784.251;1863.918;10.894;2015.128;558.897;2043.631;2624.298;153.549;1577.380;2292.076;1425.789;62.187;2034.087;2331.686;1862.386;3481.334;2237.109;3361.738;428.565;657.031;2908.794;1566.615;784.371;3478.560;1238.044;2773.281;2553.226;3105.016;2321.690;2990.062;1142.711;696.064;3525.159;1512.619;3580.164;2259.446;2502.271;139.572;3577.426;1491.430;1862.492;1342.345;877.303;3221.098;2169.124;54.077;2359.666,1264.149;2098.006;3595.515;1448.585;3333.561;2467.336;4.727;3512.567;2309.107;3591.762;520.943;544.850;3212.443;2830.264;20.703;2549.923;2891.134;3163.161;2605.571;594.808;7.148;-3.020;18.350;1072.418;3595.451;1916.645;1605.242;2885.137;271.732;945.990;1935.214;3580.599;1862.265;9.034;3037.131;852.716;2829.933;1636.644;3264.331;2497.007;1578.381;366.599;272.043;580.278;161.231;184.432;706.510;2398.060;2018.140;8.061;375.565;3564.928;1697.186;659.862;887.261;2808.029;483.088;2278.557;3590.546;3202.740;975.687;1676.645;2381.581;3041.388;671.662;17.954;42.678;1820.002;2104.935;1942.704;1214.815;3594.958;2033.021;1152.482;1993.198;2709.644;2568.883;1208.314;166.270;1416.942;2242.529;819.533;2843.580;520.706;1174.279;3252.474;804.954;2377.910;1597.837;3434.394;1252.106;284.914;2578.843;2720.629;3228.921;3392.060;12.767;1128.447;2140.376;3602.609
76,135.45260977745056,75,-555.3173135205943,555.3173135205943,0.26452927334699994,1621.128;2640.609;3.911;1009.457;375.439;31.043;770.748;1158.611;1509.105;1749.278;1679.650;2573.990;597.529;3532.352;-1.213;2229.176;1483.352;2005.647;386.540;484.694;2865.064;3608.563;1240.402;2601.756;3542.337;2967.754;80.550;236.814;638.457;3447.783;23.462;1455.531;3600.948;1743.983;2810.254;1111.440;2203.405;3086.438;-8.292;2722.215;3596.379;2695.195;1118.318;3039.423;267.816;1591.927;3540.680;1000.497;1069.091;346.397;2.440;2966.995;619.676;748.328;1823.735;-5.662;2055.351;524.508;2068.029;2647.077;121.701;1580.328;2300.764;1422.258;51.003;2016.584;2366.113;1912.811;3509.688;2205.268;3324.337;446.926;686.027;2927.044;1565.908;810.035;3460.926;1215.759;2785.238;2579.429;3102.557;2358.377;3001.554;1165.890;693.242;3549.765;1537.231;3585.870;2240.419;2527.431;200.381;3592.026;1509.684;1875.787;1342.592;911.691;3238.577;2163.596;58.808;2398.164,1280.871;2127.429;3588.662;1468.442;3375.763;2457.219;-5.389;3526.096;2294.605;3601.723;519.712;544.657;3162.765;2814.599;34.028;2550.534;2870.292;3160.147;2619.316;578.079;-2.756;-0.179;41.088;1058.060;3595.933;1920.133;1571.539;2907.645;285.472;990.255;1907.080;3565.236;1844.760;-11.715;3031.638;880.373;2816.531;1650.651;3249.628;2472.820;1517.680;350.837;221.801;619.338;154.394;195.362;727.838;2395.384;1970.622;0.358;391.199;3568.769;1728.033;694.037;942.542;2801.867;435.432;2285.690;3541.464;3248.020;1028.073;1669.135;2383.185;3055.537;689.676;17.880;67.913;1823.419;2097.783;1966.017;1205.624;3588.187;2071.909;1137.848;1988.228;2734.315;2564.129;1196.977;171.693;1396.201;2249.556;816.372;2857.957;552.920;1161.798;3240.201;789.071;2381.950;1559.396;3424.117;1225.069;282.923;2596.569;2758.804;3271.830;3406.961;42.118;1153.426;2118.520;3598.141
81,144.27624702453613,80,-556.0300607937494,556.0300607937494,0.36810122296711306,1589.502;2640.160;2.297;991.467;378.857;48.134;798.585;1147.017;1486.639;1755.194;1701.115;2562.385;640.810;3530.175;10.341;2240.705;1475.835;2036.481;381.803;452.513;2856.804;3587.659;1266.189;2616.644;3584.822;2970.716;54.420;219.395;602.832;3482.019;30.214;1408.590;3595.673;1728.387;2825.433;1158.662;2225.613;3091.616;5.681;2744.015;3577.974;2675.126;1141.277;3057.885;234.330;1582.339;3555.435;999.850;1034.921;391.553;23.295;2970.516;584.935;793.525;1820.731;23.966;2095.550;466.525;2044.244;2687.399;125.601;1552.387;2272.160;1417.320;33.367;2057.211;2413.512;1901.082;3534.460;2234.717;3361.941;437.871;737.963;2936.474;1572.751;778.292;3491.797;1191.593;2799.326;2572.061;3133.394;2349.474;2981.991;1147.226;674.076;3522.797;1513.435;3606.243;2213.444;2555.086;151.447;3597.898;1493.047;1881.237;1401.810;877.041;3264.806;2184.161;36.408;2369.587,1274.769;2133.924;3598.134;1514.286;3368.510;2445.769;-6.007;3582.892;2314.739;3620.644;523.776;583.933;3131.123;2857.015;13.460;2541.188;2863.512;3173.137;2621.987;553.178;24.583;-1.459;-10.945;1071.459;3593.646;1929.750;1566.022;2960.040;307.915;957.341;1882.249;3573.880;1830.739;-3.575;3040.304;906.099;2770.297;1621.586;3233.666;2478.709;1530.597;358.559;234.139;581.250;170.704;226.732;729.324;2406.542;1988.351;-6.813;425.979;3599.021;1704.025;705.406;957.403;2784.824;443.169;2248.172;3573.659;3233.724;996.119;1660.717;2335.255;3046.698;670.040;47.721;-1.382;1781.062;2079.089;1978.705;1237.572;3590.692;2097.956;1150.427;1984.451;2726.475;2587.623;1198.858;196.704;1390.963;2261.436;836.310;2814.874;540.148;1155.645;3252.153;770.964;2381.852;1557.471;3450.175;1258.235;296.555;2582.835;2819.286;3265.643;3424.766;4.616;1113.507;2132.588;3571.065
86,152.94608759880066,85,-556.6390471634352,556.6390471634352,0.2922506887211627,1576.143;2609.998;2.462;980.230;380.031;6.157;752.413;1170.961;1506.156;1757.033;1710.755;2567.247;653.203;3518.732;2.915;2232.294;1451.775;2059.962;361.947;444.628;2857.461;3602.202;1273.137;2616.903;3586.105;2981.599;6.120;184.573;601.013;3508.629;50.196;1416.043;3594.378;1714.642;2815.786;1181.985;2240.350;3107.398;9.072;2793.105;3582.817;2708.009;1181.404;3120.390;198.936;1561.691;3609.427;1006.907;1027.416;410.870;46.344;3016.421;555.402;815.397;1862.578;13.951;2109.588;477.731;2015.963;2690.468;143.640;1590.916;2288.064;1446.316;-3.496;2072.821;2357.869;1896.183;3519.469;2227.644;3371.893;468.853;757.941;2891.782;1577.505;779.592;3540.184;1141.206;2799.165;2559.242;3162.234;2344.498;2953.552;1142.016;673.170;3544.575;1533.110;3603.862;2218.104;2583.792;109.402;3559.070;1443.627;1870.858;1362.662;821.670;3261.617;2212.906;3.589;2348.074,1274.068;2137.772;3599.690;1513.200;3349.677;2497.102;59.535;3575.230;2329.710;3584.193;488.390;548.730;3102.498;2894.909;-5.667;2536.771;2876.291;3141.053;2577.419;579.076;-4.115;5.407;-0.662;1082.861;3597.529;1893.279;1527.703;2985.657;321.265;948.612;1862.963;3590.969;1834.213;-9.567;3038.089;859.805;2793.928;1608.050;3256.366;2467.490;1561.019;377.709;195.280;522.926;171.354;260.213;745.786;2409.576;1927.404;-6.571;429.629;3579.322;1757.290;736.843;935.071;2801.845;434.478;2257.618;3599.217;3291.029;983.362;1629.140;2335.228;3037.857;638.681;9.317;16.943;1789.800;2026.990;1988.712;1218.065;3594.797;2112.203;1146.514;2005.872;2706.499;2602.280;1235.171;204.557;1372.825;2269.050;855.946;2774.517;535.389;1182.936;3277.072;804.035;2382.339;1564.073;3459.062;1279.887;305.768;2593.128;2795.391;3258.546;3452.831;1.747;1144.968;2125.973;3611.237
91,161.7137885093689,90,-557.984298526226,557.984298526226,0.25783494079564345,1595.319;2653.851;41.523;996.231;410.231;0.705;752.453;1159.795;1472.328;1743.156;1741.353;2569.439;656.036;3560.678;14.671;2260.941;1434.994;2091.466;346.274;420.054;2884.992;3597.143;1265.113;2640.359;3592.710;2953.069;8.847;115.032;564.750;3563.970;6.882;1407.039;3575.096;1703.865;2828.475;1159.764;2264.205;3121.827;0.428;2775.435;3609.144;2704.450;1180.676;3162.491;182.037;1503.179;3606.398;1043.040;980.958;396.227;-6.820;3023.658;539.835;788.751;1847.285;43.948;2139.070;465.094;2003.032;2681.717;170.277;1571.254;2256.634;1423.554;2.943;2072.466;2360.855;1841.609;3579.423;2234.192;3345.761;465.441;761.900;2893.349;1615.469;792.385;3575.853;1169.632;2792.732;2544.184;3202.891;2380.904;2975.121;1173.254;683.134;3599.558;1567.542;3560.075;2209.176;2562.395;43.705;3609.266;1455.891;1864.877;1406.521;852.633;3256.445;2174.606;2.441;2391.412,1306.801;2144.947;3600.941;1512.800;3346.325;2485.950;64.994;3553.081;2305.670;3557.569;468.855;582.847;3090.484;2924.155;-0.891;2551.003;2867.952;3131.772;2548.255;547.706;3.528;38.317;11.591;1059.350;3594.981;1859.658;1560.207;3034.541;307.075;976.270;1873.766;3586.016;1783.980;7.143;3037.903;868.202;2856.181;1632.250;3257.697;2423.916;1496.874;378.675;171.552;518.694;205.758;275.115;693.666;2436.121;1875.869;-1.887;444.427;3591.653;1743.305;768.257;953.951;2809.099;402.665;2295.332;3591.971;3243.695;1047.398;1629.676;2331.303;3068.017;691.861;4.182;41.131;1765.878;2011.607;2025.375;1259.563;3608.577;2153.731;1132.698;2028.918;2665.508;2621.358;1235.425;162.302;1392.864;2303.195;848.491;2785.582;518.333;1160.481;3290.479;746.944;2347.890;1546.013;3424.729;1305.011;315.642;2586.682;2732.116;3249.500;3487.581;2.875;1161.325;2181.964;3599.572
96,170.54514145851135,95,-559.1941666568367,559.1941666568367,0.38613683158148693,1603.678;2714.331;10.970;989.159;403.172;2.479;759.754;1192.506;1469.988;1741.273;1760.907;2577.632;643.537;3595.889;-8.339;2264.240;1410.459;2084.168;331.917;416.589;2876.312;3606.296;1265.261;2601.806;3593.699;2950.631;18.001;92.408;561.791;3594.386;7.900;1449.757;3592.842;1706.786;2820.334;1149.728;2295.561;3110.160;-12.045;2742.243;3589.985;2687.498;1165.801;3195.723;199.568;1514.166;3586.669;1017.639;951.087;356.520;20.892;3076.613;519.232;768.229;1834.539;81.403;2129.440;482.576;2028.437;2695.648;128.873;1570.531;2218.957;1423.913;-1.592;2059.767;2386.860;1833.060;3604.022;2258.088;3361.839;430.417;726.735;2920.440;1627.434;836.365;3584.275;1194.396;2809.832;2532.930;3221.943;2378.180;2987.519;1178.446;644.333;3594.430;1579.271;3599.605;2232.047;2547.429;-6.934;3598.968;1445.546;1891.569;1411.262;816.912;3251.622;2189.161;-8.189;2436.594,1286.656;2161.813;3614.767;1539.734;3353.956;2485.644;28.383;3585.273;2291.023;3591.311;468.720;545.548;3063.301;2952.919;-1.328;2561.863;2851.838;3152.056;2511.976;558.388;0.828;7.822;6.395;1043.559;3595.500;1838.434;1606.501;3035.798;306.444;971.599;1866.796;3571.942;1818.800;8.556;3024.198;866.821;2851.782;1621.740;3236.884;2375.196;1504.580;354.481;189.696;548.212;199.462;238.901;694.919;2441.189;1843.944;3.985;459.151;3602.461;1695.403;779.286;954.118;2790.269;415.122;2335.111;3595.871;3245.709;1041.307;1612.860;2307.414;3054.330;663.613;12.058;14.621;1811.175;2073.308;2010.364;1273.418;3603.544;2164.756;1119.296;2044.042;2706.207;2637.521;1227.136;160.002;1384.822;2316.772;836.498;2808.475;512.004;1192.824;3259.786;756.038;2344.255;1600.296;3414.916;1264.458;276.858;2617.049;2710.726;3274.633;3533.170;17.357;1139.029;2150.450;3611.243
101,179.18165349960327,100,-559.9443999672354,559.9443999672354,0.33117697886631275,1629.687;2745.281;-11.559;995.101;392.567;8.898;736.613;1172.361;1493.544;1725.889;1755.014;2581.956;627.112;3591.407;-1.684;2246.352;1408.390;2088.097;318.293;435.537;2917.003;3611.937;1232.231;2636.063;3591.214;2959.386;39.495;61.564;593.750;3574.502;9.678;1464.245;3584.260;1694.605;2825.793;1111.845;2345.796;3062.335;32.014;2758.329;3600.804;2694.613;1179.555;3205.195;225.841;1533.967;3568.119;1001.252;914.822;333.200;25.154;3087.863;466.815;763.055;1814.554;55.457;2156.341;507.307;2021.721;2678.129;103.901;1550.007;2198.422;1428.186;7.909;2062.679;2407.182;1840.929;3583.665;2258.505;3416.689;416.667;743.901;2930.727;1623.947;828.767;3598.952;1164.874;2769.800;2549.655;3206.203;2392.310;3000.161;1144.447;659.040;3598.829;1560.464;3593.927;2225.839;2547.029;9.711;3594.549;1471.769;1883.931;1416.493;794.321;3294.618;2201.364;-6.681;2474.312,1278.082;2176.275;3592.330;1547.107;3367.548;2451.316;25.572;3592.782;2338.460;3597.192;476.203;563.989;3028.260;2974.486;11.698;2538.059;2836.491;3170.781;2554.088;604.558;4.147;-0.928;-10.013;1025.239;3606.740;1862.715;1575.639;3017.174;303.870;986.618;1841.654;3570.511;1787.660;-2.889;3026.591;870.944;2851.680;1586.544;3234.719;2424.273;1534.477;337.184;203.435;549.831;161.780;279.808;684.756;2432.213;1819.979;-4.298;432.102;3592.579;1741.289;742.606;901.032;2811.060;417.578;2339.568;3589.249;3231.598;1029.566;1670.219;2254.665;3047.804;663.374;8.177;0.058;1796.415;2046.271;1996.220;1270.390;3598.987;2116.774;1134.420;2049.840;2740.396;2647.269;1194.260;149.448;1390.207;2343.199;847.988;2755.889;538.272;1206.402;3233.897;776.453;2324.288;1575.337;3439.721;1294.391;268.626;2613.227;2743.897;3277.923;3551.079;-0.026;1143.551;2147.872;3607.502
121,214.2491316795349,120,-560.9902495461043,560.9902495461043,0.39200208873058284,1587.492;2784.280;-0.818;1029.366;373.692;9.379;709.805;1124.447;1528.358;1766.209;1810.531;2614.734;634.793;3595.431;7.384;2264.974;1449.506;2074.741;332.897;443.939;2869.040;3597.075;1239.279;2572.952;3596.456;2842.412;-2.276;-3.243;573.228;3561.678;15.169;1412.160;3591.324;1721.010;2811.961;1136.358;2374.773;3174.560;-5.796;2765.389;3589.694;2726.441;1116.187;3263.414;250.425;1538.393;3605.308;882.481;939.759;329.132;0.049;3194.063;471.428;739.840;1856.474;-6.561;2178.873;495.776;2076.514;2701.294;7.290;1537.390;2211.604;1423.162;11.153;2048.484;2349.680;1895.024;3597.522;2230.519;3541.662;340.901;720.852;2980.813;1558.301;884.906;3598.357;1104.469;2834.684;2566.509;3218.007;2413.264;3024.533;1161.292;676.263;3575.630;1533.966;3603.164;2244.213;2577.327;-1.663;3592.001;1480.525;1848.713;1353.446;742.225;3258.496;2145.410;12.135;2492.717,1303.179;2112.216;3588.315;1490.369;3319.235;2385.062;-0.955;3593.960;2274.738;3603.787;375.209;522.975;3071.135;2980.889;-19.568;2539.101;2775.728;3206.635;2622.026;698.441;-12.975;21.532;0.088;1108.107;3595.802;1771.254;1541.695;3035.201;305.790;938.075;1751.561;3602.574;1846.696;-4.743;3036.993;812.148;2835.752;1543.758;3270.774;2373.120;1578.464;322.298;186.104;568.577;159.214;225.705;689.892;2436.329;1801.622;4.509;468.922;3574.247;1751.718;768.861;962.784;2774.549;482.654;2401.908;3597.978;3251.146;1033.244;1703.567;2299.233;3072.799;708.111;-0.662;18.033;1826.502;2106.789;1936.708;1249.488;3595.770;2087.307;1016.013;2068.210;2787.853;2639.861;1234.784;195.125;1367.054;2361.325;781.436;2742.535;510.118;1193.228;3278.416;847.715;2386.496;1570.709;3431.914;1272.086;284.216;2578.366;2797.357;3297.223;3569.489;12.099;1172.862;2091.260;3606.780
141,249.72181010246277,140,-561.343160451022,561.343160451022,0.2881603557415171,1625.304;2832.588;-1.003;1015.054;374.908;3.157;730.009;1065.598;1520.261;1763.897;1861.546;2659.337;622.383;3601.513;-1.495;2334.277;1442.887;2141.965;428.873;460.519;2908.395;3611.774;1209.456;2603.275;3550.478;2894.348;-3.776;27.772;568.725;3592.624;6.752;1317.788;3572.864;1695.731;2836.389;1095.915;2313.520;3099.591;-5.867;2747.977;3606.945;2746.839;1140.956;3283.033;214.685;1557.579;3589.547;927.997;955.845;320.619;53.530;3217.025;519.712;686.717;1845.964;2.634;2199.240;486.219;2050.069;2714.975;18.719;1578.483;2294.069;1400.274;10.737;2017.416;2300.071;1914.622;3608.565;2187.521;3576.188;329.968;685.678;3008.899;1562.893;848.168;3599.208;1078.502;2824.964;2564.788;3198.797;2428.919;3008.463;1134.178;595.936;3577.321;1516.769;3580.325;2235.320;2626.915;12.887;3586.348;1478.259;1868.602;1371.273;761.775;3307.375;2136.485;0.937;2522.261,1305.472;2074.718;3581.195;1463.352;3370.011;2461.026;27.720;3576.228;2330.276;3573.837;344.937;517.099;3076.922;2988.929;7.627;2513.668;2818.327;3259.836;2655.795;593.174;-6.214;20.240;11.332;1042.370;3608.042;1856.750;1573.104;3029.683;333.127;977.062;1782.942;3598.240;1847.776;4.806;3037.669;794.416;2843.794;1539.510;3258.601;2338.321;1619.694;318.433;184.029;595.108;196.959;210.838;677.473;2422.914;1822.028;-1.127;499.465;3570.046;1758.790;860.758;973.580;2760.787;501.932;2353.321;3595.690;3260.068;1035.234;1643.341;2245.874;3065.615;750.157;12.308;36.534;1806.361;2117.704;1913.636;1256.635;3600.583;2060.669;1060.634;2038.953;2853.076;2609.514;1242.343;155.698;1350.353;2453.206;792.932;2780.378;552.553;1222.746;3271.293;830.839;2317.809;1543.081;3438.283;1261.598;285.128;2523.193;2805.247;3318.283;3554.302;3.558;1140.430;2103.995;3598.300
161,286.0918514728546,160,-561.7706960682826,561.7706960682826,0.15317762811355778,1600.404;2854.653;1.538;1046.061;363.543;4.459;743.977;1003.936;1515.601;1767.193;1883.354;2648.579;624.623;3598.826;-3.274;2268.220;1422.881;2179.094;452.692;475.782;2908.947;3600.639;1185.162;2608.521;3603.706;2887.452;7.531;-3.352;542.439;3597.701;-2.460;1348.344;3590.154;1656.872;2877.843;1137.513;2234.727;3077.110;2.433;2806.841;3594.656;2800.347;1148.592;3199.366;161.067;1579.842;3601.979;912.809;1040.682;325.539;-4.654;3149.973;468.803;636.438;1888.046;0.909;2165.995;464.780;2149.672;2760.160;-0.839;1612.991;2251.362;1373.862;8.056;1988.241;2358.141;1972.146;3597.932;2260.176;3592.829;313.476;648.400;3098.927;1525.578;861.754;3594.633;1068.164;2844.211;2572.639;3186.875;2401.517;2992.282;1149.049;603.959;3599.198;1508.819;3596.755;2227.519;2660.914;-0.817;3604.128;1515.166;1819.228;1373.738;674.003;3319.562;2186.224;-1.816;2530.138,1316.069;2059.072;3593.744;1466.288;3400.063;2431.633;-4.853;3584.902;2272.664;3596.194;388.118;546.732;3087.231;2994.603;9.355;2593.178;2843.561;3234.121;2674.277;611.656;1.938;-1.504;-1.803;1016.195;3586.200;1835.370;1544.229;2959.466;269.405;1012.830;1787.300;3595.819;1839.052;6.816;3021.562;818.833;2904.971;1549.362;3223.734;2311.817;1587.024;345.192;218.885;571.172;251.079;217.926;698.877;2382.416;1778.452;2.766;502.144;3573.800;1791.005;816.938;969.218;2774.175;488.719;2342.908;3579.724;3235.444;1050.159;1615.944;2274.205;3095.806;812.102;7.201;1.580;1795.371;2084.080;1969.586;1275.061;3598.357;2078.691;1016.270;2026.711;2818.858;2701.145;1274.670;176.511;1327.920;2496.882;762.555;2720.350;463.682;1208.525;3324.100;851.380;2317.683;1583.845;3418.796;1244.678;359.792;2503.696;2828.653;3367.700;3595.418;12.195;1145.637;2073.826;3593.811
181,322.54823899269104,180,-562.3003365573579,562.3003365573579,0.19247874669043322,1605.683;2879.159;-6.251;1062.728;389.536;1.923;713.555;992.378;1497.766;1783.051;1890.800;2718.012;665.258;3597.812;-2.919;2243.966;1399.911;2151.101;402.822;424.770;2887.920;3600.461;1187.893;2651.691;3587.743;2871.797;9.169;9.334;625.089;3592.484;0.189;1328.509;3590.000;1645.804;2848.961;1129.643;2198.507;3146.940;-2.329;2793.723;3595.874;2768.849;1135.275;3246.885;158.466;1589.069;3595.288;932.205;1009.664;259.834;49.714;3180.483;465.454;701.279;1867.202;5.707;2126.868;442.581;2097.375;2756.211;0.013;1597.782;2283.141;1356.980;21.167;2043.316;2358.700;1967.946;3592.155;2273.998;3593.127;312.819;693.267;3079.214;1537.424;868.258;3592.130;1097.184;2840.517;2543.774;3173.002;2409.347;3023.621;1106.145;522.979;3586.825;1549.950;3591.736;2250.840;2682.601;10.906;3596.663;1465.530;1824.831;1368.069;687.920;3325.494;2192.123;6.045;2558.395,1288.812;2071.946;3573.232;1463.616;3394.909;2432.859;1.739;3609.924;2252.591;3591.782;370.351;583.652;3075.833;3003.215;19.615;2596.828;2872.804;3203.935;2652.087;670.540;2.430;-0.326;4.079;1075.909;3596.676;1790.151;1561.966;3014.648;254.131;1007.062;1815.799;3594.076;1861.981;-3.111;3014.736;794.432;2944.687;1545.628;3216.247;2348.284;1591.619;349.578;197.192;580.901;252.921;215.974;760.778;2454.375;1765.756;3.000;497.456;3597.472;1747.300;833.211;980.992;2755.161;488.195;2331.293;3534.849;3218.427;1010.986;1628.772;2281.976;3083.529;784.002;30.844;-0.518;1817.482;2099.126;1949.762;1283.346;3597.588;2102.356;979.393;1993.384;2842.898;2677.210;1255.496;204.065;1315.542;2489.018;723.050;2757.847;475.175;1217.398;3283.412;794.638;2356.441;1567.606;3402.762;1307.460;338.203;2531.764;2750.201;3357.150;3563.802;41.576;1162.225;2132.910;3605.032
201,359.0314693450928,200,-562.4243591194428,562.4243591194428,0.05805797031816526,1669.891;2901.431;3.172;1060.829;390.188;0.088;720.789;954.296;1473.749;1763.776;1840.000;2709.235;693.132;3592.530;-1.541;2239.589;1408.451;2130.091;392.229;423.631;2907.935;3597.502;1195.122;2633.800;3600.464;2874.470;1.710;13.548;651.984;3599.432;0.549;1312.697;3591.311;1682.771;2896.357;1146.723;2198.548;3167.861;-0.910;2831.173;3600.761;2769.631;1171.073;3288.963;94.115;1591.529;3599.782;939.752;979.351;275.639;39.157;3195.836;530.130;657.392;1870.776;3.978;2121.666;435.659;2084.440;2756.917;2.407;1565.891;2243.648;1378.135;3.963;2053.796;2420.916;2026.822;3596.456;2287.759;3584.801;310.532;710.325;3049.153;1524.923;844.825;3595.827;1096.698;2848.605;2570.547;3128.274;2463.566;3000.579;1082.297;536.747;3597.162;1563.627;3595.093;2203.660;2672.275;6.733;3600.084;1431.862;1861.955;1350.926;663.716;3298.095;2192.655;5.731;2620.236,1287.246;2036.139;3590.860;1469.599;3367.067;2464.595;15.730;3583.977;2197.053;3600.978;377.630;554.674;3068.845;3017.426;2.292;2568.636;2864.336;3209.935;2624.180;649.528;-1.247;1.759;-1.374;1076.761;3597.917;1790.373;1541.721;3014.182;267.255;1021.800;1821.989;3597.578;1860.231;-0.984;2999.947;783.811;2911.267;1562.227;3239.637;2330.949;1593.756;352.668;184.968;591.633;292.979;233.330;734.919;2496.523;1753.071;1.473;516.445;3595.026;1728.380;873.761;925.001;2744.973;509.459;2331.097;3549.972;3229.154;1021.491;1641.011;2286.642;3113.309;758.676;4.146;16.472;1845.260;2110.273;2000.665;1289.699;3586.795;2117.181;975.381;1953.051;2815.338;2681.211;1240.598;182.090;1336.849;2491.550;728.735;2788.264;522.131;1219.376;3296.008;812.770;2382.939;1537.082;3405.617;1304.636;351.090;2519.366;2772.599;3337.386;3597.894;32.212;1173.278;2120.773;3602.766
221,395.1514103412628,220,-562.5471112475342,562.5471112475342,0.15704931080526432,1667.100;2902.289;-4.582;1017.970;387.330;3.176;709.387;958.070;1482.479;1738.062;1821.259;2703.111;733.953;3587.346;4.394;2241.487;1401.508;2166.688;396.253;426.650;2918.649;3602.543;1201.646;2620.869;3595.493;2896.768;5.537;1.426;601.891;3601.027;-3.068;1298.967;3587.864;1686.717;2890.701;1114.865;2203.162;3173.707;-2.762;2806.290;3598.565;2783.670;1174.318;3258.124;44.078;1576.950;3598.538;926.320;960.364;266.421;23.206;3227.231;539.567;682.691;1871.645;2.853;2145.179;449.089;2101.257;2794.075;7.083;1570.293;2258.670;1365.813;14.595;2080.762;2420.669;1967.005;3602.269;2339.133;3596.047;297.184;696.625;3059.396;1529.709;870.782;3596.031;1121.816;2838.115;2573.246;3140.556;2503.379;2972.156;1122.346;516.999;3599.897;1540.845;3602.840;2199.345;2693.908;15.144;3596.606;1417.622;1845.951;1340.674;648.154;3309.543;2170.643;3.846;2601.094,1287.179;2061.751;3604.645;1460.561;3327.688;2441.045;41.996;3542.779;2217.501;3592.833;413.976;540.337;3054.717;3031.297;0.763;2609.384;2850.985;3194.307;2647.587;652.412;2.687;5.482;-2.431;1079.439;3595.407;1757.485;1587.916;3010.183;263.657;969.013;1784.385;3598.022;1900.533;1.355;2990.775;763.664;2906.176;1534.568;3280.954;2327.141;1622.403;351.723;196.667;621.644;331.775;256.567;699.799;2478.074;1774.694;-4.973;566.364;3597.997;1710.816;868.370;909.167;2739.516;466.270;2337.292;3550.814;3231.285;1020.032;1644.801;2292.843;3142.548;753.438;1.842;62.992;1852.049;2137.875;1971.348;1258.126;3588.149;2118.398;983.233;1932.272;2802.775;2681.282;1237.870;153.432;1371.873;2490.858;743.113;2792.579;497.766;1202.882;3300.022;853.630;2387.020;1570.408;3426.255;1303.232;322.261;2532.468;2750.052;3358.838;3592.135;64.745;1158.621;2118.731;3603.682
241,430.3034200668335,240,-563.2080338346598,563.2080338346598,0.0527265544133491,1709.632;2887.215;-1.552;1029.196;394.165;8.470;717.987;967.615;1485.701;1732.167;1867.458;2678.058;755.967;3586.079;-0.434;2222.861;1403.764;2127.974;370.349;440.870;2924.124;3599.336;1198.249;2636.727;3595.598;2949.570;2.628;4.229;634.436;3579.295;0.856;1269.270;3599.309;1670.523;2883.137;1085.958;2201.975;3175.476;2.347;2794.783;3597.505;2787.100;1169.523;3259.631;44.234;1592.725;3599.171;922.203;922.520;256.329;11.770;3201.722;527.366;694.299;1860.416;16.940;2128.249;418.621;2102.097;2785.231;1.458;1600.710;2250.073;1370.560;3.502;2093.500;2407.444;2009.159;3588.534;2326.886;3595.974;304.590;729.536;3083.945;1517.055;829.664;3598.150;1115.950;2856.065;2572.979;3127.162;2537.740;3002.005;1096.769;526.044;3594.409;1484.456;3598.106;2147.874;2704.604;-0.881;3597.843;1461.334;1874.057;1330.997;631.708;3330.307;2206.603;2.705;2623.279,1292.613;2046.781;3592.819;1487.297;3320.029;2464.572;2.975;3583.452;2205.481;3594.229;406.519;510.048;3052.515;3015.354;-1.468;2581.013;2884.277;3215.082;2632.100;644.000;0.173;-1.935;3.503;1080.901;3601.428;1775.817;1566.110;3025.430;228.331;1001.097;1763.608;3600.608;1887.463;1.110;2991.872;726.616;2932.984;1489.932;3287.693;2323.684;1655.616;324.907;202.161;584.653;340.008;252.040;748.737;2490.640;1759.806;5.782;536.785;3581.136;1735.887;910.846;935.474;2796.455;523.854;2298.799;3591.789;3239.891;992.825;1625.881;2304.327;3139.866;801.181;7.535;22.990;1840.847;2134.672;2018.822;1283.170;3601.416;2135.962;1014.391;1931.713;2801.210;2730.092;1234.877;159.689;1350.262;2525.436;746.440;2782.915;475.026;1232.734;3339.512;862.664;2352.688;1566.085;3416.772;1284.805;291.173;2534.112;2735.328;3367.090;3600.591;86.226;1132.354;2079.843;3594.824
261,465.0086977481842,260,-563.3555333736759,563.3555333736759,0.09677274223821188,1706.572;2888.754;4.017;1017.159;387.321;-4.016;723.049;938.549;1495.381;1705.810;1835.262;2698.261;748.646;3598.399;-0.465;2230.076;1421.354;2126.172;368.973;433.859;2916.019;3598.540;1200.542;2627.922;3586.807;2971.139;1.555;1.970;641.208;3598.902;5.085;1273.361;3597.888;1670.198;2916.842;1085.758;2187.004;3140.367;-1.205;2803.767;3598.975;2796.702;1151.511;3266.508;22.523;1595.243;3598.867;890.610;914.211;284.763;10.055;3201.301;539.152;681.627;1896.683;-0.010;2144.882;416.817;2094.763;2765.351;4.734;1608.625;2248.123;1380.928;0.224;2083.585;2398.860;2029.725;3599.745;2318.898;3591.693;340.486;757.594;3086.068;1532.948;826.013;3596.869;1108.697;2870.463;2587.143;3115.953;2557.181;2991.752;1103.718;538.166;3595.559;1497.843;3597.196;2137.772;2704.411;-3.570;3600.784;1455.296;1869.478;1332.763;657.482;3328.911;2201.038;1.277;2645.699,1295.836;2031.030;3594.060;1517.174;3310.538;2446.601;-0.630;3573.927;2224.530;3603.962;416.561;523.030;3040.409;3034.431;1.485;2587.692;2890.122;3256.838;2657.510;635.172;6.024;4.124;0.845;1047.149;3598.085;1793.013;1570.521;3033.949;229.179;1003.418;1765.269;3596.336;1886.293;4.080;3020.892;760.686;2941.166;1463.064;3279.771;2309.208;1650.398;305.499;184.007;579.348;324.547;243.102;786.116;2498.247;1784.239;-0.200;552.503;3572.586;1698.917;910.338;931.068;2784.016;523.179;2304.175;3596.464;3239.577;1021.199;1594.979;2325.186;3137.029;807.017;7.861;29.094;1849.425;2123.713;2039.635;1304.750;3599.451;2129.304;999.133;1899.382;2789.918;2717.015;1211.636;159.660;1388.868;2523.610;775.084;2816.055;478.212;1242.376;3342.792;828.263;2361.367;1554.228;3433.321;1289.349;273.386;2504.162;2729.339;3373.965;3595.337;74.564;1138.770;2061.748;3599.043
281,499.75433015823364,280,-563.5147547885229,563.5147547885229,0.058706559215899345,1689.999;2881.164;-0.142;1012.131;372.713;2.522;697.246;926.660;1495.232;1721.606;1865.884;2694.513;777.526;3597.674;4.807;2222.711;1401.053;2128.878;366.532;411.854;2920.257;3598.348;1193.817;2610.091;3589.727;2972.707;5.092;0.951;655.904;3597.913;-0.127;1292.888;3600.606;1648.832;2919.402;1102.228;2196.466;3144.818;2.240;2823.040;3598.296;2808.648;1150.934;3265.795;1.655;1605.632;3600.848;862.916;930.973;291.919;5.280;3190.584;525.769;686.534;1869.222;-2.076;2129.604;420.941;2102.481;2772.524;1.798;1602.105;2272.870;1377.844;3.434;2097.992;2398.016;2053.630;3595.698;2316.349;3597.534;331.337;761.454;3086.124;1546.067;808.919;3598.295;1089.746;2863.175;2593.745;3122.704;2579.519;3003.295;1130.174;531.650;3597.255;1481.540;3597.782;2133.062;2706.411;0.177;3597.472;1458.359;1866.131;1336.440;663.167;3320.285;2181.607;-2.026;2645.205,1305.092;2035.032;3600.208;1520.389;3313.658;2451.162;0.058;3602.193;2220.457;3599.285;402.073;531.606;3042.592;3021.371;7.122;2593.250;2881.831;3275.601;2663.709;637.774;-0.309;-0.099;2.070;1061.901;3599.536;1769.494;1564.883;3042.845;217.296;1016.233;1772.239;3593.984;1888.941;1.424;3007.679;754.803;2912.240;1467.239;3276.078;2333.397;1614.328;328.888;188.857;575.663;311.278;256.520;761.871;2497.042;1803.540;4.447;546.032;3577.076;1706.765;918.455;935.528;2791.152;523.682;2310.877;3593.491;3248.227;1022.664;1606.436;2331.181;3153.408;806.720;-0.165;24.300;1856.165;2131.337;2030.241;1295.418;3601.154;2137.307;1002.813;1900.675;2789.708;2701.629;1193.606;153.801;1371.714;2539.934;765.769;2808.306;478.328;1258.403;3335.644;833.404;2370.872;1550.322;3433.516;1278.940;260.855;2518.003;2737.697;3380.081;3596.994;69.053;1131.305;2071.331;3601.245
301,536.1166105270386,300,-563.9267687870928,563.9267687870928,0.06186650321036754,1691.033;2890.738;1.692;1010.383;369.433;1.611;708.073;946.822;1490.075;1725.280;1862.813;2708.690;779.149;3599.453;-2.075;2243.805;1405.950;2129.651;366.513;421.105;2919.119;3599.024;1201.850;2602.921;3600.554;2976.673;3.326;2.311;633.063;3598.926;0.482;1284.752;3599.110;1671.969;2909.294;1095.785;2207.818;3150.402;-0.859;2806.610;3600.808;2788.478;1145.757;3292.852;1.784;1583.456;3598.435;874.238;920.988;291.974;-1.057;3162.372;520.673;689.101;1860.330;1.732;2131.879;414.724;2106.610;2782.792;-1.225;1605.831;2253.510;1385.552;1.510;2085.243;2416.985;2053.873;3594.866;2326.133;3596.908;332.246;762.260;3102.018;1536.300;805.291;3599.900;1084.901;2861.185;2603.155;3125.972;2597.483;3009.753;1126.474;521.734;3600.477;1494.428;3596.827;2139.898;2715.211;1.904;3595.738;1460.713;1874.955;1329.018;660.725;3323.191;2191.897;2.518;2645.619,1318.650;2042.145;3599.086;1526.214;3304.510;2455.268;0.933;3588.465;2227.333;3599.094;399.633;525.614;3072.424;3032.593;1.309;2584.552;2858.733;3269.708;2636.979;639.933;0.532;0.427;-2.315;1049.734;3599.136;1794.467;1538.905;3037.320;219.284;1018.909;1774.806;3599.824;1878.743;-1.681;3017.715;759.255;2905.801;1453.182;3289.000;2335.876;1630.230;330.747;187.119;583.133;313.634;267.896;744.486;2495.899;1810.312;4.754;541.322;3592.903;1732.824;924.500;973.388;2781.720;524.775;2302.765;3599.163;3251.071;1025.714;1595.049;2321.993;3145.217;828.276;1.973;0.267;1874.341;2115.734;2007.664;1286.414;3600.223;2136.914;1004.988;1883.446;2808.915;2725.639;1222.699;173.269;1377.494;2532.462;751.354;2804.243;461.641;1252.829;3335.733;824.586;2384.426;1540.960;3425.771;1276.020;272.648;2537.437;2738.582;3397.562;3600.172;41.871;1131.730;2084.548;3601.487
321,572.5131175518036,320,-564.0671439746177,564.0671439746177,0.05757755047939073,1689.138;2891.816;-0.003;1005.760;373.927;0.611;705.897;942.937;1474.570;1736.045;1855.373;2713.958;778.311;3601.173;-1.266;2243.707;1412.034;2137.009;370.751;432.500;2906.948;3600.148;1182.240;2604.612;3599.087;2975.679;1.577;3.113;622.949;3601.290;-0.118;1287.690;3600.152;1681.800;2901.890;1097.225;2224.038;3145.509;-0.937;2802.599;3601.311;2793.830;1163.983;3282.824;-0.488;1585.817;3597.099;861.264;918.970;280.427;2.404;3170.130;513.600;680.167;1850.909;1.150;2135.709;409.016;2111.168;2782.923;1.589;1598.188;2256.749;1380.125;2.414;2077.859;2416.227;2049.804;3601.054;2324.833;3599.178;326.575;783.181;3115.392;1532.402;819.467;3601.854;1084.137;2856.138;2598.458;3136.717;2604.118;3000.346;1108.695;522.151;3598.149;1505.112;3598.806;2149.084;2712.127;1.890;3598.115;1468.343;1868.011;1336.354;655.696;3329.420;2197.798;-0.457;2653.349,1323.874;2043.186;3599.939;1518.214;3315.489;2445.801;0.212;3585.141;2229.658;3597.450;402.318;534.482;3069.396;3040.332;6.205;2584.284;2856.837;3285.706;2634.357;638.354;1.694;0.098;0.754;1054.478;3599.429;1790.182;1537.696;3030.281;221.397;1018.953;1789.714;3598.440;1876.194;0.350;3013.426;751.775;2908.507;1455.510;3278.835;2332.904;1622.241;340.521;177.052;602.391;316.567;276.493;745.341;2499.387;1804.533;0.776;538.902;3600.724;1722.949;920.620;963.932;2782.715;521.764;2299.534;3594.440;3246.668;1028.465;1615.145;2322.342;3149.832;822.029;1.448;-1.592;1866.175;2119.917;2010.247;1287.313;3601.178;2137.526;1006.829;1899.348;2805.965;2728.548;1207.430;167.369;1363.784;2526.693;747.429;2814.600;466.021;1252.566;3335.144;828.965;2396.229;1532.761;3427.051;1289.774;274.380;2539.862;2738.821;3400.078;3599.075;36.591;1135.231;2077.609;3599.432
341,608.970184803009,340,-564.2348196428942,564.2348196428942,0.03153985997839598,1685.205;2887.759;0.768;1009.033;377.880;0.568;708.264;938.974;1478.102;1737.172;1846.374;2710.829;774.020;3598.989;0.181;2244.663;1416.452;2145.474;364.957;431.031;2915.454;3600.311;1179.888;2616.207;3597.639;2979.786;-0.045;0.705;618.525;3599.356;0.894;1287.437;3599.044;1679.829;2899.058;1098.865;2221.594;3143.939;-0.389;2813.619;3599.581;2790.997;1159.393;3273.523;0.331;1594.184;3599.098;862.838;922.811;285.693;-0.880;3174.135;511.082;674.354;1843.073;0.280;2132.864;414.612;2104.313;2792.479;0.471;1602.285;2254.066;1381.589;-1.157;2073.074;2414.101;2053.934;3593.897;2324.770;3599.385;319.157;787.927;3122.412;1532.318;819.434;3599.454;1083.293;2846.284;2597.413;3141.802;2606.018;2991.260;1116.647;517.841;3597.194;1498.434;3599.344;2151.517;2715.662;-0.598;3596.939;1459.418;1861.912;1338.507;649.642;3327.843;2196.206;0.131;2651.620,1326.900;2047.183;3600.314;1517.317;3324.388;2442.180;2.189;3599.221;2237.335;3599.841;399.128;535.717;3060.593;3048.398;0.678;2591.556;2853.242;3282.554;2637.679;639.291;-0.395;2.261;0.705;1055.903;3600.285;1779.176;1554.379;3038.264;212.375;1024.294;1783.024;3599.784;1876.771;-1.375;3011.328;747.944;2902.168;1458.209;3266.638;2337.608;1617.767;343.289;177.949;608.538;320.374;286.290;730.328;2495.110;1809.130;4.542;537.373;3600.119;1724.530;917.557;958.859;2783.889;515.800;2299.417;3600.190;3240.863;1036.344;1620.423;2316.482;3157.263;821.743;-0.156;10.634;1869.073;2122.415;2014.279;1298.735;3600.041;2133.536;1012.414;1901.665;2797.598;2731.575;1211.622;165.064;1367.424;2534.118;737.450;2824.129;462.128;1238.707;3329.692;831.926;2400.302;1520.938;3422.562;1292.594;286.970;2546.431;2741.338;3386.678;3596.550;28.964;1143.044;2078.675;3600.048
361,645.3013439178467,360,-564.289022476255,564.289022476255,0.030221565262996204,1688.468;2887.156;0.295;1013.332;387.422;-0.974;710.953;943.761;1476.980;1732.068;1843.771;2702.549;771.429;3600.048;0.765;2245.458;1420.583;2140.211;364.615;419.661;2921.806;3601.056;1185.749;2621.827;3598.774;2992.574;3.197;1.559;612.366;3599.534;0.728;1285.462;3599.504;1693.024;2902.847;1099.535;2224.123;3142.867;-0.492;2803.288;3599.395;2786.807;1153.540;3285.308;4.753;1581.948;3599.402;867.572;918.328;290.144;0.564;3168.844;508.042;681.235;1846.122;0.787;2125.625;424.860;2104.611;2796.973;0.808;1599.078;2245.409;1387.987;1.496;2069.001;2416.047;2050.859;3589.644;2334.031;3600.514;309.904;781.204;3128.723;1526.301;805.921;3599.651;1091.191;2843.837;2597.502;3140.127;2608.329;2997.838;1109.992;517.389;3599.850;1494.696;3598.563;2160.872;2721.840;0.600;3596.505;1454.529;1857.258;1343.740;643.535;3324.361;2197.365;0.466;2648.651,1326.469;2039.950;3599.975;1510.069;3324.570;2444.117;0.610;3599.930;2236.011;3599.621;400.784;530.143;3062.774;3037.993;0.929;2585.014;2858.659;3272.477;2638.796;650.025;1.915;0.523;0.471;1046.149;3599.675;1790.533;1550.885;3041.051;212.001;1023.692;1778.920;3597.758;1872.322;1.073;3020.092;737.066;2905.957;1465.170;3280.939;2331.253;1622.243;343.157;174.359;597.152;316.373;284.065;736.239;2497.602;1818.188;-0.847;526.357;3599.892;1731.599;911.692;973.583;2787.101;522.113;2301.489;3598.686;3247.184;1036.679;1629.077;2320.118;3166.425;821.003;-0.023;-0.784;1866.954;2112.856;2014.557;1301.812;3599.332;2118.093;1022.852;1890.174;2808.555;2737.328;1217.796;170.440;1363.028;2543.739;736.240;2816.028;459.680;1246.915;3331.178;834.343;2394.818;1518.946;3428.273;1285.102;288.296;2546.358;2738.036;3385.063;3599.958;21.725;1142.443;2092.115;3600.841
381,681.5658760070801,380,-564.2967952329693,564.2967952329693,0.019308217830178276,1685.350;2886.000;-0.555;1016.363;388.207;0.992;715.499;942.567;1469.954;1730.879;1833.942;2706.028;778.557;3599.851;0.376;2246.899;1414.478;2141.959;361.820;413.199;2926.090;3600.084;1179.797;2614.929;3598.157;2990.034;0.814;-0.462;605.799;3597.611;1.128;1288.275;3599.920;1702.486;2895.391;1105.017;2228.084;3145.616;0.502;2799.313;3600.257;2787.884;1155.022;3286.833;0.166;1574.269;3599.535;870.592;919.011;290.540;0.776;3178.233;509.564;686.580;1848.535;0.386;2126.015;425.574;2110.560;2797.176;-0.548;1598.344;2246.131;1388.000;0.770;2073.681;2411.324;2052.209;3597.507;2330.397;3599.065;310.167;775.465;3130.064;1527.390;811.351;3600.058;1093.803;2843.830;2604.815;3146.011;2600.693;3000.474;1111.771;514.031;3600.489;1498.987;3599.713;2167.305;2721.633;0.639;3599.615;1452.890;1854.565;1349.238;644.536;3322.752;2196.661;0.179;2641.860,1327.747;2037.179;3600.482;1507.038;3324.573;2443.817;0.131;3599.545;2235.818;3599.908;399.059;529.871;3062.795;3035.956;1.055;2588.324;2855.908;3269.940;2640.441;647.255;0.968;1.512;-0.548;1048.569;3599.327;1785.378;1552.229;3040.582;214.736;1019.748;1784.996;3599.427;1869.488;0.567;3025.815;736.392;2901.871;1467.434;3282.105;2326.620;1620.873;341.995;174.434;599.894;318.996;283.646;732.396;2498.819;1819.433;-0.327;526.171;3596.069;1731.135;910.052;975.572;2786.870;517.435;2304.797;3598.994;3248.176;1040.576;1629.796;2323.431;3157.593;820.394;0.825;3.321;1861.382;2117.432;2020.613;1306.763;3600.270;2111.803;1025.487;1889.109;2805.895;2731.095;1216.224;167.394;1363.135;2547.673;732.857;2817.803;463.345;1240.166;3331.291;835.560;2400.322;1516.869;3434.742;1287.030;288.828;2543.273;2739.133;3380.455;3600.182;20.886;1138.905;2089.957;3599.529
401,717.4481883049011,400,-564.3509896704835,564.3509896704835,0.010238334312563139,1690.439;2888.179;-0.210;1014.599;387.684;0.101;710.729;940.863;1472.386;1737.174;1837.372;2705.361;775.991;3599.675;-0.006;2246.095;1416.821;2142.337;364.707;414.939;2928.972;3600.275;1184.256;2618.438;3599.002;2991.475;2.285;2.431;605.092;3598.959;0.470;1284.332;3599.469;1698.248;2897.913;1100.499;2226.171;3144.273;0.684;2794.696;3599.736;2787.951;1150.990;3278.759;0.192;1576.825;3600.281;870.926;918.999;288.687;0.580;3177.188;503.714;687.559;1853.454;0.390;2131.962;428.877;2107.260;2799.347;2.769;1597.258;2250.542;1388.507;-0.274;2067.289;2417.727;2046.316;3599.800;2336.793;3599.948;302.235;774.534;3134.259;1527.761;813.512;3600.003;1090.767;2843.903;2600.922;3146.335;2601.983;3008.348;1112.955;514.386;3597.580;1491.146;3599.672;2165.560;2720.236;0.388;3599.323;1452.314;1858.095;1348.789;646.958;3324.763;2196.567;0.072;2640.026,1326.091;2036.760;3599.540;1508.013;3323.515;2444.906;0.384;3599.979;2236.006;3600.153;398.226;537.484;3064.617;3040.200;0.194;2589.680;2853.700;3268.839;2640.441;645.373;0.408;-0.169;0.190;1048.731;3600.250;1783.409;1552.879;3038.861;218.291;1018.582;1788.693;3599.708;1866.826;-0.135;3026.608;736.616;2906.811;1463.722;3282.307;2326.733;1624.152;343.144;175.124;599.948;314.366;281.236;730.597;2502.229;1819.006;-0.152;528.196;3599.925;1730.095;911.190;976.244;2783.028;515.525;2308.789;3599.580;3242.571;1036.372;1627.343;2321.886;3157.419;822.679;-0.225;0.348;1863.451;2117.310;2019.965;1307.514;3600.123;2107.729;1023.432;1887.924;2807.266;2736.010;1218.136;167.052;1366.664;2540.627;734.672;2819.346;458.089;1238.317;3329.413;834.865;2399.082;1519.144;3430.136;1284.604;295.505;2536.310;2737.051;3377.774;3600.185;15.405;1141.586;2087.392;3599.748
421,752.0034246444702,420,-564.3821295513596,564.3821295513596,0.01346126330367607,1693.488;2890.023;-0.145;1011.328;389.939;-0.175;711.151;940.569;1475.901;1737.427;1840.474;2705.104;774.238;3600.117;0.078;2246.064;1415.169;2142.520;365.624;416.059;2928.206;3600.143;1186.733;2619.074;3599.542;2990.021;0.979;1.727;606.800;3600.008;-0.007;1285.799;3599.651;1695.299;2896.993;1100.061;2224.650;3143.950;-0.024;2794.224;3599.959;2785.773;1151.806;3278.961;1.485;1576.093;3600.247;870.917;918.001;288.721;-0.413;3178.560;502.899;687.624;1854.162;0.572;2133.387;426.492;2107.920;2798.970;0.231;1599.237;2254.444;1391.858;0.533;2067.633;2420.045;2047.273;3599.726;2340.535;3599.835;300.384;777.542;3134.772;1527.004;813.738;3599.883;1090.278;2847.455;2599.402;3146.341;2603.234;3009.478;1111.559;513.957;3600.428;1487.563;3599.168;2163.413;2721.544;0.167;3599.353;1449.856;1856.942;1349.406;646.480;3322.313;2197.191;-0.257;2639.817,1329.535;2037.190;3599.687;1510.606;3321.028;2448.769;0.040;3599.479;2237.592;3600.228;397.052;537.687;3062.139;3040.788;0.166;2587.710;2856.455;3266.457;2640.825;644.256;-0.340;-0.025;0.186;1048.319;3599.837;1782.695;1552.715;3040.182;220.009;1018.545;1790.648;3600.161;1868.164;-0.098;3027.469;734.702;2903.967;1466.631;3282.376;2327.905;1621.711;343.223;170.544;600.957;313.436;283.484;728.989;2500.808;1823.270;-0.067;526.694;3600.287;1724.236;913.459;977.624;2781.317;516.000;2305.611;3600.211;3242.610;1038.341;1625.920;2321.865;3160.449;820.368;0.882;-0.043;1859.980;2117.945;2021.126;1304.371;3599.672;2106.439;1023.521;1887.476;2806.275;2733.714;1215.827;167.579;1362.562;2544.699;731.845;2821.481;457.957;1236.294;3327.310;839.911;2393.712;1521.596;3431.389;1287.890;297.343;2535.813;2733.940;3378.371;3599.677;15.363;1138.830;2090.635;3600.102
441,786.4911932945251,440,-564.4055343131288,564.4055343131288,0.009592914568915138,1694.539;2892.802;0.241;1010.037;387.158;0.297;707.626;940.301;1478.073;1735.676;1841.290;2706.289;771.989;3600.066;0.080;2244.468;1415.565;2144.794;361.851;416.716;2925.757;3599.860;1188.679;2620.639;3598.291;2990.902;0.375;4.076;609.175;3599.962;-0.232;1287.632;3599.717;1691.190;2895.478;1096.775;2222.556;3143.825;-0.166;2796.356;3600.323;2785.502;1150.918;3278.185;2.291;1580.340;3599.914;871.213;915.632;286.032;0.182;3179.778;501.224;687.019;1851.872;0.271;2134.347;426.281;2104.658;2797.809;-0.244;1599.222;2257.827;1391.051;1.034;2068.277;2418.487;2046.411;3598.789;2341.212;3599.989;303.873;779.215;3138.492;1531.364;814.041;3599.917;1090.237;2848.811;2597.886;3144.832;2602.443;3009.434;1110.267;513.733;3599.909;1489.119;3599.963;2162.967;2724.363;0.045;3600.299;1449.523;1856.056;1347.693;648.544;3323.448;2198.451;0.028;2643.745,1330.199;2038.403;3599.590;1509.741;3322.922;2449.054;0.102;3600.097;2237.398;3599.771;397.697;539.441;3062.421;3041.375;0.003;2587.629;2855.295;3267.453;2640.186;642.426;0.063;0.709;0.072;1049.086;3600.287;1779.987;1555.481;3042.334;220.535;1017.682;1789.927;3599.989;1869.129;-0.167;3025.644;736.402;2905.476;1469.442;3283.991;2329.762;1621.413;344.740;174.849;601.882;312.765;281.710;728.783;2501.308;1820.654;0.022;528.328;3600.000;1725.453;913.624;976.652;2782.222;516.428;2302.891;3599.744;3239.317;1035.272;1625.825;2320.869;3160.391;822.204;-0.061;0.191;1859.309;2118.263;2024.703;1301.800;3599.826;2108.454;1022.935;1888.692;2806.074;2734.781;1216.267;169.963;1361.802;2543.945;729.878;2822.249;458.156;1236.476;3327.101;835.849;2390.970;1524.646;3428.010;1287.843;296.044;2534.227;2736.039;3377.241;3599.654;14.426;1139.941;2089.929;3600.048
461,822.8315193653107,460,-564.4129989692227,564.4129989692227,0.006591545707399163,1694.837;2895.167;0.100;1010.556;387.614;-0.001;705.946;942.235;1478.925;1737.851;1842.689;2704.473;769.658;3599.873;0.030;2242.866;1417.868;2144.098;363.019;417.716;2925.101;3599.747;1187.634;2619.743;3597.936;2991.830;0.732;3.192;609.724;3599.968;0.044;1287.871;3600.100;1690.324;2897.898;1097.044;2222.025;3141.940;-0.088;2797.190;3599.501;2784.178;1151.827;3277.315;2.278;1579.876;3599.780;871.623;913.944;285.630;0.041;3180.352;499.128;684.038;1850.601;0.007;2135.190;428.762;2105.695;2799.049;0.171;1598.069;2258.376;1392.515;1.644;2069.509;2419.966;2045.235;3596.820;2341.857;3599.731;302.610;779.390;3139.663;1531.110;816.019;3599.921;1091.043;2849.853;2598.621;3146.041;2605.489;3007.996;1110.496;513.678;3600.032;1488.176;3599.829;2162.321;2722.983;-0.060;3599.921;1448.978;1855.915;1346.521;648.291;3324.245;2197.182;0.255;2644.692,1330.966;2038.631;3599.973;1508.886;3322.790;2449.425;0.086;3599.708;2237.858;3600.074;396.930;539.807;3062.242;3041.591;0.587;2588.187;2855.108;3266.323;2638.904;641.940;-0.183;-0.189;-0.095;1048.849;3600.107;1779.783;1556.013;3041.361;219.879;1018.288;1790.598;3599.547;1870.452;-0.198;3027.444;736.065;2905.604;1469.304;3282.991;2330.587;1620.707;346.768;175.048;602.537;311.147;282.811;728.276;2502.081;1820.093;-0.174;528.739;3599.809;1725.411;914.977;976.713;2781.732;516.127;2303.814;3599.920;3238.228;1036.403;1627.554;2320.911;3160.037;821.869;0.048;0.083;1861.276;2118.517;2023.474;1302.101;3599.658;2107.068;1023.249;1887.875;2805.848;2733.204;1216.888;168.627;1360.959;2542.258;731.094;2822.239;457.133;1236.862;3326.306;837.479;2392.217;1523.422;3428.736;1286.852;297.520;2535.011;2736.118;3378.184;3599.866;12.965;1140.558;2090.300;3600.179
481,859.3218214511871,480,-564.424009414083,564.424009414083,0.0032531730466145454,1694.650;2896.250;0.127;1010.431;388.129;-0.105;706.117;942.765;1477.874;1737.807;1842.986;2704.097;768.788;3600.051;0.030;2243.845;1417.961;2144.143;363.360;417.339;2925.780;3600.000;1188.249;2619.237;3598.468;2991.969;0.814;4.068;610.273;3599.969;-0.042;1288.227;3599.903;1690.351;2897.480;1097.150;2222.249;3141.572;-0.076;2797.295;3599.935;2784.688;1151.900;3278.177;2.035;1580.447;3599.819;872.048;913.801;284.200;-0.055;3180.096;499.285;684.486;1850.928;0.038;2135.714;428.543;2106.256;2798.762;0.096;1597.220;2258.283;1392.025;1.257;2070.129;2420.376;2045.492;3597.109;2342.641;3599.891;301.969;780.138;3139.337;1530.841;815.448;3600.068;1090.648;2849.364;2599.209;3146.567;2606.049;3007.860;1109.799;513.086;3599.968;1488.104;3599.973;2162.269;2722.214;0.005;3599.811;1450.144;1856.491;1347.356;648.063;3323.858;2197.408;0.125;2645.629,1330.406;2038.715;3599.936;1508.521;3323.299;2449.530;0.167;3599.933;2238.510;3600.015;396.641;538.735;3061.928;3042.093;-0.021;2588.626;2855.661;3265.658;2638.489;641.318;0.084;0.072;0.373;1047.849;3600.079;1780.731;1555.820;3042.388;218.776;1018.446;1790.807;3600.004;1869.933;0.220;3027.384;737.064;2905.563;1469.508;3282.769;2330.086;1620.499;346.448;174.046;602.547;311.526;282.487;728.563;2501.758;1819.671;-0.019;529.752;3599.977;1725.204;914.340;977.341;2781.473;516.309;2304.136;3599.976;3238.042;1036.048;1628.631;2320.733;3159.305;822.038;0.082;0.074;1861.535;2117.714;2023.577;1302.667;3599.929;2106.918;1023.378;1888.592;2806.060;2733.275;1217.214;167.635;1360.605;2541.888;731.466;2822.247;456.156;1237.064;3326.397;837.771;2393.034;1523.669;3428.248;1288.171;297.764;2534.812;2735.803;3378.602;3599.818;13.713;1141.984;2090.943;3600.132
500,893.8482220172882,499,-564.4321170653161,564.4321170653161,0.0019379586704908439,1694.414;2896.108;-0.044;1011.145;387.137;0.048;705.224;942.790;1478.427;1737.941;1843.086;2703.659;768.530;3599.966;0.162;2244.284;1418.191;2144.316;362.989;417.333;2925.342;3599.982;1188.108;2619.363;3598.766;2992.976;1.341;5.037;609.620;3599.948;-0.002;1288.404;3599.957;1689.465;2897.368;1096.886;2221.608;3141.603;-0.066;2798.242;3600.014;2784.731;1152.079;3277.677;2.673;1580.478;3599.993;871.971;913.658;284.728;0.014;3180.428;498.591;684.975;1851.611;0.177;2134.928;428.067;2106.174;2798.357;0.005;1597.124;2259.032;1392.071;1.435;2070.969;2420.376;2045.645;3596.665;2342.639;3599.768;303.400;781.341;3139.806;1531.125;815.865;3599.934;1090.645;2849.774;2599.057;3146.809;2606.081;3007.490;1109.444;511.913;3599.819;1488.165;3599.847;2161.813;2722.822;0.033;3599.997;1449.649;1856.239;1347.461;649.083;3323.050;2197.950;0.005;2645.573,1329.990;2037.942;3600.029;1508.590;3324.457;2448.958;0.060;3599.927;2238.949;3600.039;396.389;539.279;3061.595;3041.850;0.121;2588.911;2855.489;3265.648;2639.572;641.434;0.245;0.030;0.065;1047.918;3600.021;1779.539;1555.700;3042.158;219.052;1018.041;1792.079;3599.908;1870.957;0.093;3027.564;737.370;2905.735;1470.014;3282.384;2329.859;1620.366;346.074;174.137;602.624;311.594;282.569;728.605;2502.086;1819.585;-0.093;529.369;3599.950;1724.719;913.988;976.788;2780.912;516.175;2303.652;3599.890;3238.061;1036.000;1629.447;2321.729;3158.889;821.951;0.013;-0.033;1861.201;2118.036;2023.987;1303.235;3599.721;2106.460;1023.054;1888.968;2805.970;2732.863;1217.318;167.062;1361.089;2541.957;731.429;2822.003;456.333;1236.398;3326.264;837.608;2392.676;1523.167;3428.318;1288.911;297.327;2534.772;2735.750;3378.609;3599.859;14.595;1142.301;2090.812;3599.936
