turbine_config,wake_model,isolated_aep_gwh,aep_with_neighbor_gwh,loss_pct
13+11 MW (real),Nygaard_TurboGaussian,3748.157260027376,3733.890962141448,0.3806216467508569
13+11 MW (real),SuperGaussian,3809.96468470767,3800.2137486804877,0.2559324517185282
13+11 MW (real),NOJ,4016.077513555977,4015.890436660823,0.004658199313197663
13+13 MW,Nygaard_TurboGaussian,3748.157260027376,3731.3845400455084,0.4474924294330513
13+13 MW,SuperGaussian,3809.96468470767,3798.37775948202,0.3041215912619223
13+13 MW,NOJ,4016.077513555977,4015.8503535805944,0.005656264716401949
11+11 MW,Nygaard_TurboGaussian,3177.8530853646434,3165.0783048058033,0.4019940574872194
11+11 MW,SuperGaussian,3232.6812045535016,3224.3856077813684,0.25661660544962345
11+11 MW,NOJ,3384.095588676324,3383.9338031414677,0.004780761376767643
