year,mean_speed_ms,freq_0,freq_30,freq_60,freq_90,freq_120,freq_150,freq_180,freq_210,freq_240,freq_270,freq_300,freq_330,A_0,A_30,A_60,A_90,A_120,A_150,A_180,A_210,A_240,A_270,A_300,A_330,k_0,k_30,k_60,k_90,k_120,k_150,k_180,k_210,k_240,k_270,k_300,k_330
2000,9.173,0.06841985428051002,0.07980418943533697,0.07046903460837887,0.043943533697632056,0.039503642987249545,0.03836520947176685,0.06978597449908926,0.13866120218579234,0.14902094717668488,0.10849271402550091,0.1130464480874317,0.08048724954462659,9.866072190935043,10.339555663043463,8.77893993860947,8.85628951906451,9.369477736218588,8.673944103784919,11.050208634137917,11.0236212385741,10.71277015344411,10.893607644853487,11.19433103945806,9.684457150257888,2.201265034999425,2.496506027983335,2.3292795964999073,2.021657767072571,1.7597095421407287,1.5114075802908582,1.9660121527855836,2.4098750193159173,2.398009616062933,2.506852476575644,2.4851353701551497,2.1924382795784845
2001,8.733,0.05650684931506849,0.07226027397260273,0.04360730593607306,0.046004566210045665,0.0386986301369863,0.043835616438356165,0.07111872146118721,0.16221461187214611,0.16837899543378995,0.12397260273972603,0.1021689497716895,0.07123287671232877,8.960134419411983,10.479802274493155,8.303130509648906,10.0606475429975,8.22495538554318,8.508055429041242,8.977733011208857,10.643429470801486,9.967298789496933,10.45188429275423,10.464474725834915,8.947328015897867,2.1129789208685987,2.0442286585579343,1.8731673733384688,2.0409250181129313,2.0682868287689944,1.8937290969547251,2.2756005461148545,2.482495255099324,2.747355414187239,2.4326725817360986,2.569910677390668,2.2131584372609945
2002,9.337,0.05639269406392694,0.0682648401826484,0.05650684931506849,0.03584474885844749,0.02899543378995434,0.03881278538812785,0.08926940639269407,0.18333333333333332,0.15547945205479452,0.11358447488584475,0.09623287671232876,0.07728310502283105,9.440378526591118,9.62006849022951,10.237210131346131,9.25938225201065,9.276860777323193,8.547806069500346,10.834554395539861,10.993434530666846,10.763911073981044,11.9610433056109,10.894348398640293,9.664166355294377,2.3350031038290306,2.649158506040764,2.3766326818441543,1.930345178516475,1.9203124776428229,1.7397708399956135,2.025356306173231,2.6589284083177676,2.808268444108565,2.575303539873998,2.562403596630614,2.378125176711046
2003,9.231,0.05410958904109589,0.08162100456621005,0.08687214611872146,0.04269406392694064,0.04474885844748858,0.043949771689497714,0.08687214611872146,0.12853881278538812,0.14337899543378996,0.12853881278538812,0.09474885844748858,0.0639269406392694,9.35244041315282,10.247491088135869,9.995457288274558,8.725406081889842,9.16793535221768,10.814857652355595,10.502089162689414,10.403738624823637,10.750217644923877,11.820117838256605,10.268466775140597,10.128032765905356,2.175019090271096,2.4916098400280737,2.1435256839602252,1.90500291702751,1.7629805250561743,1.8916897046950298,2.178898328228131,2.6483838605526606,2.3448579597349846,2.3001352427926136,2.5717647279796005,2.28951265100766
2004,9.098,0.07741347905282331,0.08299180327868852,0.05453096539162113,0.04656193078324226,0.044285063752276865,0.057832422586520944,0.08504098360655737,0.13911657559198543,0.1269353369763206,0.11031420765027322,0.10097905282331512,0.07399817850637523,10.295185337931548,11.05611295042393,8.413661211750867,8.580519192820411,8.04084742742199,8.94038301773131,9.716148066317103,11.00600954189419,10.500852182101031,11.238889906568234,11.447746831261087,9.634638485075335,2.037380324223117,2.318266345917671,2.218821299370016,2.0594815337111347,1.8435515430851037,1.9013859813346636,2.0254815906131682,2.7407379979024604,2.6974077070083196,2.4630060888995784,2.767813713862501,2.616496863825593
2005,9.046,0.07066210045662101,0.0908675799086758,0.05468036529680365,0.04452054794520548,0.04577625570776256,0.0613013698630137,0.07842465753424657,0.15,0.12351598173515982,0.12363013698630138,0.09805936073059361,0.05856164383561644,11.469885607852678,10.52617897723815,9.472259326435672,7.636287406844053,8.456572463508362,10.018086869695928,10.456694347537915,10.58455858751173,9.770565301056736,10.934427980216535,10.267381399043353,9.941403266369052,2.0539502302601633,2.1396303005393182,1.6089040121366553,1.5767536233468415,1.6325081743453187,1.8540074000047078,1.9640420086498083,2.5692165555133033,2.4454160505095937,2.4161380717696486,2.7590931598331614,2.0741064088950054
2006,9.200,0.053082191780821915,0.0704337899543379,0.04954337899543379,0.04657534246575343,0.03961187214611872,0.04577625570776256,0.07340182648401826,0.1771689497716895,0.14600456621004565,0.11997716894977169,0.11438356164383562,0.06404109589041096,10.44009302483543,11.050044246724553,9.464367882378578,9.550093624255059,9.161092214709868,10.447653830778668,9.781972844796648,11.10262408143572,10.77090492897978,10.430778446150775,10.41321991000303,8.937806129091207,2.101939482323148,2.3542614844430467,1.9308945847378465,2.052648521381146,1.936473116598107,1.794790522108151,2.059685248331719,2.666597128603926,2.40007264027814,2.427456284553127,2.6335265697138115,2.118977464307089
2007,9.234,0.048287671232876715,0.08253424657534246,0.05091324200913242,0.040639269406392696,0.038356164383561646,0.03789954337899543,0.07214611872146119,0.1658675799086758,0.14463470319634703,0.14132420091324202,0.11232876712328767,0.06506849315068493,9.701311735890734,9.730061686387746,8.409579426990925,8.153684513690365,9.036214294308914,8.930374596449195,10.514711342080272,11.578928712068667,10.559432962105191,11.723304298457764,10.631352217037467,9.254877616053898,1.8596289090126668,2.389873452156597,2.2779982004369597,1.6811321131973693,1.4974647094754103,1.5809591385983324,2.1466142869881546,2.6151650190256737,2.578672204644451,2.548736909256162,2.5816593280886058,2.231460663393946
2008,8.947,0.06819216757741348,0.05885701275045537,0.058629326047358835,0.04326047358834244,0.047586520947176685,0.05179872495446266,0.09346539162112932,0.1538023679417122,0.14560564663023678,0.114867941712204,0.09141621129326047,0.07251821493624773,9.809694066242171,10.570687616393908,9.036225031229494,8.06172921801971,7.993060796648667,9.486546750568278,11.204511204336107,11.222453531742103,10.332675822249415,10.478435217431215,9.551895849375187,9.545204499307106,1.9819623611653745,2.154656642685002,1.9803264081978011,1.7611917499237584,1.7335831435082358,1.6512425340897887,1.7997571217825443,2.2071145559187535,2.256156205677654,2.1610525684030106,2.470460170886101,2.2143405141676755
2009,9.142,0.07089041095890411,0.08698630136986302,0.07134703196347032,0.053082191780821915,0.04360730593607306,0.046232876712328765,0.07522831050228311,0.13618721461187214,0.13675799086757992,0.11278538812785388,0.1021689497716895,0.06472602739726027,10.464014347250487,10.90586451058975,9.536830326404543,8.817789253100955,8.657375689032808,9.703499596271307,10.294081014185235,10.240089135557962,10.416151401777821,11.268078776922536,11.00042216413843,10.021884908485244,2.0717460472570552,2.2112200571671763,1.8966658328061006,1.8458239345545038,1.8788510462424175,1.9847547223670075,1.9265136592414467,2.3494094295657586,2.3042961440305083,2.083158655629366,2.4901624170470695,2.399071810097151
2010,9.399,0.061986301369863016,0.055251141552511415,0.05,0.04965753424657534,0.04965753424657534,0.04497716894977169,0.06118721461187215,0.1375570776255708,0.13424657534246576,0.1382420091324201,0.13835616438356163,0.07888127853881279,11.27391431479142,12.007289325872872,9.169625797164983,10.20641331245096,8.318669329622612,10.063983726236817,9.389165994608504,11.009909178258898,10.421196843194945,11.498804574253843,11.032272777560461,9.82557947096003,1.8489429262399777,1.922440604056845,1.915680985868352,1.8462877872486865,1.8745510448648202,1.7259656319659746,1.9779344848074443,2.8031351979316366,2.606441517159712,2.8199505661913404,2.602421518438005,2.2327240703212747
2011,8.814,0.06335616438356165,0.05547945205479452,0.051598173515981734,0.04908675799086758,0.04714611872146119,0.05684931506849315,0.09189497716894977,0.1680365296803653,0.14166666666666666,0.10365296803652968,0.10490867579908676,0.06632420091324201,9.669248138692266,8.680478472982898,7.503219829805833,9.001390456006206,8.874922203788321,9.241805107101806,10.53967985121367,11.333451628106275,10.315295813811186,10.297631454525696,10.132747316963515,9.094979473327673,2.022315019724431,1.9355763781200122,2.110406615596988,1.740131709869499,1.83751322330412,1.6507582868134987,1.95514521395766,2.282310990078887,2.3888551943893037,2.178927994378798,2.3270205630005956,2.27628862329562
2012,8.528,0.0625,0.07354280510018214,0.06329690346083788,0.05453096539162113,0.04348816029143898,0.04883879781420765,0.08299180327868852,0.14162112932604737,0.14583333333333334,0.10837887067395265,0.09562841530054644,0.0793488160291439,8.706756854717936,9.654236884195306,8.642590700429514,8.467972626494012,8.407569316416962,8.681342349529272,9.468176968526095,10.15422075955954,10.646955476734991,10.245997242004224,9.545795326713902,9.502117229388034,2.0844620469845294,1.9311504580672572,1.838684981004064,2.005271019823849,1.616630659204069,1.9114919956146381,2.149399956554742,2.2762945550533815,2.612161175158727,2.465458618349357,2.415061283545655,2.169634017722639
2013,9.253,0.06541095890410958,0.06289954337899543,0.05924657534246575,0.041666666666666664,0.03515981735159817,0.043036529680365296,0.07385844748858447,0.146689497716895,0.15445205479452054,0.1375570776255708,0.11746575342465754,0.06255707762557078,10.658792721646186,9.361968459335039,9.06388099924597,8.398618427697517,7.736080558958154,8.868269143974352,11.726225187441882,11.581210704230864,10.491066196513186,11.187535476479294,10.474809523602758,9.849923375882133,1.8483999128903414,1.8870112841835287,2.020667234561624,1.6615106019562336,1.8745130503834442,1.7806483826322521,2.012316606688967,2.839570616674349,2.9888992531996337,2.807208482405649,2.729015303371434,2.3066326544520512
2014,8.930,0.056050228310502284,0.08755707762557077,0.06426940639269406,0.04497716894977169,0.043721461187214615,0.05251141552511415,0.08036529680365297,0.1421232876712329,0.12191780821917808,0.12659817351598174,0.1141552511415525,0.06575342465753424,10.051021504585728,10.22243629769864,8.873552042802782,7.605091257160416,7.848351759664697,10.233918822813397,11.312278445924203,11.083058573467232,10.50189040346018,10.106344675589238,9.854922715097661,9.583818775172352,1.7499394022987456,2.2077055063206776,2.1288928188149043,2.0382536781101446,1.6049480697135956,1.8350316794300126,2.0391829605065466,2.697254767606701,2.3463292754365765,2.520670096852678,2.2405572793128474,1.947822859712224
2015,8.934,0.06621004566210045,0.09406392694063927,0.05399543378995434,0.0410958904109589,0.03573059360730593,0.051598173515981734,0.07157534246575342,0.16061643835616438,0.14429223744292238,0.12317351598173516,0.09634703196347032,0.0613013698630137,9.826842836969034,10.898120704707342,8.063739978269007,7.997629909298296,8.444748559800887,8.871294382204383,9.848336044577763,10.785379078077884,9.832116797857223,10.722035778886944,11.330967006200783,9.78151505732993,2.1355970725641007,2.157006148923695,2.302873943025176,1.9618153396034967,1.906952715790578,1.8788784204728697,2.1585940947498745,2.581451177867409,2.5711601564164432,2.571277798973878,2.4678717463993247,2.150816253986097
2016,9.209,0.08515482695810565,0.072632058287796,0.07012750455373407,0.05407559198542805,0.03790983606557377,0.041325136612021855,0.07525045537340619,0.15004553734061932,0.13342440801457195,0.11885245901639344,0.09562841530054644,0.06557377049180328,10.995533097178036,9.540269363858531,8.807714724599009,8.116256441204355,7.63882837051213,9.215304608361434,9.61588053267526,11.43753846084664,10.8903214264053,12.015975136402378,11.421589939734371,9.11567753429211,2.136961549556191,1.982450823728918,2.0187647397014716,1.9348094970744074,1.777792191861867,1.4970681330712545,1.9415854620772466,2.542013881645588,2.779754572118512,2.445787180655925,2.602157606801793,2.4142485030680025
2017,9.364,0.06803652968036529,0.0658675799086758,0.057420091324200916,0.05262557077625571,0.054452054794520546,0.05799086757990868,0.07431506849315068,0.15468036529680365,0.1382420091324201,0.12009132420091324,0.095662100456621,0.060616438356164384,10.698356150567726,9.302088623516848,9.560666085537942,9.35631338974795,8.71077282907598,9.373516905288959,10.214915245444766,11.679480258372156,10.929552858223413,11.839030088294546,11.448682260970992,9.04241311283544,1.7699493102680963,2.097208779290877,1.9414887042107827,1.9288347327572448,1.6956628329877357,1.9425246710844535,2.071472729351061,2.433069714486707,2.655036857175871,2.881417951810602,2.5332958078105565,2.0972452858318587
2018,9.402,0.05821917808219178,0.07534246575342465,0.06837899543378996,0.05011415525114155,0.04417808219178082,0.05365296803652968,0.08812785388127854,0.16358447488584474,0.12442922374429223,0.11038812785388127,0.11073059360730593,0.052853881278538815,11.213130036533649,10.350948088224175,9.687376029185684,9.041775066374566,7.510452445598328,9.242162427137405,10.498129385376728,11.916189694731205,11.102905973026054,11.063880540618463,10.995829319001576,9.604308935618793,1.7044592141145563,2.0751369754417004,1.914743405004275,1.9315546361127212,1.6274031239552347,1.865368518476384,1.8831474144958418,2.545526819787818,2.7514112762282785,2.2864381552176614,2.7115813949700374,2.1331336667394076
2019,9.246,0.05719178082191781,0.07682648401826483,0.05878995433789954,0.056050228310502284,0.05547945205479452,0.056735159817351596,0.08253424657534246,0.12773972602739725,0.12876712328767123,0.11689497716894977,0.10993150684931507,0.0730593607305936,10.807603825888066,10.534273666117802,8.997837270967027,8.093147615434194,8.168675341725267,9.406531951775424,12.047958239224242,11.212494565990955,10.785605885074968,11.498669513649332,10.674429268541774,9.44014997049926,1.7889571986299386,2.1861532759962263,1.9827598230008643,1.790169743380236,1.7797116987845754,1.8223046329181267,1.9603832332715188,2.5178363185971193,2.2928774912970553,2.374390084531099,2.5900579918007933,2.411554402961227
2020,9.166,0.06500455373406193,0.0662568306010929,0.060109289617486336,0.05441712204007286,0.04360200364298725,0.05043260473588342,0.08469945355191257,0.17691256830601093,0.1421903460837887,0.10302823315118396,0.09209927140255009,0.061247723132969036,9.998243234563848,10.471986022322424,8.986004745761615,8.995509436546168,8.353759489850273,10.200901674815196,10.039541128159824,11.094907884830715,10.890915131701433,10.934411455141488,10.691260703444923,9.813820010111336,2.041452034609153,2.418189507157102,2.1542248548690295,2.0085373093186094,1.7289345540629442,1.6077266140712272,1.9929038686134688,2.4860057499695305,2.548417504116607,2.3239608339705704,2.5536364305488206,2.0646032581635567
2021,8.870,0.06324200913242009,0.05650684931506849,0.05924657534246575,0.04954337899543379,0.0454337899543379,0.04269406392694064,0.07328767123287672,0.13504566210045663,0.15273972602739727,0.1230593607305936,0.11894977168949772,0.08025114155251141,10.302067237446199,9.2857751416088,9.374322508167227,7.971529128652128,8.902487902138535,8.634263625073363,10.187784473837045,11.1422712163431,9.989697477814302,11.078860029996958,10.097928158838286,9.36834379517552,1.8565613293692993,1.9938135194204065,2.240518164501894,2.069130069810206,1.9133878469745729,1.7208113201332604,2.0642615488297444,2.559980531988934,2.5245652537524705,2.4488319400126897,2.5502070029898745,2.5672651159846813
2022,9.219,0.051484018264840184,0.08127853881278539,0.051484018264840184,0.04452054794520548,0.046232876712328765,0.04646118721461187,0.09634703196347032,0.17831050228310502,0.14531963470319634,0.10228310502283106,0.09646118721461187,0.059817351598173515,9.684281876377181,11.730012226444206,8.53590547895994,8.49041413191306,8.548785432933883,8.71398864278354,11.183617559069916,10.96918178693463,10.634929183644653,10.704321901438995,10.99614436085921,9.709046390038836,2.0230603531120916,2.2628251953259677,2.119648234832292,1.712092851998526,1.6573237652468715,1.9379784224431227,2.151922749274357,2.3513161646784035,2.6294978190630363,2.5171044145001913,2.6143454199028042,2.300973905498405
2023,8.533,0.07363013698630137,0.049771689497716896,0.06723744292237444,0.055251141552511415,0.04874429223744292,0.0591324200913242,0.08824200913242009,0.12682648401826485,0.15262557077625571,0.11381278538812785,0.09246575342465753,0.07226027397260273,10.42888658518224,8.588416195628273,9.18009909445897,9.04066317639651,9.24216057415492,8.532557570567116,9.164852970237963,9.619749975074686,10.39849622289867,10.009528230342383,10.011823939522447,9.066469984085245,2.0578789603916463,1.884423458722346,2.2371980308316193,1.983628646241553,1.637257495020017,1.631290426505787,1.8390801650641297,2.199587195649179,2.6526062414732046,2.4682327342098307,2.3259243217995786,2.233222214748094
climatology_used_in_optimization,10.513
