trial_id,run_id,seed,wake_model,dt_aep_s,isolated_aep_gwh,real_neighbors_aep_gwh,real_neighbors_loss_pct,full_cluster_aep_gwh,full_cluster_loss_pct,pd_level
mc_20260807_0627_low_000000,mc_20260807_0627_low/task_0000,0,Nygaard_TurboGaussian,9.62,3289.9605939148223,3231.624476241144,1.773,2843.8230916360894,13.561,low
mc_20260807_0627_low_000000,mc_20260807_0627_low/task_0000,0,SuperGaussian,3.01,3341.8203828268424,3337.562214628554,0.127,3005.904009638187,10.052,low
mc_20260807_0627_low_000001,mc_20260807_0627_low/task_0000,1,Nygaard_TurboGaussian,6.77,3422.368870570838,3358.481165786033,1.867,3068.4879031608484,10.34,low
mc_20260807_0627_low_000001,mc_20260807_0627_low/task_0000,1,SuperGaussian,1.98,3475.612357613236,3470.9567250424943,0.134,3215.742692966865,7.477,low
mc_20260807_0627_low_000002,mc_20260807_0627_low/task_0000,2,Nygaard_TurboGaussian,12.26,3364.030117235816,3315.159290056659,1.453,2942.5393835941577,12.529,low
mc_20260807_0627_low_000002,mc_20260807_0627_low/task_0000,2,SuperGaussian,4.7,3414.4620838972032,3410.869600650264,0.105,3075.0192499630284,9.941,low
mc_20260807_0627_low_000003,mc_20260807_0627_low/task_0000,3,Nygaard_TurboGaussian,7.67,3000.489930396815,2941.750449715303,1.958,2573.904131671472,14.217,low
mc_20260807_0627_low_000003,mc_20260807_0627_low/task_0000,3,SuperGaussian,2.86,3052.187169509012,3047.9414167586065,0.139,2722.376550128697,10.806,low
mc_20260807_0627_low_000004,mc_20260807_0627_low/task_0000,4,Nygaard_TurboGaussian,7.23,3028.0054408689766,2965.8137197245687,2.054,2615.7772078771477,13.614,low
mc_20260807_0627_low_000004,mc_20260807_0627_low/task_0000,4,SuperGaussian,2.24,3081.183454870471,3076.6896629325,0.146,2787.3878819029014,9.535,low
mc_20260807_0627_low_000005,mc_20260807_0627_low/task_0001,5,Nygaard_TurboGaussian,7.86,3053.025111513983,3002.290158727983,1.662,2662.532862353318,12.79,low
mc_20260807_0627_low_000005,mc_20260807_0627_low/task_0001,5,SuperGaussian,2.17,3103.5532849874317,3099.911723082862,0.117,2806.057956681334,9.586,low
mc_20260807_0627_low_000006,mc_20260807_0627_low/task_0001,6,Nygaard_TurboGaussian,13.81,3749.947048348808,3691.6426853768703,1.555,3266.4666951161903,12.893,low
mc_20260807_0627_low_000006,mc_20260807_0627_low/task_0001,6,SuperGaussian,6.44,3798.47810407859,3794.212206528515,0.112,3415.2748619452823,10.088,low
mc_20260807_0627_low_000007,mc_20260807_0627_low/task_0001,7,Nygaard_TurboGaussian,10.5,3327.603340328542,3266.9967804177886,1.821,2872.4842637861348,13.677,low
mc_20260807_0627_low_000007,mc_20260807_0627_low/task_0001,7,SuperGaussian,4.75,3378.34204085474,3373.8947012828407,0.132,3025.903888623477,10.432,low
mc_20260807_0627_low_000008,mc_20260807_0627_low/task_0001,8,Nygaard_TurboGaussian,7.74,3021.6722788028183,2975.0774669248385,1.542,2635.1737078437964,12.791,low
mc_20260807_0627_low_000008,mc_20260807_0627_low/task_0001,8,SuperGaussian,2.67,3069.3350289704017,3065.916882266639,0.111,2773.131822088198,9.65,low
mc_20260807_0627_low_000009,mc_20260807_0627_low/task_0001,9,Nygaard_TurboGaussian,4.24,3314.8415811345617,3256.430713581478,1.762,2973.4917887722854,10.298,low
mc_20260807_0627_low_000009,mc_20260807_0627_low/task_0001,9,SuperGaussian,1.56,3363.9995728981103,3359.822537737593,0.124,3107.1152153496314,7.636,low
mc_20260807_0627_low_000010,mc_20260807_0627_low/task_0002,10,Nygaard_TurboGaussian,8.22,3182.2353945893155,3131.74677731879,1.587,2827.5067115155844,11.147,low
mc_20260807_0627_low_000010,mc_20260807_0627_low/task_0002,10,SuperGaussian,2.02,3231.3904541850184,3227.7046470320493,0.114,2952.307783730057,8.637,low
mc_20260807_0627_low_000011,mc_20260807_0627_low/task_0002,11,Nygaard_TurboGaussian,10.61,3338.4774768736515,3267.1534038889813,2.136,2914.5799484385298,12.697,low
mc_20260807_0627_low_000011,mc_20260807_0627_low/task_0002,11,SuperGaussian,3.01,3394.2980895590235,3389.127692273743,0.152,3082.635295014148,9.182,low
mc_20260807_0627_low_000012,mc_20260807_0627_low/task_0002,12,Nygaard_TurboGaussian,9.31,3283.7280079311176,3209.588180224476,2.258,2851.8797834807333,13.151,low
mc_20260807_0627_low_000012,mc_20260807_0627_low/task_0002,12,SuperGaussian,3.54,3339.5739019723856,3334.287982421369,0.158,3013.453695904698,9.765,low
mc_20260807_0627_low_000013,mc_20260807_0627_low/task_0002,13,Nygaard_TurboGaussian,5.77,3105.538522613575,3056.1779839706037,1.589,2712.57882138528,12.654,low
mc_20260807_0627_low_000013,mc_20260807_0627_low/task_0002,13,SuperGaussian,1.52,3154.9022158393564,3151.3100642507625,0.114,2846.5900941412533,9.772,low
mc_20260807_0627_low_000014,mc_20260807_0627_low/task_0002,14,Nygaard_TurboGaussian,8.77,3344.929240512704,3298.716892131046,1.382,2960.005201008805,11.508,low
mc_20260807_0627_low_000014,mc_20260807_0627_low/task_0002,14,SuperGaussian,2.24,3394.8591957867648,3391.4564854237633,0.1,3091.7309118799567,8.929,low
mc_20260807_0627_low_000015,mc_20260807_0627_low/task_0003,15,Nygaard_TurboGaussian,10.25,3060.859893111301,3014.6187589429874,1.511,2676.0192451384937,12.573,low
mc_20260807_0627_low_000015,mc_20260807_0627_low/task_0003,15,SuperGaussian,2.56,3109.821723781434,3106.392593518043,0.11,2812.987331080255,9.545,low
mc_20260807_0627_low_000016,mc_20260807_0627_low/task_0003,16,Nygaard_TurboGaussian,7.94,3254.654665675072,3193.9206833356084,1.866,2849.8345561035935,12.438,low
mc_20260807_0627_low_000016,mc_20260807_0627_low/task_0003,16,SuperGaussian,2.16,3307.1364022857138,3302.8177674180724,0.131,2999.1004497299054,9.314,low
mc_20260807_0627_low_000017,mc_20260807_0627_low/task_0003,17,Nygaard_TurboGaussian,8.19,3358.791346353927,3285.2346715790445,2.19,2985.425489723972,11.116,low
mc_20260807_0627_low_000017,mc_20260807_0627_low/task_0003,17,SuperGaussian,2.59,3415.0075954684426,3409.750178662257,0.154,3151.145473002867,7.727,low
mc_20260807_0627_low_000018,mc_20260807_0627_low/task_0003,18,Nygaard_TurboGaussian,11.42,3188.5407430247233,3135.1204102755764,1.675,2745.9152946767836,13.882,low
mc_20260807_0627_low_000018,mc_20260807_0627_low/task_0003,18,SuperGaussian,3.1,3240.424272178102,3236.524532074781,0.12,2900.640703845095,10.486,low
mc_20260807_0627_low_000019,mc_20260807_0627_low/task_0003,19,Nygaard_TurboGaussian,7.23,3349.8493511430424,3276.3416909114203,2.194,2914.2885174854846,13.002,low
mc_20260807_0627_low_000019,mc_20260807_0627_low/task_0003,19,SuperGaussian,1.59,3405.217953469226,3399.924244621983,0.155,3087.550091715645,9.329,low
mc_20260807_0627_low_000020,mc_20260807_0627_low/task_0004,20,Nygaard_TurboGaussian,10.59,3231.2506729391516,3158.6918773914986,2.246,2812.293829919313,12.966,low
mc_20260807_0627_low_000020,mc_20260807_0627_low/task_0004,20,SuperGaussian,3.24,3287.527186526361,3282.349316512162,0.158,2987.768093404796,9.118,low
mc_20260807_0627_low_000021,mc_20260807_0627_low/task_0004,21,Nygaard_TurboGaussian,8.94,3389.39021556213,3318.0999442140424,2.103,2957.504778292333,12.742,low
mc_20260807_0627_low_000021,mc_20260807_0627_low/task_0004,21,SuperGaussian,3.75,3441.79599197969,3436.7003094787897,0.148,3113.8000381795473,9.53,low
mc_20260807_0627_low_000022,mc_20260807_0627_low/task_0004,22,Nygaard_TurboGaussian,8.02,3159.8596562275816,3113.480577562261,1.468,2812.949255347064,10.979,low
mc_20260807_0627_low_000022,mc_20260807_0627_low/task_0004,22,SuperGaussian,3.46,3205.2533609382635,3201.8608398514443,0.106,2943.186778959256,8.176,low
mc_20260807_0627_low_000023,mc_20260807_0627_low/task_0004,23,Nygaard_TurboGaussian,6.78,3451.7098598090865,3383.9729879591323,1.962,3063.3817500069053,11.25,low
mc_20260807_0627_low_000023,mc_20260807_0627_low/task_0004,23,SuperGaussian,2.16,3504.9852039398415,3500.0097408869597,0.142,3224.3188673096956,8.008,low
mc_20260807_0627_low_000024,mc_20260807_0627_low/task_0004,24,Nygaard_TurboGaussian,8.72,3369.391012657226,3297.7404222182768,2.127,2949.512107465539,12.462,low
mc_20260807_0627_low_000024,mc_20260807_0627_low/task_0004,24,SuperGaussian,1.97,3424.0871261473353,3418.983221617895,0.149,3108.8771881146363,9.206,low
mc_20260807_0627_low_000025,mc_20260807_0627_low/task_0005,25,Nygaard_TurboGaussian,10.19,3416.6830483318117,3355.476699134754,1.791,2986.9037157211883,12.579,low
mc_20260807_0627_low_000025,mc_20260807_0627_low/task_0005,25,SuperGaussian,2.52,3471.1459213602902,3466.721033014657,0.127,3128.0383302643586,9.885,low
mc_20260807_0627_low_000026,mc_20260807_0627_low/task_0005,26,Nygaard_TurboGaussian,8.92,2750.3954150663876,2706.5715872341134,1.593,2393.15349327309,12.989,low
mc_20260807_0627_low_000026,mc_20260807_0627_low/task_0005,26,SuperGaussian,2.27,2798.725962986005,2795.5728998465547,0.113,2530.7396809652737,9.575,low
mc_20260807_0627_low_000027,mc_20260807_0627_low/task_0005,27,Nygaard_TurboGaussian,9.72,3479.2136310548076,3411.0621332223677,1.959,3073.6471945339754,11.657,low
mc_20260807_0627_low_000027,mc_20260807_0627_low/task_0005,27,SuperGaussian,2.64,3533.8322198840106,3528.876216542055,0.14,3229.7032287161273,8.606,low
mc_20260807_0627_low_000028,mc_20260807_0627_low/task_0005,28,Nygaard_TurboGaussian,7.37,3184.1979388428763,3128.643968270814,1.745,2800.5406985854715,12.049,low
mc_20260807_0627_low_000028,mc_20260807_0627_low/task_0005,28,SuperGaussian,1.84,3236.794953547177,3232.810579006361,0.123,2917.5289449808597,9.864,low
mc_20260807_0627_low_000029,mc_20260807_0627_low/task_0005,29,Nygaard_TurboGaussian,10.69,3255.9445078506733,3195.741050566068,1.849,2867.6477666753963,11.926,low
mc_20260807_0627_low_000029,mc_20260807_0627_low/task_0005,29,SuperGaussian,2.42,3308.5193555934884,3304.172570754918,0.131,3022.531901579943,8.644,low
mc_20260807_0627_low_000030,mc_20260807_0627_low/task_0006,30,Nygaard_TurboGaussian,7.13,3486.98105413868,3427.3981702767546,1.709,3056.198737157837,12.354,low
mc_20260807_0627_low_000030,mc_20260807_0627_low/task_0006,30,SuperGaussian,1.68,3538.372341321712,3534.0465909122595,0.122,3197.0408047728806,9.647,low
mc_20260807_0627_low_000031,mc_20260807_0627_low/task_0006,31,Nygaard_TurboGaussian,7.83,3304.7024137411695,3246.672808045315,1.756,2921.4769027925477,11.596,low
mc_20260807_0627_low_000031,mc_20260807_0627_low/task_0006,31,SuperGaussian,2.53,3356.856038577885,3352.592838263604,0.127,3066.0612003414126,8.663,low
mc_20260807_0627_low_000032,mc_20260807_0627_low/task_0006,32,Nygaard_TurboGaussian,7.63,3389.785768398916,3317.110554291311,2.144,3010.387316231759,11.192,low
mc_20260807_0627_low_000032,mc_20260807_0627_low/task_0006,32,SuperGaussian,2.58,3443.34185615724,3438.124179703594,0.152,3172.4466637789264,7.867,low
mc_20260807_0627_low_000033,mc_20260807_0627_low/task_0006,33,Nygaard_TurboGaussian,10.49,3151.9649361056095,3089.071653635685,1.995,2695.2190869866417,14.491,low
mc_20260807_0627_low_000033,mc_20260807_0627_low/task_0006,33,SuperGaussian,3.46,3206.4920727160625,3201.9545899420627,0.142,2870.4744597826902,10.479,low
mc_20260807_0627_low_000034,mc_20260807_0627_low/task_0006,34,Nygaard_TurboGaussian,10.13,3015.6765617012406,2957.686901643756,1.923,2571.113493733932,14.742,low
mc_20260807_0627_low_000034,mc_20260807_0627_low/task_0006,34,SuperGaussian,2.55,3068.970165288336,3064.768578670215,0.137,2701.8667616610264,11.962,low
mc_20260807_0627_low_000035,mc_20260807_0627_low/task_0007,35,Nygaard_TurboGaussian,8.2,3155.122673892889,3091.672137341118,2.011,2695.046704787276,14.582,low
mc_20260807_0627_low_000035,mc_20260807_0627_low/task_0007,35,SuperGaussian,2.73,3208.912780406658,3204.420639253378,0.14,2871.963192566751,10.5,low
mc_20260807_0627_low_000036,mc_20260807_0627_low/task_0007,36,Nygaard_TurboGaussian,9.57,3210.649726025416,3159.465976304567,1.594,2852.7163935806275,11.148,low
mc_20260807_0627_low_000036,mc_20260807_0627_low/task_0007,36,SuperGaussian,3.5,3260.266047712033,3256.5273876005904,0.115,2996.468976969372,8.091,low
mc_20260807_0627_low_000037,mc_20260807_0627_low/task_0007,37,Nygaard_TurboGaussian,5.63,3134.271398730084,3067.418477422104,2.133,2718.818628684495,13.255,low
mc_20260807_0627_low_000037,mc_20260807_0627_low/task_0007,37,SuperGaussian,2.4,3188.0440710221205,3183.342564477073,0.147,2900.2630398377505,9.027,low
mc_20260807_0627_low_000038,mc_20260807_0627_low/task_0007,38,Nygaard_TurboGaussian,6.63,3308.863441351129,3248.120756778001,1.836,2873.219791011415,13.166,low
mc_20260807_0627_low_000038,mc_20260807_0627_low/task_0007,38,SuperGaussian,2.56,3360.6399749793336,3356.192912591642,0.132,3041.652512785631,9.492,low
mc_20260807_0627_low_000039,mc_20260807_0627_low/task_0007,39,Nygaard_TurboGaussian,4.76,3362.8520691132635,3305.6937107998647,1.7,2984.8090494943663,11.242,low
mc_20260807_0627_low_000039,mc_20260807_0627_low/task_0007,39,SuperGaussian,2.43,3413.988447968456,3409.7465399860776,0.124,3137.9762304905,8.085,low
mc_20260807_0627_low_000040,mc_20260807_0627_low/task_0008,40,Nygaard_TurboGaussian,9.23,3046.9740241686086,2997.4701032034645,1.625,2667.5587282690617,12.452,low
mc_20260807_0627_low_000040,mc_20260807_0627_low/task_0008,40,SuperGaussian,2.22,3093.8024311629115,3090.1630089752307,0.118,2802.44812693554,9.417,low
mc_20260807_0627_low_000041,mc_20260807_0627_low/task_0008,41,Nygaard_TurboGaussian,11.19,3129.638664624212,3070.1662191851756,1.9,2734.760538008577,12.617,low
mc_20260807_0627_low_000041,mc_20260807_0627_low/task_0008,41,SuperGaussian,3.44,3182.430444191097,3178.2173276788435,0.132,2885.5116749138247,9.33,low
mc_20260807_0627_low_000042,mc_20260807_0627_low/task_0008,42,Nygaard_TurboGaussian,6.09,2983.0747012285738,2919.809292589117,2.121,2610.985018817687,12.473,low
mc_20260807_0627_low_000042,mc_20260807_0627_low/task_0008,42,SuperGaussian,1.95,3035.7941594900003,3031.254359283372,0.15,2764.3431445573333,8.942,low
mc_20260807_0627_low_000043,mc_20260807_0627_low/task_0008,43,Nygaard_TurboGaussian,7.11,3373.8093818567804,3313.325729348021,1.793,3012.9731901682485,10.695,low
mc_20260807_0627_low_000043,mc_20260807_0627_low/task_0008,43,SuperGaussian,2.46,3426.6739990676397,3422.261604095957,0.129,3180.119530692827,7.195,low
mc_20260807_0627_low_000044,mc_20260807_0627_low/task_0008,44,Nygaard_TurboGaussian,8.47,3263.6630413985977,3196.294604731005,2.064,2803.717305652314,14.093,low
mc_20260807_0627_low_000044,mc_20260807_0627_low/task_0008,44,SuperGaussian,2.22,3318.2392273898367,3313.4420596298723,0.145,2975.985828558034,10.314,low
mc_20260807_0627_low_000045,mc_20260807_0627_low/task_0009,45,Nygaard_TurboGaussian,11.72,3165.5371143503903,3112.9786347602508,1.66,2759.0503233729783,12.841,low
mc_20260807_0627_low_000045,mc_20260807_0627_low/task_0009,45,SuperGaussian,3.0,3215.5307552519325,3211.698941784799,0.119,2879.20415609549,10.459,low
mc_20260807_0627_low_000046,mc_20260807_0627_low/task_0009,46,Nygaard_TurboGaussian,9.26,3264.7074763887877,3193.680909178718,2.176,2842.8988712802147,12.92,low
mc_20260807_0627_low_000046,mc_20260807_0627_low/task_0009,46,SuperGaussian,2.66,3318.7886150226677,3313.6872686414076,0.154,3001.0646915343104,9.573,low
mc_20260807_0627_low_000047,mc_20260807_0627_low/task_0009,47,Nygaard_TurboGaussian,6.89,3272.051745569774,3213.72784618529,1.782,2913.2931209768126,10.964,low
mc_20260807_0627_low_000047,mc_20260807_0627_low/task_0009,47,SuperGaussian,1.82,3322.8126380454064,3318.6499016061075,0.125,3065.541762973236,7.743,low
mc_20260807_0627_low_000048,mc_20260807_0627_low/task_0009,48,Nygaard_TurboGaussian,8.25,3312.3323643463086,3241.04160722292,2.152,2903.349840036325,12.347,low
mc_20260807_0627_low_000048,mc_20260807_0627_low/task_0009,48,SuperGaussian,2.08,3366.6749735600833,3361.5461421388454,0.152,3049.0344150902647,9.435,low
mc_20260807_0627_low_000049,mc_20260807_0627_low/task_0009,49,Nygaard_TurboGaussian,7.65,3391.9429298410337,3315.991881425386,2.239,3009.6064707932674,11.272,low
mc_20260807_0627_low_000049,mc_20260807_0627_low/task_0009,49,SuperGaussian,2.43,3449.6304671023486,3444.2455588858356,0.156,3152.194791782116,8.622,low
mc_20260807_0627_low_000050,mc_20260807_0627_low/task_0010,50,Nygaard_TurboGaussian,12.91,3354.4455525445983,3293.5990781161545,1.814,2896.7326035593223,13.645,low
mc_20260807_0627_low_000050,mc_20260807_0627_low/task_0010,50,SuperGaussian,4.57,3407.4583933119993,3403.023754891952,0.13,3045.6792540628253,10.617,low
mc_20260807_0627_low_000051,mc_20260807_0627_low/task_0010,51,Nygaard_TurboGaussian,8.1,3079.685592384501,3024.14910617369,1.803,2670.59152055667,13.284,low
mc_20260807_0627_low_000051,mc_20260807_0627_low/task_0010,51,SuperGaussian,3.56,3128.229543055963,3124.168198967958,0.13,2798.263999852201,10.548,low
mc_20260807_0627_low_000052,mc_20260807_0627_low/task_0010,52,Nygaard_TurboGaussian,4.51,3250.5661889297635,3193.669666171305,1.75,2880.498689311733,11.385,low
mc_20260807_0627_low_000052,mc_20260807_0627_low/task_0010,52,SuperGaussian,2.17,3301.834260862722,3297.724436981718,0.124,3047.5565545760924,7.701,low
mc_20260807_0627_low_000053,mc_20260807_0627_low/task_0010,53,Nygaard_TurboGaussian,9.64,3228.7228022267336,3170.5756026435665,1.801,2841.729238562726,11.986,low
mc_20260807_0627_low_000053,mc_20260807_0627_low/task_0010,53,SuperGaussian,3.8,3281.5680003696493,3277.291189415252,0.13,2990.125688236065,8.881,low
mc_20260807_0627_low_000054,mc_20260807_0627_low/task_0010,54,Nygaard_TurboGaussian,7.8,2983.8374883878273,2935.4515054976846,1.622,2578.5605903759547,13.582,low
mc_20260807_0627_low_000054,mc_20260807_0627_low/task_0010,54,SuperGaussian,1.98,3033.8320682243875,3030.3174528111767,0.116,2711.0309940462876,10.64,low
mc_20260807_0627_low_000055,mc_20260807_0627_low/task_0011,55,Nygaard_TurboGaussian,7.63,2930.3102030033356,2876.878098750301,1.823,2516.7713625619003,14.112,low
mc_20260807_0627_low_000055,mc_20260807_0627_low/task_0011,55,SuperGaussian,2.43,2979.194207313675,2975.3631966715293,0.129,2657.2931009073395,10.805,low
mc_20260807_0627_low_000056,mc_20260807_0627_low/task_0011,56,Nygaard_TurboGaussian,7.42,3240.7659439708564,3189.8801674451306,1.57,2816.8086826804365,13.082,low
mc_20260807_0627_low_000056,mc_20260807_0627_low/task_0011,56,SuperGaussian,2.8,3290.8674693849725,3287.0877423063857,0.115,2958.7273142349713,10.093,low
mc_20260807_0627_low_000057,mc_20260807_0627_low/task_0011,57,Nygaard_TurboGaussian,9.51,3144.969876024169,3074.658039762389,2.236,2715.037634812193,13.67,low
mc_20260807_0627_low_000057,mc_20260807_0627_low/task_0011,57,SuperGaussian,3.31,3201.5480434038845,3196.5813570223895,0.155,2869.565961585684,10.369,low
mc_20260807_0627_low_000058,mc_20260807_0627_low/task_0011,58,Nygaard_TurboGaussian,12.41,3376.781200360275,3322.5288931574255,1.607,2958.8848880325972,12.376,low
mc_20260807_0627_low_000058,mc_20260807_0627_low/task_0011,58,SuperGaussian,3.38,3426.450325460724,3422.516577498681,0.115,3106.116262642691,9.349,low
mc_20260807_0627_low_000059,mc_20260807_0627_low/task_0011,59,Nygaard_TurboGaussian,7.09,3179.308004594693,3101.424156640339,2.45,2768.012030733975,12.937,low
mc_20260807_0627_low_000059,mc_20260807_0627_low/task_0011,59,SuperGaussian,1.76,3237.861768515485,3232.2651006257693,0.173,2935.744889319764,9.331,low
mc_20260807_0627_low_000060,mc_20260807_0627_low/task_0012,60,Nygaard_TurboGaussian,6.52,3235.889465471273,3185.6716337491107,1.552,2890.783691320799,10.665,low
mc_20260807_0627_low_000060,mc_20260807_0627_low/task_0012,60,SuperGaussian,1.93,3287.064107282393,3283.317571587985,0.114,3028.1252222778335,7.878,low
mc_20260807_0627_low_000061,mc_20260807_0627_low/task_0012,61,Nygaard_TurboGaussian,9.43,3104.3655833818666,3044.4961326870507,1.929,2758.3910456870026,11.145,low
mc_20260807_0627_low_000061,mc_20260807_0627_low/task_0012,61,SuperGaussian,2.97,3160.3193904835207,3156.0224922129837,0.136,2894.351336739188,8.416,low
mc_20260807_0627_low_000062,mc_20260807_0627_low/task_0012,62,Nygaard_TurboGaussian,10.3,2956.2638054636573,2900.0046162990425,1.903,2590.100151975223,12.386,low
mc_20260807_0627_low_000062,mc_20260807_0627_low/task_0012,62,SuperGaussian,2.71,3008.9486212672764,3005.0093165604007,0.131,2724.2523570520507,9.462,low
mc_20260807_0627_low_000063,mc_20260807_0627_low/task_0012,63,Nygaard_TurboGaussian,7.57,3730.6883686913934,3665.2315262940297,1.755,3299.6278549803283,11.554,low
mc_20260807_0627_low_000063,mc_20260807_0627_low/task_0012,63,SuperGaussian,2.33,3781.643072413375,3776.877785017383,0.126,3472.426415170098,8.177,low
mc_20260807_0627_low_000064,mc_20260807_0627_low/task_0012,64,Nygaard_TurboGaussian,7.25,3246.178023755756,3196.9775231469803,1.516,2874.540237461241,11.448,low
mc_20260807_0627_low_000064,mc_20260807_0627_low/task_0012,64,SuperGaussian,2.63,3294.781247329122,3291.2234790172542,0.108,2992.092525423058,9.187,low
mc_20260807_0627_low_000065,mc_20260807_0627_low/task_0013,65,Nygaard_TurboGaussian,10.1,3181.230391629047,3120.3198874251993,1.915,2794.07092858343,12.17,low
mc_20260807_0627_low_000065,mc_20260807_0627_low/task_0013,65,SuperGaussian,3.59,3234.134035226113,3229.688258608675,0.137,2927.5321757740367,9.48,low
mc_20260807_0627_low_000066,mc_20260807_0627_low/task_0013,66,Nygaard_TurboGaussian,6.86,3270.9787044353006,3208.479614160842,1.911,2894.428870086209,11.512,low
mc_20260807_0627_low_000066,mc_20260807_0627_low/task_0013,66,SuperGaussian,2.94,3322.6517052594854,3318.079203253661,0.138,3056.2744424981456,8.017,low
mc_20260807_0627_low_000067,mc_20260807_0627_low/task_0013,67,Nygaard_TurboGaussian,8.44,3319.9580886701615,3266.281148956162,1.617,2950.9550806553334,11.115,low
mc_20260807_0627_low_000067,mc_20260807_0627_low/task_0013,67,SuperGaussian,3.21,3370.6009842296835,3366.6995461613856,0.116,3077.1101695394636,8.707,low
mc_20260807_0627_low_000068,mc_20260807_0627_low/task_0013,68,Nygaard_TurboGaussian,8.58,3493.742128317964,3426.3994974410302,1.928,3020.8665678752022,13.535,low
mc_20260807_0627_low_000068,mc_20260807_0627_low/task_0013,68,SuperGaussian,3.44,3548.6971457044187,3543.8642826200107,0.136,3184.2832706910062,10.269,low
mc_20260807_0627_low_000069,mc_20260807_0627_low/task_0013,69,Nygaard_TurboGaussian,6.97,3265.1673114472883,3194.2720662317724,2.171,2851.325046396256,12.674,low
mc_20260807_0627_low_000069,mc_20260807_0627_low/task_0013,69,SuperGaussian,2.78,3324.1144893396213,3319.014678953786,0.153,3007.3230532151247,9.53,low
mc_20260807_0627_low_000070,mc_20260807_0627_low/task_0014,70,Nygaard_TurboGaussian,12.58,3153.685407348322,3092.7386980943343,1.933,2706.5852106588422,14.177,low
mc_20260807_0627_low_000070,mc_20260807_0627_low/task_0014,70,SuperGaussian,4.18,3206.025685601145,3201.5979614864546,0.138,2855.5831148042607,10.931,low
mc_20260807_0627_low_000071,mc_20260807_0627_low/task_0014,71,Nygaard_TurboGaussian,8.29,3299.6122596656683,3236.2256291593303,1.921,2902.591633768745,12.032,low
mc_20260807_0627_low_000071,mc_20260807_0627_low/task_0014,71,SuperGaussian,3.29,3353.747307336743,3349.218677664823,0.135,3044.2209507906073,9.229,low
mc_20260807_0627_low_000072,mc_20260807_0627_low/task_0014,72,Nygaard_TurboGaussian,9.49,3269.4998094770763,3209.0098514490264,1.85,2879.5751132090263,11.926,low
mc_20260807_0627_low_000072,mc_20260807_0627_low/task_0014,72,SuperGaussian,3.6,3322.7344684246573,3318.298412127318,0.134,3028.0995758324,8.867,low
mc_20260807_0627_low_000073,mc_20260807_0627_low/task_0014,73,Nygaard_TurboGaussian,8.28,3265.9423628049176,3198.152177359679,2.076,2888.3243989441844,11.562,low
mc_20260807_0627_low_000073,mc_20260807_0627_low/task_0014,73,SuperGaussian,3.27,3319.593473005838,3314.7994131038704,0.144,3034.690803084405,8.582,low
mc_20260807_0627_low_000074,mc_20260807_0627_low/task_0014,74,Nygaard_TurboGaussian,6.52,3232.4274614032247,3168.096069162578,1.99,2814.0578711511343,12.943,low
mc_20260807_0627_low_000074,mc_20260807_0627_low/task_0014,74,SuperGaussian,1.83,3285.90453930094,3281.2000989005583,0.143,2966.38282381507,9.724,low
mc_20260807_0627_low_000075,mc_20260807_0627_low/task_0015,75,Nygaard_TurboGaussian,10.03,3245.1678637012305,3185.834955805398,1.828,2824.9257854198886,12.95,low
mc_20260807_0627_low_000075,mc_20260807_0627_low/task_0015,75,SuperGaussian,2.47,3296.919578124711,3292.6110771755075,0.131,2975.012377885081,9.764,low
mc_20260807_0627_low_000076,mc_20260807_0627_low/task_0015,76,Nygaard_TurboGaussian,7.6,3387.0903594441215,3313.381609490397,2.176,2984.8600238411855,11.875,low
mc_20260807_0627_low_000076,mc_20260807_0627_low/task_0015,76,SuperGaussian,2.05,3440.4454017393596,3435.0834843663683,0.156,3155.9751508948066,8.268,low
mc_20260807_0627_low_000077,mc_20260807_0627_low/task_0015,77,Nygaard_TurboGaussian,8.91,3203.1185690752573,3141.067800735436,1.937,2770.053134964015,13.52,low
mc_20260807_0627_low_000077,mc_20260807_0627_low/task_0015,77,SuperGaussian,2.73,3257.580498764092,3253.0440136631064,0.139,2921.080251823162,10.33,low
mc_20260807_0627_low_000078,mc_20260807_0627_low/task_0015,78,Nygaard_TurboGaussian,8.55,3317.9055344178696,3258.447656227788,1.792,2935.725241326419,11.519,low
mc_20260807_0627_low_000078,mc_20260807_0627_low/task_0015,78,SuperGaussian,2.92,3369.00611623739,3364.6765492011223,0.129,3081.5706762023865,8.532,low
mc_20260807_0627_low_000079,mc_20260807_0627_low/task_0015,79,Nygaard_TurboGaussian,6.82,3175.5432263854964,3117.8376536580354,1.817,2815.5653520166775,11.336,low
mc_20260807_0627_low_000079,mc_20260807_0627_low/task_0015,79,SuperGaussian,2.39,3227.23765648448,3223.045756456999,0.13,2964.6027199969903,8.138,low
mc_20260807_0627_low_000080,mc_20260807_0627_low/task_0016,80,Nygaard_TurboGaussian,10.38,3314.2098080915707,3257.1766224824323,1.721,2874.355609635998,13.272,low
mc_20260807_0627_low_000080,mc_20260807_0627_low/task_0016,80,SuperGaussian,3.89,3367.846444124601,3363.7375331049866,0.122,2998.8573737128113,10.956,low
mc_20260807_0627_low_000081,mc_20260807_0627_low/task_0016,81,Nygaard_TurboGaussian,7.2,3497.907225410885,3437.267621467134,1.734,3126.6009075405254,10.615,low
mc_20260807_0627_low_000081,mc_20260807_0627_low/task_0016,81,SuperGaussian,3.09,3547.6952843567183,3543.2474243557635,0.125,3270.1048764131847,7.825,low
mc_20260807_0627_low_000082,mc_20260807_0627_low/task_0016,82,Nygaard_TurboGaussian,9.25,3347.672210211841,3263.979510387526,2.5,2920.9641966269764,12.746,low
mc_20260807_0627_low_000082,mc_20260807_0627_low/task_0016,82,SuperGaussian,4.28,3407.69436400669,3401.6961451990396,0.176,3103.1604721482618,8.937,low
mc_20260807_0627_low_000083,mc_20260807_0627_low/task_0016,83,Nygaard_TurboGaussian,8.35,3071.210101025498,3020.9085484071475,1.638,2698.988549798377,12.12,low
mc_20260807_0627_low_000083,mc_20260807_0627_low/task_0016,83,SuperGaussian,3.8,3121.4899097109283,3117.857452218803,0.116,2822.976306414561,9.563,low
mc_20260807_0627_low_000084,mc_20260807_0627_low/task_0016,84,Nygaard_TurboGaussian,4.89,3210.003401895978,3161.23203635602,1.519,2865.3311041973784,10.737,low
mc_20260807_0627_low_000084,mc_20260807_0627_low/task_0016,84,SuperGaussian,1.59,3256.893580385972,3253.343430779545,0.109,2999.224165701202,7.912,low
mc_20260807_0627_low_000085,mc_20260807_0627_low/task_0017,85,Nygaard_TurboGaussian,8.26,3303.1070178208183,3248.4439806350065,1.655,2945.4952669542863,10.827,low
mc_20260807_0627_low_000085,mc_20260807_0627_low/task_0017,85,SuperGaussian,2.1,3353.5469054046252,3349.5625407345733,0.119,3082.544454819268,8.081,low
mc_20260807_0627_low_000086,mc_20260807_0627_low/task_0017,86,Nygaard_TurboGaussian,7.96,3060.6147624798814,3006.0230016382548,1.784,2679.939683473194,12.438,low
mc_20260807_0627_low_000086,mc_20260807_0627_low/task_0017,86,SuperGaussian,2.76,3112.1643552502915,3108.234186987943,0.126,2828.042736159194,9.129,low
mc_20260807_0627_low_000087,mc_20260807_0627_low/task_0017,87,Nygaard_TurboGaussian,8.34,3165.819833824015,3097.564940548984,2.156,2726.2960467507437,13.883,low
mc_20260807_0627_low_000087,mc_20260807_0627_low/task_0017,87,SuperGaussian,3.03,3219.820805685355,3214.949960422542,0.151,2884.640584514581,10.41,low
mc_20260807_0627_low_000088,mc_20260807_0627_low/task_0017,88,Nygaard_TurboGaussian,7.37,3184.0320743923244,3128.7729368790087,1.736,2803.814009633506,11.941,low
mc_20260807_0627_low_000088,mc_20260807_0627_low/task_0017,88,SuperGaussian,2.87,3235.757708769388,3231.819242615292,0.122,2947.992463079163,8.893,low
mc_20260807_0627_low_000089,mc_20260807_0627_low/task_0017,89,Nygaard_TurboGaussian,6.88,3174.8019288331034,3119.4765365736075,1.743,2752.4734874399956,13.303,low
mc_20260807_0627_low_000089,mc_20260807_0627_low/task_0017,89,SuperGaussian,2.14,3226.9314186226447,3222.921873144642,0.124,2916.4381756541165,9.622,low
mc_20260807_0627_low_000090,mc_20260807_0627_low/task_0018,90,Nygaard_TurboGaussian,7.3,3372.29265884437,3308.4429586062843,1.893,2948.270000049477,12.574,low
mc_20260807_0627_low_000090,mc_20260807_0627_low/task_0018,90,SuperGaussian,2.55,3423.3348215361475,3418.6566519776525,0.137,3098.8779883844472,9.478,low
mc_20260807_0627_low_000091,mc_20260807_0627_low/task_0018,91,Nygaard_TurboGaussian,7.42,3387.3373626523007,3326.0277724573616,1.81,2980.450774738076,12.012,low
mc_20260807_0627_low_000091,mc_20260807_0627_low/task_0018,91,SuperGaussian,2.3,3438.204250325545,3433.785126288004,0.129,3134.41574074654,8.836,low
mc_20260807_0627_low_000092,mc_20260807_0627_low/task_0018,92,Nygaard_TurboGaussian,9.67,3055.4967855932355,3013.0707120201128,1.389,2717.7225853024356,11.055,low
mc_20260807_0627_low_000092,mc_20260807_0627_low/task_0018,92,SuperGaussian,2.89,3103.520804246461,3100.4853953237125,0.098,2842.69500900688,8.404,low
mc_20260807_0627_low_000093,mc_20260807_0627_low/task_0018,93,Nygaard_TurboGaussian,10.84,3132.0463371521364,3070.3734292271206,1.969,2682.199337766132,14.363,low
mc_20260807_0627_low_000093,mc_20260807_0627_low/task_0018,93,SuperGaussian,3.25,3183.9329176845104,3179.4066599272523,0.142,2817.945534944668,11.495,low
mc_20260807_0627_low_000094,mc_20260807_0627_low/task_0018,94,Nygaard_TurboGaussian,11.23,3420.974142706742,3351.7402184550933,2.024,3002.382458735834,12.236,low
mc_20260807_0627_low_000094,mc_20260807_0627_low/task_0018,94,SuperGaussian,2.46,3474.6945444603107,3469.74356447043,0.142,3155.028851315764,9.2,low
mc_20260807_0627_low_000095,mc_20260807_0627_low/task_0019,95,Nygaard_TurboGaussian,8.8,3171.8887666651663,3113.612177738478,1.837,2755.486776528935,13.128,low
mc_20260807_0627_low_000095,mc_20260807_0627_low/task_0019,95,SuperGaussian,3.79,3225.820964332391,3221.586069142712,0.131,2905.144393682416,9.941,low
mc_20260807_0627_low_000096,mc_20260807_0627_low/task_0019,96,Nygaard_TurboGaussian,6.0,3432.773433456406,3379.562925100412,1.55,3082.700424493878,10.198,low
mc_20260807_0627_low_000096,mc_20260807_0627_low/task_0019,96,SuperGaussian,1.94,3482.955750057154,3479.106121207109,0.111,3215.6247963617584,7.675,low
mc_20260807_0627_low_000097,mc_20260807_0627_low/task_0019,97,Nygaard_TurboGaussian,13.06,3293.364944533633,3221.776348184741,2.174,2818.752683702061,14.411,low
mc_20260807_0627_low_000097,mc_20260807_0627_low/task_0019,97,SuperGaussian,4.89,3349.1996943137547,3344.0690832520677,0.153,2968.33365344461,11.372,low
mc_20260807_0627_low_000098,mc_20260807_0627_low/task_0019,98,Nygaard_TurboGaussian,5.52,3020.031050082659,2970.2073078442168,1.65,2646.3614373565574,12.373,low
mc_20260807_0627_low_000098,mc_20260807_0627_low/task_0019,98,SuperGaussian,2.67,3070.34913940018,3066.7330092428024,0.118,2780.662396895621,9.435,low
mc_20260807_0627_low_000099,mc_20260807_0627_low/task_0019,99,Nygaard_TurboGaussian,8.28,3095.9019264450394,3038.571117936178,1.852,2712.01942362674,12.4,low
mc_20260807_0627_low_000099,mc_20260807_0627_low/task_0019,99,SuperGaussian,2.7,3147.8401033167434,3143.716826319488,0.131,2855.7200498898183,9.28,low
mc_20260807_0627_medium_000000,mc_20260807_0627_medium/task_0000,0,Nygaard_TurboGaussian,32.77,3289.9605939148223,3231.624476241144,1.773,2828.814931214808,14.017,medium
mc_20260807_0627_medium_000000,mc_20260807_0627_medium/task_0000,0,SuperGaussian,5.37,3341.8203828268424,3337.562214628554,0.127,2997.218404924746,10.312,medium
mc_20260807_0627_medium_000001,mc_20260807_0627_medium/task_0000,1,Nygaard_TurboGaussian,11.83,3422.368870570838,3358.481165786033,1.867,2985.8483937128367,12.755,medium
mc_20260807_0627_medium_000001,mc_20260807_0627_medium/task_0000,1,SuperGaussian,2.71,3475.612357613236,3470.9567250424943,0.134,3163.787667028896,8.972,medium
mc_20260807_0627_medium_000002,mc_20260807_0627_medium/task_0000,2,Nygaard_TurboGaussian,10.75,3364.030117235816,3315.159290056659,1.453,2942.5393835941577,12.529,medium
mc_20260807_0627_medium_000002,mc_20260807_0627_medium/task_0000,2,SuperGaussian,2.92,3414.4620838972032,3410.869600650264,0.105,3075.0192499630284,9.941,medium
mc_20260807_0627_medium_000003,mc_20260807_0627_medium/task_0000,3,Nygaard_TurboGaussian,14.25,3000.489930396815,2941.750449715303,1.958,2544.594283917827,15.194,medium
mc_20260807_0627_medium_000003,mc_20260807_0627_medium/task_0000,3,SuperGaussian,3.45,3052.187169509012,3047.9414167586065,0.139,2693.3220761604266,11.758,medium
mc_20260807_0627_medium_000004,mc_20260807_0627_medium/task_0000,4,Nygaard_TurboGaussian,11.53,3028.0054408689766,2965.8137197245687,2.054,2610.2539059250303,13.796,medium
mc_20260807_0627_medium_000004,mc_20260807_0627_medium/task_0000,4,SuperGaussian,2.73,3081.183454870471,3076.6896629325,0.146,2784.9614138324105,9.614,medium
mc_20260807_0627_medium_000005,mc_20260807_0627_medium/task_0001,5,Nygaard_TurboGaussian,14.7,3053.025111513983,3002.290158727983,1.662,2651.4628528885514,13.153,medium
mc_20260807_0627_medium_000005,mc_20260807_0627_medium/task_0001,5,SuperGaussian,4.15,3103.5532849874317,3099.911723082862,0.117,2799.545169896379,9.795,medium
mc_20260807_0627_medium_000006,mc_20260807_0627_medium/task_0001,6,Nygaard_TurboGaussian,15.35,3749.947048348808,3691.6426853768703,1.555,3233.4923180838314,13.772,medium
mc_20260807_0627_medium_000006,mc_20260807_0627_medium/task_0001,6,SuperGaussian,5.59,3798.47810407859,3794.212206528515,0.112,3391.573834442109,10.712,medium
mc_20260807_0627_medium_000007,mc_20260807_0627_medium/task_0001,7,Nygaard_TurboGaussian,13.11,3327.603340328542,3266.9967804177886,1.821,2836.0074764462524,14.773,medium
mc_20260807_0627_medium_000007,mc_20260807_0627_medium/task_0001,7,SuperGaussian,3.68,3378.34204085474,3373.8947012828407,0.132,2997.4725975373913,11.274,medium
mc_20260807_0627_medium_000008,mc_20260807_0627_medium/task_0001,8,Nygaard_TurboGaussian,9.87,3021.6722788028183,2975.0774669248385,1.542,2575.886733783712,14.753,medium
mc_20260807_0627_medium_000008,mc_20260807_0627_medium/task_0001,8,SuperGaussian,3.52,3069.3350289704017,3065.916882266639,0.111,2726.464879122207,11.171,medium
mc_20260807_0627_medium_000009,mc_20260807_0627_medium/task_0001,9,Nygaard_TurboGaussian,12.5,3314.8415811345617,3256.430713581478,1.762,2958.418460523414,10.752,medium
mc_20260807_0627_medium_000009,mc_20260807_0627_medium/task_0001,9,SuperGaussian,3.16,3363.9995728981103,3359.822537737593,0.124,3100.4459843202167,7.835,medium
mc_20260807_0627_medium_000010,mc_20260807_0627_medium/task_0002,10,Nygaard_TurboGaussian,6.04,3182.2353945893155,3131.74677731879,1.587,2820.103732326501,11.38,medium
mc_20260807_0627_medium_000010,mc_20260807_0627_medium/task_0002,10,SuperGaussian,3.57,3231.3904541850184,3227.7046470320493,0.114,2940.823346301522,8.992,medium
mc_20260807_0627_medium_000011,mc_20260807_0627_medium/task_0002,11,Nygaard_TurboGaussian,16.47,3338.4774768736515,3267.1534038889813,2.136,2865.431684066164,14.17,medium
mc_20260807_0627_medium_000011,mc_20260807_0627_medium/task_0002,11,SuperGaussian,6.58,3394.2980895590235,3389.127692273743,0.152,3044.701687333488,10.3,medium
mc_20260807_0627_medium_000012,mc_20260807_0627_medium/task_0002,12,Nygaard_TurboGaussian,16.93,3283.7280079311176,3209.588180224476,2.258,2844.0759744523702,13.389,medium
mc_20260807_0627_medium_000012,mc_20260807_0627_medium/task_0002,12,SuperGaussian,5.49,3339.5739019723856,3334.287982421369,0.158,2998.6726376157326,10.208,medium
mc_20260807_0627_medium_000013,mc_20260807_0627_medium/task_0002,13,Nygaard_TurboGaussian,7.79,3105.538522613575,3056.1779839706037,1.589,2681.5554418308548,13.652,medium
mc_20260807_0627_medium_000013,mc_20260807_0627_medium/task_0002,13,SuperGaussian,3.07,3154.9022158393564,3151.3100642507625,0.114,2827.190888470441,10.387,medium
mc_20260807_0627_medium_000014,mc_20260807_0627_medium/task_0002,14,Nygaard_TurboGaussian,17.73,3344.929240512704,3298.716892131046,1.382,2939.3455228749,12.125,medium
mc_20260807_0627_medium_000014,mc_20260807_0627_medium/task_0002,14,SuperGaussian,4.02,3394.8591957867648,3391.4564854237633,0.1,3075.2813323569667,9.414,medium
mc_20260807_0627_medium_000015,mc_20260807_0627_medium/task_0003,15,Nygaard_TurboGaussian,28.06,3060.859893111301,3014.6187589429874,1.511,2651.621825693819,13.37,medium
mc_20260807_0627_medium_000015,mc_20260807_0627_medium/task_0003,15,SuperGaussian,4.19,3109.821723781434,3106.392593518043,0.11,2796.9635598473787,10.06,medium
mc_20260807_0627_medium_000016,mc_20260807_0627_medium/task_0003,16,Nygaard_TurboGaussian,16.49,3254.654665675072,3193.9206833356084,1.866,2803.839412593352,13.851,medium
mc_20260807_0627_medium_000016,mc_20260807_0627_medium/task_0003,16,SuperGaussian,4.22,3307.1364022857138,3302.8177674180724,0.131,2966.9745653030345,10.286,medium
mc_20260807_0627_medium_000017,mc_20260807_0627_medium/task_0003,17,Nygaard_TurboGaussian,11.62,3358.791346353927,3285.2346715790445,2.19,2962.408605844897,11.801,medium
mc_20260807_0627_medium_000017,mc_20260807_0627_medium/task_0003,17,SuperGaussian,3.35,3415.0075954684426,3409.750178662257,0.154,3133.642901796504,8.239,medium
mc_20260807_0627_medium_000018,mc_20260807_0627_medium/task_0003,18,Nygaard_TurboGaussian,20.22,3188.5407430247233,3135.1204102755764,1.675,2728.220877034357,14.437,medium
mc_20260807_0627_medium_000018,mc_20260807_0627_medium/task_0003,18,SuperGaussian,4.66,3240.424272178102,3236.524532074781,0.12,2884.7700721062333,10.976,medium
mc_20260807_0627_medium_000019,mc_20260807_0627_medium/task_0003,19,Nygaard_TurboGaussian,7.44,3349.8493511430424,3276.3416909114203,2.194,2895.1583686593385,13.573,medium
mc_20260807_0627_medium_000019,mc_20260807_0627_medium/task_0003,19,SuperGaussian,2.01,3405.217953469226,3399.924244621983,0.155,3065.7629994726212,9.969,medium
mc_20260807_0627_medium_000020,mc_20260807_0627_medium/task_0004,20,Nygaard_TurboGaussian,27.17,3231.2506729391516,3158.6918773914986,2.246,2799.522879393591,13.361,medium
mc_20260807_0627_medium_000020,mc_20260807_0627_medium/task_0004,20,SuperGaussian,4.11,3287.527186526361,3282.349316512162,0.158,2979.1875842910995,9.379,medium
mc_20260807_0627_medium_000021,mc_20260807_0627_medium/task_0004,21,Nygaard_TurboGaussian,13.42,3389.39021556213,3318.0999442140424,2.103,2919.384420006444,13.867,medium
mc_20260807_0627_medium_000021,mc_20260807_0627_medium/task_0004,21,SuperGaussian,3.62,3441.79599197969,3436.7003094787897,0.148,3079.7769547591206,10.518,medium
mc_20260807_0627_medium_000022,mc_20260807_0627_medium/task_0004,22,Nygaard_TurboGaussian,8.7,3159.8596562275816,3113.480577562261,1.468,2795.639728717687,11.526,medium
mc_20260807_0627_medium_000022,mc_20260807_0627_medium/task_0004,22,SuperGaussian,2.9,3205.2533609382635,3201.8608398514443,0.106,2932.754843348639,8.502,medium
mc_20260807_0627_medium_000023,mc_20260807_0627_medium/task_0004,23,Nygaard_TurboGaussian,9.56,3451.7098598090865,3383.9729879591323,1.962,3045.2450152502342,11.776,medium
mc_20260807_0627_medium_000023,mc_20260807_0627_medium/task_0004,23,SuperGaussian,3.95,3504.9852039398415,3500.0097408869597,0.142,3214.493449231535,8.288,medium
mc_20260807_0627_medium_000024,mc_20260807_0627_medium/task_0004,24,Nygaard_TurboGaussian,11.17,3369.391012657226,3297.7404222182768,2.127,2927.8805810480435,13.104,medium
mc_20260807_0627_medium_000024,mc_20260807_0627_medium/task_0004,24,SuperGaussian,4.41,3424.0871261473353,3418.983221617895,0.149,3094.6690660242575,9.621,medium
mc_20260807_0627_medium_000025,mc_20260807_0627_medium/task_0005,25,Nygaard_TurboGaussian,28.76,3416.6830483318117,3355.476699134754,1.791,2963.5098641816503,13.264,medium
mc_20260807_0627_medium_000025,mc_20260807_0627_medium/task_0005,25,SuperGaussian,5.04,3471.1459213602902,3466.721033014657,0.127,3105.364399877155,10.538,medium
mc_20260807_0627_medium_000026,mc_20260807_0627_medium/task_0005,26,Nygaard_TurboGaussian,14.28,2750.3954150663876,2706.5715872341134,1.593,2387.4486790068663,13.196,medium
mc_20260807_0627_medium_000026,mc_20260807_0627_medium/task_0005,26,SuperGaussian,3.51,2798.725962986005,2795.5728998465547,0.113,2525.7547254252936,9.753,medium
mc_20260807_0627_medium_000027,mc_20260807_0627_medium/task_0005,27,Nygaard_TurboGaussian,12.26,3479.2136310548076,3411.0621332223677,1.959,3067.932644730032,11.821,medium
mc_20260807_0627_medium_000027,mc_20260807_0627_medium/task_0005,27,SuperGaussian,4.69,3533.8322198840106,3528.876216542055,0.14,3228.0822827044235,8.652,medium
mc_20260807_0627_medium_000028,mc_20260807_0627_medium/task_0005,28,Nygaard_TurboGaussian,14.18,3184.1979388428763,3128.643968270814,1.745,2794.2693838194346,12.246,medium
mc_20260807_0627_medium_000028,mc_20260807_0627_medium/task_0005,28,SuperGaussian,5.1,3236.794953547177,3232.810579006361,0.123,2912.61148392858,10.016,medium
mc_20260807_0627_medium_000029,mc_20260807_0627_medium/task_0005,29,Nygaard_TurboGaussian,7.23,3255.9445078506733,3195.741050566068,1.849,2850.000566442275,12.468,medium
mc_20260807_0627_medium_000029,mc_20260807_0627_medium/task_0005,29,SuperGaussian,2.53,3308.5193555934884,3304.172570754918,0.131,3011.066945350839,8.99,medium
mc_20260807_0627_medium_000030,mc_20260807_0627_medium/task_0006,30,Nygaard_TurboGaussian,16.76,3486.98105413868,3427.3981702767546,1.709,3038.201121240813,12.87,medium
mc_20260807_0627_medium_000030,mc_20260807_0627_medium/task_0006,30,SuperGaussian,3.86,3538.372341321712,3534.0465909122595,0.122,3184.972386134271,9.988,medium
mc_20260807_0627_medium_000031,mc_20260807_0627_medium/task_0006,31,Nygaard_TurboGaussian,7.0,3304.7024137411695,3246.672808045315,1.756,2921.4769027925477,11.596,medium
mc_20260807_0627_medium_000031,mc_20260807_0627_medium/task_0006,31,SuperGaussian,1.95,3356.856038577885,3352.592838263604,0.127,3066.0612003414126,8.663,medium
mc_20260807_0627_medium_000032,mc_20260807_0627_medium/task_0006,32,Nygaard_TurboGaussian,16.03,3389.785768398916,3317.110554291311,2.144,2977.2823606450443,12.169,medium
mc_20260807_0627_medium_000032,mc_20260807_0627_medium/task_0006,32,SuperGaussian,3.37,3443.34185615724,3438.124179703594,0.152,3147.712193174364,8.586,medium
mc_20260807_0627_medium_000033,mc_20260807_0627_medium/task_0006,33,Nygaard_TurboGaussian,12.99,3151.9649361056095,3089.071653635685,1.995,2625.9740295751226,16.688,medium
mc_20260807_0627_medium_000033,mc_20260807_0627_medium/task_0006,33,SuperGaussian,2.96,3206.4920727160625,3201.9545899420627,0.142,2821.531923582944,12.006,medium
mc_20260807_0627_medium_000034,mc_20260807_0627_medium/task_0006,34,Nygaard_TurboGaussian,15.76,3015.6765617012406,2957.686901643756,1.923,2547.699242232232,15.518,medium
mc_20260807_0627_medium_000034,mc_20260807_0627_medium/task_0006,34,SuperGaussian,3.44,3068.970165288336,3064.768578670215,0.137,2680.9173123069527,12.644,medium
mc_20260807_0627_medium_000035,mc_20260807_0627_medium/task_0007,35,Nygaard_TurboGaussian,11.64,3155.122673892889,3091.672137341118,2.011,2693.9600721905717,14.616,medium
mc_20260807_0627_medium_000035,mc_20260807_0627_medium/task_0007,35,SuperGaussian,3.54,3208.912780406658,3204.420639253378,0.14,2871.1716283509368,10.525,medium
mc_20260807_0627_medium_000036,mc_20260807_0627_medium/task_0007,36,Nygaard_TurboGaussian,15.92,3210.649726025416,3159.465976304567,1.594,2831.666334823345,11.804,medium
mc_20260807_0627_medium_000036,mc_20260807_0627_medium/task_0007,36,SuperGaussian,5.36,3260.266047712033,3256.5273876005904,0.115,2983.02979987027,8.503,medium
mc_20260807_0627_medium_000037,mc_20260807_0627_medium/task_0007,37,Nygaard_TurboGaussian,9.59,3134.271398730084,3067.418477422104,2.133,2715.757941854862,13.353,medium
mc_20260807_0627_medium_000037,mc_20260807_0627_medium/task_0007,37,SuperGaussian,3.04,3188.0440710221205,3183.342564477073,0.147,2898.4604315522943,9.083,medium
mc_20260807_0627_medium_000038,mc_20260807_0627_medium/task_0007,38,Nygaard_TurboGaussian,10.52,3308.863441351129,3248.120756778001,1.836,2838.6936676495384,14.209,medium
mc_20260807_0627_medium_000038,mc_20260807_0627_medium/task_0007,38,SuperGaussian,3.33,3360.6399749793336,3356.192912591642,0.132,3019.778736306801,10.143,medium
mc_20260807_0627_medium_000039,mc_20260807_0627_medium/task_0007,39,Nygaard_TurboGaussian,8.35,3362.8520691132635,3305.6937107998647,1.7,2913.1777712594007,13.372,medium
mc_20260807_0627_medium_000039,mc_20260807_0627_medium/task_0007,39,SuperGaussian,2.2,3413.988447968456,3409.7465399860776,0.124,3095.9398613043218,9.316,medium
mc_20260807_0627_medium_000040,mc_20260807_0627_medium/task_0008,40,Nygaard_TurboGaussian,19.45,3046.9740241686086,2997.4701032034645,1.625,2614.3416773467443,14.199,medium
mc_20260807_0627_medium_000040,mc_20260807_0627_medium/task_0008,40,SuperGaussian,5.33,3093.8024311629115,3090.1630089752307,0.118,2765.149317052074,10.623,medium
mc_20260807_0627_medium_000041,mc_20260807_0627_medium/task_0008,41,Nygaard_TurboGaussian,11.34,3129.638664624212,3070.1662191851756,1.9,2711.2595033867806,13.368,medium
mc_20260807_0627_medium_000041,mc_20260807_0627_medium/task_0008,41,SuperGaussian,6.33,3182.430444191097,3178.2173276788435,0.132,2871.276690255615,9.777,medium
mc_20260807_0627_medium_000042,mc_20260807_0627_medium/task_0008,42,Nygaard_TurboGaussian,6.94,2983.0747012285738,2919.809292589117,2.121,2595.1127422137997,13.005,medium
mc_20260807_0627_medium_000042,mc_20260807_0627_medium/task_0008,42,SuperGaussian,2.26,3035.7941594900003,3031.254359283372,0.15,2754.574917311432,9.263,medium
mc_20260807_0627_medium_000043,mc_20260807_0627_medium/task_0008,43,Nygaard_TurboGaussian,14.2,3373.8093818567804,3313.325729348021,1.793,2997.6454228889743,11.15,medium
mc_20260807_0627_medium_000043,mc_20260807_0627_medium/task_0008,43,SuperGaussian,6.79,3426.6739990676397,3422.261604095957,0.129,3171.13185157341,7.457,medium
mc_20260807_0627_medium_000044,mc_20260807_0627_medium/task_0008,44,Nygaard_TurboGaussian,9.95,3263.6630413985977,3196.294604731005,2.064,2791.885850623349,14.455,medium
mc_20260807_0627_medium_000044,mc_20260807_0627_medium/task_0008,44,SuperGaussian,4.44,3318.2392273898367,3313.4420596298723,0.145,2959.6169707238087,10.808,medium
mc_20260807_0627_medium_000045,mc_20260807_0627_medium/task_0009,45,Nygaard_TurboGaussian,30.0,3165.5371143503903,3112.9786347602508,1.66,2713.942475681457,14.266,medium
mc_20260807_0627_medium_000045,mc_20260807_0627_medium/task_0009,45,SuperGaussian,5.96,3215.5307552519325,3211.698941784799,0.119,2846.4628408915523,11.478,medium
mc_20260807_0627_medium_000046,mc_20260807_0627_medium/task_0009,46,Nygaard_TurboGaussian,13.57,3264.7074763887877,3193.680909178718,2.176,2810.8934046577256,13.901,medium
mc_20260807_0627_medium_000046,mc_20260807_0627_medium/task_0009,46,SuperGaussian,4.38,3318.7886150226677,3313.6872686414076,0.154,2973.9157981519347,10.392,medium
mc_20260807_0627_medium_000047,mc_20260807_0627_medium/task_0009,47,Nygaard_TurboGaussian,10.88,3272.051745569774,3213.72784618529,1.782,2905.484476178305,11.203,medium
mc_20260807_0627_medium_000047,mc_20260807_0627_medium/task_0009,47,SuperGaussian,3.39,3322.8126380454064,3318.6499016061075,0.125,3062.2739849653067,7.841,medium
mc_20260807_0627_medium_000048,mc_20260807_0627_medium/task_0009,48,Nygaard_TurboGaussian,11.86,3312.3323643463086,3241.04160722292,2.152,2891.1518857892256,12.716,medium
mc_20260807_0627_medium_000048,mc_20260807_0627_medium/task_0009,48,SuperGaussian,4.16,3366.6749735600833,3361.5461421388454,0.152,3042.0685315088995,9.642,medium
mc_20260807_0627_medium_000049,mc_20260807_0627_medium/task_0009,49,Nygaard_TurboGaussian,7.36,3391.9429298410337,3315.991881425386,2.239,3001.7230504070585,11.504,medium
mc_20260807_0627_medium_000049,mc_20260807_0627_medium/task_0009,49,SuperGaussian,1.95,3449.6304671023486,3444.2455588858356,0.156,3147.716211272038,8.752,medium
mc_20260807_0627_medium_000050,mc_20260807_0627_medium/task_0010,50,Nygaard_TurboGaussian,27.28,3354.4455525445983,3293.5990781161545,1.814,2875.32058035788,14.283,medium
mc_20260807_0627_medium_000050,mc_20260807_0627_medium/task_0010,50,SuperGaussian,5.23,3407.4583933119993,3403.023754891952,0.13,3031.9965692106457,11.019,medium
mc_20260807_0627_medium_000051,mc_20260807_0627_medium/task_0010,51,Nygaard_TurboGaussian,16.9,3079.685592384501,3024.14910617369,1.803,2642.186142186216,14.206,medium
mc_20260807_0627_medium_000051,mc_20260807_0627_medium/task_0010,51,SuperGaussian,3.97,3128.229543055963,3124.168198967958,0.13,2778.1629523348142,11.191,medium
mc_20260807_0627_medium_000052,mc_20260807_0627_medium/task_0010,52,Nygaard_TurboGaussian,8.25,3250.5661889297635,3193.669666171305,1.75,2876.973022190504,11.493,medium
mc_20260807_0627_medium_000052,mc_20260807_0627_medium/task_0010,52,SuperGaussian,2.76,3301.834260862722,3297.724436981718,0.124,3045.376475338459,7.767,medium
mc_20260807_0627_medium_000053,mc_20260807_0627_medium/task_0010,53,Nygaard_TurboGaussian,14.36,3228.7228022267336,3170.5756026435665,1.801,2799.456767337956,13.295,medium
mc_20260807_0627_medium_000053,mc_20260807_0627_medium/task_0010,53,SuperGaussian,3.63,3281.5680003696493,3277.291189415252,0.13,2963.873040780988,9.681,medium
mc_20260807_0627_medium_000054,mc_20260807_0627_medium/task_0010,54,Nygaard_TurboGaussian,10.01,2983.8374883878273,2935.4515054976846,1.622,2576.648148861577,13.646,medium
mc_20260807_0627_medium_000054,mc_20260807_0627_medium/task_0010,54,SuperGaussian,2.44,3033.8320682243875,3030.3174528111767,0.116,2709.7884915305876,10.681,medium
mc_20260807_0627_medium_000055,mc_20260807_0627_medium/task_0011,55,Nygaard_TurboGaussian,17.09,2930.3102030033356,2876.878098750301,1.823,2491.8709139073826,14.962,medium
mc_20260807_0627_medium_000055,mc_20260807_0627_medium/task_0011,55,SuperGaussian,4.64,2979.194207313675,2975.3631966715293,0.129,2639.380273837937,11.406,medium
mc_20260807_0627_medium_000056,mc_20260807_0627_medium/task_0011,56,Nygaard_TurboGaussian,6.74,3240.7659439708564,3189.8801674451306,1.57,2816.808653302738,13.082,medium
mc_20260807_0627_medium_000056,mc_20260807_0627_medium/task_0011,56,SuperGaussian,2.42,3290.8674693849725,3287.0877423063857,0.115,2958.65707523935,10.095,medium
mc_20260807_0627_medium_000057,mc_20260807_0627_medium/task_0011,57,Nygaard_TurboGaussian,17.22,3144.969876024169,3074.658039762389,2.236,2688.2721096546065,14.522,medium
mc_20260807_0627_medium_000057,mc_20260807_0627_medium/task_0011,57,SuperGaussian,5.96,3201.5480434038845,3196.5813570223895,0.155,2850.806437916074,10.955,medium
mc_20260807_0627_medium_000058,mc_20260807_0627_medium/task_0011,58,Nygaard_TurboGaussian,21.51,3376.781200360275,3322.5288931574255,1.607,2926.451993311146,13.336,medium
mc_20260807_0627_medium_000058,mc_20260807_0627_medium/task_0011,58,SuperGaussian,8.08,3426.450325460724,3422.516577498681,0.115,3078.20344440042,10.163,medium
mc_20260807_0627_medium_000059,mc_20260807_0627_medium/task_0011,59,Nygaard_TurboGaussian,9.03,3179.308004594693,3101.424156640339,2.45,2759.279613920414,13.211,medium
mc_20260807_0627_medium_000059,mc_20260807_0627_medium/task_0011,59,SuperGaussian,2.44,3237.861768515485,3232.2651006257693,0.173,2930.287720100614,9.499,medium
mc_20260807_0627_medium_000060,mc_20260807_0627_medium/task_0012,60,Nygaard_TurboGaussian,27.15,3235.889465471273,3185.6716337491107,1.552,2864.5911193146185,11.474,medium
mc_20260807_0627_medium_000060,mc_20260807_0627_medium/task_0012,60,SuperGaussian,5.36,3287.064107282393,3283.317571587985,0.114,3009.4773184556416,8.445,medium
mc_20260807_0627_medium_000061,mc_20260807_0627_medium/task_0012,61,Nygaard_TurboGaussian,14.06,3104.3655833818666,3044.4961326870507,1.929,2690.4643399152887,13.333,medium
mc_20260807_0627_medium_000061,mc_20260807_0627_medium/task_0012,61,SuperGaussian,4.65,3160.3193904835207,3156.0224922129837,0.136,2842.778047330202,10.048,medium
mc_20260807_0627_medium_000062,mc_20260807_0627_medium/task_0012,62,Nygaard_TurboGaussian,14.8,2956.2638054636573,2900.0046162990425,1.903,2571.411109721692,13.018,medium
mc_20260807_0627_medium_000062,mc_20260807_0627_medium/task_0012,62,SuperGaussian,5.02,3008.9486212672764,3005.0093165604007,0.131,2712.09420374463,9.866,medium
mc_20260807_0627_medium_000063,mc_20260807_0627_medium/task_0012,63,Nygaard_TurboGaussian,14.18,3730.6883686913934,3665.2315262940297,1.755,3278.662807417363,12.116,medium
mc_20260807_0627_medium_000063,mc_20260807_0627_medium/task_0012,63,SuperGaussian,3.34,3781.643072413375,3776.877785017383,0.126,3459.348986536108,8.523,medium
mc_20260807_0627_medium_000064,mc_20260807_0627_medium/task_0012,64,Nygaard_TurboGaussian,7.49,3246.178023755756,3196.9775231469803,1.516,2835.3169413092432,12.657,medium
mc_20260807_0627_medium_000064,mc_20260807_0627_medium/task_0012,64,SuperGaussian,1.92,3294.781247329122,3291.2234790172542,0.108,2964.651084614688,10.02,medium
mc_20260807_0627_medium_000065,mc_20260807_0627_medium/task_0013,65,Nygaard_TurboGaussian,6.81,3181.230391629047,3120.3198874251993,1.915,2790.551236828969,12.281,medium
mc_20260807_0627_medium_000065,mc_20260807_0627_medium/task_0013,65,SuperGaussian,2.64,3234.134035226113,3229.688258608675,0.137,2924.313957163826,9.58,medium
mc_20260807_0627_medium_000066,mc_20260807_0627_medium/task_0013,66,Nygaard_TurboGaussian,13.44,3270.9787044353006,3208.479614160842,1.911,2859.0251683116503,12.594,medium
mc_20260807_0627_medium_000066,mc_20260807_0627_medium/task_0013,66,SuperGaussian,3.73,3322.6517052594854,3318.079203253661,0.138,3030.7800046665843,8.784,medium
mc_20260807_0627_medium_000067,mc_20260807_0627_medium/task_0013,67,Nygaard_TurboGaussian,10.49,3319.9580886701615,3266.281148956162,1.617,2915.351001329383,12.187,medium
mc_20260807_0627_medium_000067,mc_20260807_0627_medium/task_0013,67,SuperGaussian,3.04,3370.6009842296835,3366.6995461613856,0.116,3053.008195984463,9.422,medium
mc_20260807_0627_medium_000068,mc_20260807_0627_medium/task_0013,68,Nygaard_TurboGaussian,17.3,3493.742128317964,3426.3994974410302,1.928,3004.349922758681,14.008,medium
mc_20260807_0627_medium_000068,mc_20260807_0627_medium/task_0013,68,SuperGaussian,4.77,3548.6971457044187,3543.8642826200107,0.136,3169.9275758334825,10.673,medium
mc_20260807_0627_medium_000069,mc_20260807_0627_medium/task_0013,69,Nygaard_TurboGaussian,18.23,3265.1673114472883,3194.2720662317724,2.171,2781.461969346059,14.814,medium
mc_20260807_0627_medium_000069,mc_20260807_0627_medium/task_0013,69,SuperGaussian,4.03,3324.1144893396213,3319.014678953786,0.153,2957.7140962461417,11.022,medium
mc_20260807_0627_medium_000070,mc_20260807_0627_medium/task_0014,70,Nygaard_TurboGaussian,26.38,3153.685407348322,3092.7386980943343,1.933,2675.59682518453,15.16,medium
mc_20260807_0627_medium_000070,mc_20260807_0627_medium/task_0014,70,SuperGaussian,5.34,3206.025685601145,3201.5979614864546,0.138,2833.4780838905544,11.62,medium
mc_20260807_0627_medium_000071,mc_20260807_0627_medium/task_0014,71,Nygaard_TurboGaussian,11.32,3299.6122596656683,3236.2256291593303,1.921,2888.3705897525965,12.463,medium
mc_20260807_0627_medium_000071,mc_20260807_0627_medium/task_0014,71,SuperGaussian,4.87,3353.747307336743,3349.218677664823,0.135,3034.330594605674,9.524,medium
mc_20260807_0627_medium_000072,mc_20260807_0627_medium/task_0014,72,Nygaard_TurboGaussian,11.67,3269.4998094770763,3209.0098514490264,1.85,2845.608430131283,12.965,medium
mc_20260807_0627_medium_000072,mc_20260807_0627_medium/task_0014,72,SuperGaussian,4.64,3322.7344684246573,3318.298412127318,0.134,3006.3181501646036,9.523,medium
mc_20260807_0627_medium_000073,mc_20260807_0627_medium/task_0014,73,Nygaard_TurboGaussian,15.05,3265.9423628049176,3198.152177359679,2.076,2841.937873843315,12.983,medium
mc_20260807_0627_medium_000073,mc_20260807_0627_medium/task_0014,73,SuperGaussian,4.82,3319.593473005838,3314.7994131038704,0.144,3003.438981445385,9.524,medium
mc_20260807_0627_medium_000074,mc_20260807_0627_medium/task_0014,74,Nygaard_TurboGaussian,7.87,3232.4274614032247,3168.096069162578,1.99,2767.749473221877,14.376,medium
mc_20260807_0627_medium_000074,mc_20260807_0627_medium/task_0014,74,SuperGaussian,2.81,3285.90453930094,3281.2000989005583,0.143,2923.278465186512,11.036,medium
mc_20260807_0627_medium_000075,mc_20260807_0627_medium/task_0015,75,Nygaard_TurboGaussian,16.52,3245.1678637012305,3185.834955805398,1.828,2818.9168629764204,13.135,medium
mc_20260807_0627_medium_000075,mc_20260807_0627_medium/task_0015,75,SuperGaussian,4.13,3296.919578124711,3292.6110771755075,0.131,2971.145587187237,9.881,medium
mc_20260807_0627_medium_000076,mc_20260807_0627_medium/task_0015,76,Nygaard_TurboGaussian,11.17,3387.0903594441215,3313.381609490397,2.176,2967.24688792951,12.395,medium
mc_20260807_0627_medium_000076,mc_20260807_0627_medium/task_0015,76,SuperGaussian,4.92,3440.4454017393596,3435.0834843663683,0.156,3144.298520866023,8.608,medium
mc_20260807_0627_medium_000077,mc_20260807_0627_medium/task_0015,77,Nygaard_TurboGaussian,14.25,3203.1185690752573,3141.067800735436,1.937,2706.631107825926,15.5,medium
mc_20260807_0627_medium_000077,mc_20260807_0627_medium/task_0015,77,SuperGaussian,5.54,3257.580498764092,3253.0440136631064,0.139,2876.935458889192,11.685,medium
mc_20260807_0627_medium_000078,mc_20260807_0627_medium/task_0015,78,Nygaard_TurboGaussian,13.3,3317.9055344178696,3258.447656227788,1.792,2898.7981914761044,12.632,medium
mc_20260807_0627_medium_000078,mc_20260807_0627_medium/task_0015,78,SuperGaussian,5.56,3369.00611623739,3364.6765492011223,0.129,3052.204137675526,9.403,medium
mc_20260807_0627_medium_000079,mc_20260807_0627_medium/task_0015,79,Nygaard_TurboGaussian,7.65,3175.5432263854964,3117.8376536580354,1.817,2790.607668637267,12.122,medium
mc_20260807_0627_medium_000079,mc_20260807_0627_medium/task_0015,79,SuperGaussian,2.48,3227.23765648448,3223.045756456999,0.13,2940.7102833455147,8.878,medium
mc_20260807_0627_medium_000080,mc_20260807_0627_medium/task_0016,80,Nygaard_TurboGaussian,13.75,3314.2098080915707,3257.1766224824323,1.721,2846.5205383610764,14.112,medium
mc_20260807_0627_medium_000080,mc_20260807_0627_medium/task_0016,80,SuperGaussian,5.45,3367.846444124601,3363.7375331049866,0.122,2979.8643683821556,11.52,medium
mc_20260807_0627_medium_000081,mc_20260807_0627_medium/task_0016,81,Nygaard_TurboGaussian,6.7,3497.907225410885,3437.267621467134,1.734,3086.608756047121,11.758,medium
mc_20260807_0627_medium_000081,mc_20260807_0627_medium/task_0016,81,SuperGaussian,2.46,3547.6952843567183,3543.2474243557635,0.125,3242.7359519326283,8.596,medium
mc_20260807_0627_medium_000082,mc_20260807_0627_medium/task_0016,82,Nygaard_TurboGaussian,11.97,3347.672210211841,3263.979510387526,2.5,2912.2031578843043,13.008,medium
mc_20260807_0627_medium_000082,mc_20260807_0627_medium/task_0016,82,SuperGaussian,2.74,3407.69436400669,3401.6961451990396,0.176,3096.207068524938,9.141,medium
mc_20260807_0627_medium_000083,mc_20260807_0627_medium/task_0016,83,Nygaard_TurboGaussian,19.83,3071.210101025498,3020.9085484071475,1.638,2644.6422349810787,13.889,medium
mc_20260807_0627_medium_000083,mc_20260807_0627_medium/task_0016,83,SuperGaussian,5.54,3121.4899097109283,3117.857452218803,0.116,2788.66232207769,10.662,medium
mc_20260807_0627_medium_000084,mc_20260807_0627_medium/task_0016,84,Nygaard_TurboGaussian,6.87,3210.003401895978,3161.23203635602,1.519,2854.8944183927406,11.063,medium
mc_20260807_0627_medium_000084,mc_20260807_0627_medium/task_0016,84,SuperGaussian,2.63,3256.893580385972,3253.343430779545,0.109,2994.126628716362,8.068,medium
mc_20260807_0627_medium_000085,mc_20260807_0627_medium/task_0017,85,Nygaard_TurboGaussian,14.11,3303.1070178208183,3248.4439806350065,1.655,2897.766578367732,12.271,medium
mc_20260807_0627_medium_000085,mc_20260807_0627_medium/task_0017,85,SuperGaussian,5.27,3353.5469054046252,3349.5625407345733,0.119,3048.312935973915,9.102,medium
mc_20260807_0627_medium_000086,mc_20260807_0627_medium/task_0017,86,Nygaard_TurboGaussian,10.54,3060.6147624798814,3006.0230016382548,1.784,2669.5833430688103,12.776,medium
mc_20260807_0627_medium_000086,mc_20260807_0627_medium/task_0017,86,SuperGaussian,4.49,3112.1643552502915,3108.234186987943,0.126,2818.483916736522,9.437,medium
mc_20260807_0627_medium_000087,mc_20260807_0627_medium/task_0017,87,Nygaard_TurboGaussian,12.68,3165.819833824015,3097.564940548984,2.156,2682.112067185433,15.279,medium
mc_20260807_0627_medium_000087,mc_20260807_0627_medium/task_0017,87,SuperGaussian,3.89,3219.820805685355,3214.949960422542,0.151,2851.673409105838,11.434,medium
mc_20260807_0627_medium_000088,mc_20260807_0627_medium/task_0017,88,Nygaard_TurboGaussian,15.77,3184.0320743923244,3128.7729368790087,1.736,2777.900799469086,12.755,medium
mc_20260807_0627_medium_000088,mc_20260807_0627_medium/task_0017,88,SuperGaussian,4.24,3235.757708769388,3231.819242615292,0.122,2930.223456007393,9.442,medium
mc_20260807_0627_medium_000089,mc_20260807_0627_medium/task_0017,89,Nygaard_TurboGaussian,7.87,3174.8019288331034,3119.4765365736075,1.743,2738.8734401984593,13.731,medium
mc_20260807_0627_medium_000089,mc_20260807_0627_medium/task_0017,89,SuperGaussian,2.26,3226.9314186226447,3222.921873144642,0.124,2898.3932999044387,10.181,medium
mc_20260807_0627_medium_000090,mc_20260807_0627_medium/task_0018,90,Nygaard_TurboGaussian,10.07,3372.29265884437,3308.4429586062843,1.893,2925.2694723212117,13.256,medium
mc_20260807_0627_medium_000090,mc_20260807_0627_medium/task_0018,90,SuperGaussian,3.68,3423.3348215361475,3418.6566519776525,0.137,3083.941136485635,9.914,medium
mc_20260807_0627_medium_000091,mc_20260807_0627_medium/task_0018,91,Nygaard_TurboGaussian,10.17,3387.3373626523007,3326.0277724573616,1.81,2943.716955157329,13.096,medium
mc_20260807_0627_medium_000091,mc_20260807_0627_medium/task_0018,91,SuperGaussian,3.85,3438.204250325545,3433.785126288004,0.129,3109.1312161858905,9.571,medium
mc_20260807_0627_medium_000092,mc_20260807_0627_medium/task_0018,92,Nygaard_TurboGaussian,11.22,3055.4967855932355,3013.0707120201128,1.389,2716.279233939973,11.102,medium
mc_20260807_0627_medium_000092,mc_20260807_0627_medium/task_0018,92,SuperGaussian,2.79,3103.520804246461,3100.4853953237125,0.098,2841.7828731443215,8.434,medium
mc_20260807_0627_medium_000093,mc_20260807_0627_medium/task_0018,93,Nygaard_TurboGaussian,25.25,3132.0463371521364,3070.3734292271206,1.969,2656.415455359872,15.186,medium
mc_20260807_0627_medium_000093,mc_20260807_0627_medium/task_0018,93,SuperGaussian,5.52,3183.9329176845104,3179.4066599272523,0.142,2801.08579148,12.024,medium
mc_20260807_0627_medium_000094,mc_20260807_0627_medium/task_0018,94,Nygaard_TurboGaussian,24.02,3420.974142706742,3351.7402184550933,2.024,2942.0595502076835,13.999,medium
mc_20260807_0627_medium_000094,mc_20260807_0627_medium/task_0018,94,SuperGaussian,5.7,3474.6945444603107,3469.74356447043,0.142,3106.871180188511,10.586,medium
mc_20260807_0627_medium_000095,mc_20260807_0627_medium/task_0019,95,Nygaard_TurboGaussian,20.91,3171.8887666651663,3113.612177738478,1.837,2691.378851450293,15.149,medium
mc_20260807_0627_medium_000095,mc_20260807_0627_medium/task_0019,95,SuperGaussian,5.31,3225.820964332391,3221.586069142712,0.131,2862.1892384114126,11.273,medium
mc_20260807_0627_medium_000096,mc_20260807_0627_medium/task_0019,96,Nygaard_TurboGaussian,13.25,3432.773433456406,3379.562925100412,1.55,3048.047507233414,11.207,medium
mc_20260807_0627_medium_000096,mc_20260807_0627_medium/task_0019,96,SuperGaussian,3.16,3482.955750057154,3479.106121207109,0.111,3196.1118993754635,8.236,medium
mc_20260807_0627_medium_000097,mc_20260807_0627_medium/task_0019,97,Nygaard_TurboGaussian,26.47,3293.364944533633,3221.776348184741,2.174,2756.3676785032467,16.305,medium
mc_20260807_0627_medium_000097,mc_20260807_0627_medium/task_0019,97,SuperGaussian,6.09,3349.1996943137547,3344.0690832520677,0.153,2927.5651180584714,12.589,medium
mc_20260807_0627_medium_000098,mc_20260807_0627_medium/task_0019,98,Nygaard_TurboGaussian,11.01,3020.031050082659,2970.2073078442168,1.65,2616.61149572088,13.358,medium
mc_20260807_0627_medium_000098,mc_20260807_0627_medium/task_0019,98,SuperGaussian,3.27,3070.34913940018,3066.7330092428024,0.118,2767.5178302066097,9.863,medium
mc_20260807_0627_medium_000099,mc_20260807_0627_medium/task_0019,99,Nygaard_TurboGaussian,13.11,3095.9019264450394,3038.571117936178,1.852,2669.0042418428834,13.789,medium
mc_20260807_0627_medium_000099,mc_20260807_0627_medium/task_0019,99,SuperGaussian,3.31,3147.8401033167434,3143.716826319488,0.131,2821.2261102644584,10.376,medium
mc_20260807_0627_high_000000,mc_20260807_0627_high/task_0000,0,Nygaard_TurboGaussian,14.89,3289.9605939148223,3231.624476241144,1.773,2818.1440560407627,14.341,high
mc_20260807_0627_high_000000,mc_20260807_0627_high/task_0000,0,SuperGaussian,4.3,3341.8203828268424,3337.562214628554,0.127,2977.242297435836,10.91,high
mc_20260807_0627_high_000001,mc_20260807_0627_high/task_0000,1,Nygaard_TurboGaussian,9.6,3422.368870570838,3358.481165786033,1.867,3033.6090987372245,11.359,high
mc_20260807_0627_high_000001,mc_20260807_0627_high/task_0000,1,SuperGaussian,2.51,3475.612357613236,3470.9567250424943,0.134,3194.297147282562,8.094,high
mc_20260807_0627_high_000002,mc_20260807_0627_high/task_0000,2,Nygaard_TurboGaussian,28.65,3364.030117235816,3315.159290056659,1.453,2880.1150852144633,14.385,high
mc_20260807_0627_high_000002,mc_20260807_0627_high/task_0000,2,SuperGaussian,7.11,3414.4620838972032,3410.869600650264,0.105,3028.2742636798303,11.31,high
mc_20260807_0627_high_000003,mc_20260807_0627_high/task_0000,3,Nygaard_TurboGaussian,20.42,3000.489930396815,2941.750449715303,1.958,2537.3404679004525,15.436,high
mc_20260807_0627_high_000003,mc_20260807_0627_high/task_0000,3,SuperGaussian,5.15,3052.187169509012,3047.9414167586065,0.139,2692.7890147855865,11.775,high
mc_20260807_0627_high_000004,mc_20260807_0627_high/task_0000,4,Nygaard_TurboGaussian,19.92,3028.0054408689766,2965.8137197245687,2.054,2573.98871076419,14.994,high
mc_20260807_0627_high_000004,mc_20260807_0627_high/task_0000,4,SuperGaussian,4.87,3081.183454870471,3076.6896629325,0.146,2756.717396335975,10.531,high
mc_20260807_0627_high_000005,mc_20260807_0627_high/task_0001,5,Nygaard_TurboGaussian,34.73,3053.025111513983,3002.290158727983,1.662,2637.98661783993,13.594,high
mc_20260807_0627_high_000005,mc_20260807_0627_high/task_0001,5,SuperGaussian,6.41,3103.5532849874317,3099.911723082862,0.117,2780.3164638113694,10.415,high
mc_20260807_0627_high_000010,mc_20260807_0627_high/task_0002,10,Nygaard_TurboGaussian,32.48,3182.2353945893155,3131.74677731879,1.587,2774.536207916988,12.812,high
mc_20260807_0627_high_000010,mc_20260807_0627_high/task_0002,10,SuperGaussian,6.93,3231.3904541850184,3227.7046470320493,0.114,2913.2740915357667,9.845,high
mc_20260807_0627_high_000011,mc_20260807_0627_high/task_0002,11,Nygaard_TurboGaussian,15.61,3338.4774768736515,3267.1534038889813,2.136,2840.531002513694,14.915,high
mc_20260807_0627_high_000011,mc_20260807_0627_high/task_0002,11,SuperGaussian,5.87,3394.2980895590235,3389.127692273743,0.152,3035.60705445644,10.567,high
mc_20260807_0627_high_000012,mc_20260807_0627_high/task_0002,12,Nygaard_TurboGaussian,21.14,3283.7280079311176,3209.588180224476,2.258,2819.9563723447945,14.123,high
mc_20260807_0627_high_000012,mc_20260807_0627_high/task_0002,12,SuperGaussian,8.31,3339.5739019723856,3334.287982421369,0.158,2989.803357820794,10.474,high
mc_20260807_0627_high_000013,mc_20260807_0627_high/task_0002,13,Nygaard_TurboGaussian,12.11,3105.538522613575,3056.1779839706037,1.589,2653.985090092626,14.54,high
mc_20260807_0627_high_000013,mc_20260807_0627_high/task_0002,13,SuperGaussian,4.26,3154.9022158393564,3151.3100642507625,0.114,2787.905413250842,11.633,high
mc_20260807_0627_high_000014,mc_20260807_0627_high/task_0002,14,Nygaard_TurboGaussian,16.13,3344.929240512704,3298.716892131046,1.382,2911.5889630817055,12.955,high
mc_20260807_0627_high_000014,mc_20260807_0627_high/task_0002,14,SuperGaussian,4.37,3394.8591957867648,3391.4564854237633,0.1,3052.65058265309,10.08,high
mc_20260807_0627_high_000015,mc_20260807_0627_high/task_0003,15,Nygaard_TurboGaussian,31.71,3060.859893111301,3014.6187589429874,1.511,2647.797687247259,13.495,high
mc_20260807_0627_high_000015,mc_20260807_0627_high/task_0003,15,SuperGaussian,6.53,3109.821723781434,3106.392593518043,0.11,2787.390068694683,10.368,high
mc_20260807_0627_high_000016,mc_20260807_0627_high/task_0003,16,Nygaard_TurboGaussian,14.64,3254.654665675072,3193.9206833356084,1.866,2822.5858698150173,13.275,high
mc_20260807_0627_high_000016,mc_20260807_0627_high/task_0003,16,SuperGaussian,4.2,3307.1364022857138,3302.8177674180724,0.131,2981.644347051779,9.842,high
mc_20260807_0627_high_000017,mc_20260807_0627_high/task_0003,17,Nygaard_TurboGaussian,11.32,3358.791346353927,3285.2346715790445,2.19,2940.7070469254013,12.447,high
mc_20260807_0627_high_000017,mc_20260807_0627_high/task_0003,17,SuperGaussian,3.1,3415.0075954684426,3409.750178662257,0.154,3118.1660351922756,8.692,high
mc_20260807_0627_high_000018,mc_20260807_0627_high/task_0003,18,Nygaard_TurboGaussian,17.31,3188.5407430247233,3135.1204102755764,1.675,2691.947834965227,15.574,high
mc_20260807_0627_high_000018,mc_20260807_0627_high/task_0003,18,SuperGaussian,4.56,3240.424272178102,3236.524532074781,0.12,2857.8543208641468,11.806,high
mc_20260807_0627_high_000019,mc_20260807_0627_high/task_0003,19,Nygaard_TurboGaussian,16.16,3349.8493511430424,3276.3416909114203,2.194,2885.700239979163,13.856,high
mc_20260807_0627_high_000019,mc_20260807_0627_high/task_0003,19,SuperGaussian,4.43,3405.217953469226,3399.924244621983,0.155,3066.1208854088222,9.958,high
mc_20260807_0627_high_000020,mc_20260807_0627_high/task_0004,20,Nygaard_TurboGaussian,33.47,3231.2506729391516,3158.6918773914986,2.246,2779.0568035834963,13.994,high
mc_20260807_0627_high_000020,mc_20260807_0627_high/task_0004,20,SuperGaussian,7.25,3287.527186526361,3282.349316512162,0.158,2957.2939567584294,10.045,high
mc_20260807_0627_high_000021,mc_20260807_0627_high/task_0004,21,Nygaard_TurboGaussian,26.72,3389.39021556213,3318.0999442140424,2.103,2910.2431043957818,14.137,high
mc_20260807_0627_high_000021,mc_20260807_0627_high/task_0004,21,SuperGaussian,8.23,3441.79599197969,3436.7003094787897,0.148,3065.378743884963,10.937,high
mc_20260807_0627_high_000022,mc_20260807_0627_high/task_0004,22,Nygaard_TurboGaussian,19.36,3159.8596562275816,3113.480577562261,1.468,2770.68799072763,12.316,high
mc_20260807_0627_high_000022,mc_20260807_0627_high/task_0004,22,SuperGaussian,4.48,3205.2533609382635,3201.8608398514443,0.106,2905.528342122192,9.351,high
mc_20260807_0627_high_000023,mc_20260807_0627_high/task_0004,23,Nygaard_TurboGaussian,14.77,3451.7098598090865,3383.9729879591323,1.962,2963.6662254782,14.139,high
mc_20260807_0627_high_000023,mc_20260807_0627_high/task_0004,23,SuperGaussian,4.13,3504.9852039398415,3500.0097408869597,0.142,3148.2971425012015,10.177,high
mc_20260807_0627_high_000024,mc_20260807_0627_high/task_0004,24,Nygaard_TurboGaussian,6.78,3369.391012657226,3297.7404222182768,2.127,2913.2311713200666,13.538,high
mc_20260807_0627_high_000024,mc_20260807_0627_high/task_0004,24,SuperGaussian,2.49,3424.0871261473353,3418.983221617895,0.149,3082.1517003131667,9.986,high
mc_20260807_0627_high_000025,mc_20260807_0627_high/task_0005,25,Nygaard_TurboGaussian,30.19,3416.6830483318117,3355.476699134754,1.791,2942.226441124516,13.886,high
mc_20260807_0627_high_000025,mc_20260807_0627_high/task_0005,25,SuperGaussian,6.09,3471.1459213602902,3466.721033014657,0.127,3097.6387438081338,10.76,high
mc_20260807_0627_high_000026,mc_20260807_0627_high/task_0005,26,Nygaard_TurboGaussian,12.12,2750.3954150663876,2706.5715872341134,1.593,2340.2977131912135,14.91,high
mc_20260807_0627_high_000026,mc_20260807_0627_high/task_0005,26,SuperGaussian,3.37,2798.725962986005,2795.5728998465547,0.113,2493.7436651917687,10.897,high
mc_20260807_0627_high_000027,mc_20260807_0627_high/task_0005,27,Nygaard_TurboGaussian,18.53,3479.2136310548076,3411.0621332223677,1.959,3042.920848248764,12.54,high
mc_20260807_0627_high_000027,mc_20260807_0627_high/task_0005,27,SuperGaussian,7.17,3533.8322198840106,3528.876216542055,0.14,3207.790339208538,9.226,high
mc_20260807_0627_high_000028,mc_20260807_0627_high/task_0005,28,Nygaard_TurboGaussian,11.74,3184.1979388428763,3128.643968270814,1.745,2773.617517955553,12.894,high
mc_20260807_0627_high_000028,mc_20260807_0627_high/task_0005,28,SuperGaussian,3.31,3236.794953547177,3232.810579006361,0.123,2900.4406188151233,10.392,high
mc_20260807_0627_high_000029,mc_20260807_0627_high/task_0005,29,Nygaard_TurboGaussian,23.52,3255.9445078506733,3195.741050566068,1.849,2806.1862102392497,13.813,high
mc_20260807_0627_high_000029,mc_20260807_0627_high/task_0005,29,SuperGaussian,5.46,3308.5193555934884,3304.172570754918,0.131,2982.520060444517,9.853,high
mc_20260807_0627_high_000030,mc_20260807_0627_high/task_0006,30,Nygaard_TurboGaussian,29.87,3486.98105413868,3427.3981702767546,1.709,3004.257324354594,13.844,high
mc_20260807_0627_high_000030,mc_20260807_0627_high/task_0006,30,SuperGaussian,7.05,3538.372341321712,3534.0465909122595,0.122,3157.843085494681,10.754,high
mc_20260807_0627_high_000031,mc_20260807_0627_high/task_0006,31,Nygaard_TurboGaussian,24.71,3304.7024137411695,3246.672808045315,1.756,2896.0982210156303,12.364,high
mc_20260807_0627_high_000031,mc_20260807_0627_high/task_0006,31,SuperGaussian,8.01,3356.856038577885,3352.592838263604,0.127,3043.7403738397065,9.328,high
mc_20260807_0627_high_000032,mc_20260807_0627_high/task_0006,32,Nygaard_TurboGaussian,15.17,3389.785768398916,3317.110554291311,2.144,2954.932570369552,12.828,high
mc_20260807_0627_high_000032,mc_20260807_0627_high/task_0006,32,SuperGaussian,5.03,3443.34185615724,3438.124179703594,0.152,3135.5108924039055,8.94,high
mc_20260807_0627_high_000033,mc_20260807_0627_high/task_0006,33,Nygaard_TurboGaussian,15.33,3151.9649361056095,3089.071653635685,1.995,2660.5382700690307,15.591,high
mc_20260807_0627_high_000033,mc_20260807_0627_high/task_0006,33,SuperGaussian,4.66,3206.4920727160625,3201.9545899420627,0.142,2850.88392364441,11.09,high
mc_20260807_0627_high_000034,mc_20260807_0627_high/task_0006,34,Nygaard_TurboGaussian,21.38,3015.6765617012406,2957.686901643756,1.923,2511.931263294892,16.704,high
mc_20260807_0627_high_000034,mc_20260807_0627_high/task_0006,34,SuperGaussian,5.04,3068.970165288336,3064.768578670215,0.137,2660.99609709205,13.294,high
mc_20260807_0627_high_000035,mc_20260807_0627_high/task_0007,35,Nygaard_TurboGaussian,10.07,3155.122673892889,3091.672137341118,2.011,2679.703891825018,15.068,high
mc_20260807_0627_high_000035,mc_20260807_0627_high/task_0007,35,SuperGaussian,4.47,3208.912780406658,3204.420639253378,0.14,2861.368938389284,10.831,high
mc_20260807_0627_high_000036,mc_20260807_0627_high/task_0007,36,Nygaard_TurboGaussian,14.53,3210.649726025416,3159.465976304567,1.594,2799.526221278494,12.805,high
mc_20260807_0627_high_000036,mc_20260807_0627_high/task_0007,36,SuperGaussian,3.68,3260.266047712033,3256.5273876005904,0.115,2959.5891792185676,9.222,high
mc_20260807_0627_high_000037,mc_20260807_0627_high/task_0007,37,Nygaard_TurboGaussian,12.74,3134.271398730084,3067.418477422104,2.133,2706.31417762776,13.654,high
mc_20260807_0627_high_000037,mc_20260807_0627_high/task_0007,37,SuperGaussian,3.62,3188.0440710221205,3183.342564477073,0.147,2890.28694880941,9.34,high
mc_20260807_0627_high_000038,mc_20260807_0627_high/task_0007,38,Nygaard_TurboGaussian,18.84,3308.863441351129,3248.120756778001,1.836,2831.969646484759,14.413,high
mc_20260807_0627_high_000038,mc_20260807_0627_high/task_0007,38,SuperGaussian,6.25,3360.6399749793336,3356.192912591642,0.132,3012.7207751491223,10.353,high
mc_20260807_0627_high_000039,mc_20260807_0627_high/task_0007,39,Nygaard_TurboGaussian,11.83,3362.8520691132635,3305.6937107998647,1.7,2929.0735943686695,12.899,high
mc_20260807_0627_high_000039,mc_20260807_0627_high/task_0007,39,SuperGaussian,5.56,3413.988447968456,3409.7465399860776,0.124,3097.4001724233044,9.273,high
mc_20260807_0627_high_000040,mc_20260807_0627_high/task_0008,40,Nygaard_TurboGaussian,29.41,3046.9740241686086,2997.4701032034645,1.625,2603.482670815143,14.555,high
mc_20260807_0627_high_000040,mc_20260807_0627_high/task_0008,40,SuperGaussian,5.66,3093.8024311629115,3090.1630089752307,0.118,2753.639535673663,10.995,high
mc_20260807_0627_high_000041,mc_20260807_0627_high/task_0008,41,Nygaard_TurboGaussian,22.22,3129.638664624212,3070.1662191851756,1.9,2689.919640211846,14.05,high
mc_20260807_0627_high_000041,mc_20260807_0627_high/task_0008,41,SuperGaussian,7.91,3182.430444191097,3178.2173276788435,0.132,2858.9053880767506,10.166,high
mc_20260807_0627_high_000042,mc_20260807_0627_high/task_0008,42,Nygaard_TurboGaussian,21.76,2983.0747012285738,2919.809292589117,2.121,2545.6904905244446,14.662,high
mc_20260807_0627_high_000042,mc_20260807_0627_high/task_0008,42,SuperGaussian,7.59,3035.7941594900003,3031.254359283372,0.15,2723.0433727944624,10.302,high
mc_20260807_0627_high_000043,mc_20260807_0627_high/task_0008,43,Nygaard_TurboGaussian,12.24,3373.8093818567804,3313.325729348021,1.793,2945.080785012451,12.708,high
mc_20260807_0627_high_000043,mc_20260807_0627_high/task_0008,43,SuperGaussian,4.12,3426.6739990676397,3422.261604095957,0.129,3131.070266639305,8.627,high
mc_20260807_0627_high_000044,mc_20260807_0627_high/task_0008,44,Nygaard_TurboGaussian,14.23,3263.6630413985977,3196.294604731005,2.064,2744.8001218837926,15.898,high
mc_20260807_0627_high_000044,mc_20260807_0627_high/task_0008,44,SuperGaussian,3.97,3318.2392273898367,3313.4420596298723,0.145,2925.2429231849724,11.844,high
mc_20260807_0627_high_000045,mc_20260807_0627_high/task_0009,45,Nygaard_TurboGaussian,41.92,3165.5371143503903,3112.9786347602508,1.66,2688.911387266089,15.057,high
mc_20260807_0627_high_000045,mc_20260807_0627_high/task_0009,45,SuperGaussian,9.55,3215.5307552519325,3211.698941784799,0.119,2823.0883798548048,12.205,high
mc_20260807_0627_high_000046,mc_20260807_0627_high/task_0009,46,Nygaard_TurboGaussian,17.25,3264.7074763887877,3193.680909178718,2.176,2783.912581815748,14.727,high
mc_20260807_0627_high_000046,mc_20260807_0627_high/task_0009,46,SuperGaussian,5.67,3318.7886150226677,3313.6872686414076,0.154,2964.68654851696,10.67,high
mc_20260807_0627_high_000047,mc_20260807_0627_high/task_0009,47,Nygaard_TurboGaussian,22.36,3272.051745569774,3213.72784618529,1.782,2854.816687337691,12.751,high
mc_20260807_0627_high_000047,mc_20260807_0627_high/task_0009,47,SuperGaussian,5.41,3322.8126380454064,3318.6499016061075,0.125,3027.5599737305547,8.886,high
mc_20260807_0627_high_000048,mc_20260807_0627_high/task_0009,48,Nygaard_TurboGaussian,18.64,3312.3323643463086,3241.04160722292,2.152,2826.0136152463897,14.682,high
mc_20260807_0627_high_000048,mc_20260807_0627_high/task_0009,48,SuperGaussian,5.13,3366.6749735600833,3361.5461421388454,0.152,2989.5473883590703,11.202,high
mc_20260807_0627_high_000049,mc_20260807_0627_high/task_0009,49,Nygaard_TurboGaussian,12.2,3391.9429298410337,3315.991881425386,2.239,2939.8061861848364,13.33,high
mc_20260807_0627_high_000049,mc_20260807_0627_high/task_0009,49,SuperGaussian,3.22,3449.6304671023486,3444.2455588858356,0.156,3099.4840521847095,10.15,high
mc_20260807_0627_high_000050,mc_20260807_0627_high/task_0010,50,Nygaard_TurboGaussian,36.01,3354.4455525445983,3293.5990781161545,1.814,2851.514052618843,14.993,high
mc_20260807_0627_high_000050,mc_20260807_0627_high/task_0010,50,SuperGaussian,5.57,3407.4583933119993,3403.023754891952,0.13,3009.75527484112,11.672,high
mc_20260807_0627_high_000051,mc_20260807_0627_high/task_0010,51,Nygaard_TurboGaussian,18.58,3079.685592384501,3024.14910617369,1.803,2623.1047737706926,14.826,high
mc_20260807_0627_high_000051,mc_20260807_0627_high/task_0010,51,SuperGaussian,4.35,3128.229543055963,3124.168198967958,0.13,2758.867856926021,11.807,high
mc_20260807_0627_high_000052,mc_20260807_0627_high/task_0010,52,Nygaard_TurboGaussian,10.31,3250.5661889297635,3193.669666171305,1.75,2839.2707334827,12.653,high
mc_20260807_0627_high_000052,mc_20260807_0627_high/task_0010,52,SuperGaussian,3.96,3301.834260862722,3297.724436981718,0.124,3016.6856313126573,8.636,high
mc_20260807_0627_high_000053,mc_20260807_0627_high/task_0010,53,Nygaard_TurboGaussian,12.67,3228.7228022267336,3170.5756026435665,1.801,2797.3596880849127,13.36,high
mc_20260807_0627_high_000053,mc_20260807_0627_high/task_0010,53,SuperGaussian,4.83,3281.5680003696493,3277.291189415252,0.13,2960.363653326219,9.788,high
mc_20260807_0627_high_000054,mc_20260807_0627_high/task_0010,54,Nygaard_TurboGaussian,12.0,2983.8374883878273,2935.4515054976846,1.622,2550.043887273096,14.538,high
mc_20260807_0627_high_000054,mc_20260807_0627_high/task_0010,54,SuperGaussian,3.69,3033.8320682243875,3030.3174528111767,0.116,2685.4371111805185,11.484,high
mc_20260807_0627_high_000055,mc_20260807_0627_high/task_0011,55,Nygaard_TurboGaussian,9.97,2930.3102030033356,2876.878098750301,1.823,2482.772897905415,15.273,high
mc_20260807_0627_high_000055,mc_20260807_0627_high/task_0011,55,SuperGaussian,3.12,2979.194207313675,2975.3631966715293,0.129,2622.8568095126207,11.961,high
mc_20260807_0627_high_000056,mc_20260807_0627_high/task_0011,56,Nygaard_TurboGaussian,17.62,3240.7659439708564,3189.8801674451306,1.57,2781.22160393978,14.18,high
mc_20260807_0627_high_000056,mc_20260807_0627_high/task_0011,56,SuperGaussian,4.06,3290.8674693849725,3287.0877423063857,0.115,2932.9247262592235,10.877,high
mc_20260807_0627_high_000057,mc_20260807_0627_high/task_0011,57,Nygaard_TurboGaussian,22.62,3144.969876024169,3074.658039762389,2.236,2652.2710177179747,15.666,high
mc_20260807_0627_high_000057,mc_20260807_0627_high/task_0011,57,SuperGaussian,5.54,3201.5480434038845,3196.5813570223895,0.155,2820.7634385846045,11.894,high
mc_20260807_0627_high_000058,mc_20260807_0627_high/task_0011,58,Nygaard_TurboGaussian,22.35,3376.781200360275,3322.5288931574255,1.607,2928.244829975316,13.283,high
mc_20260807_0627_high_000058,mc_20260807_0627_high/task_0011,58,SuperGaussian,5.41,3426.450325460724,3422.516577498681,0.115,3086.0562964510073,9.934,high
mc_20260807_0627_high_000059,mc_20260807_0627_high/task_0011,59,Nygaard_TurboGaussian,17.04,3179.308004594693,3101.424156640339,2.45,2756.062470318677,13.313,high
mc_20260807_0627_high_000059,mc_20260807_0627_high/task_0011,59,SuperGaussian,4.19,3237.861768515485,3232.2651006257693,0.173,2926.4046433082676,9.619,high
mc_20260807_0627_high_000060,mc_20260807_0627_high/task_0012,60,Nygaard_TurboGaussian,17.75,3235.889465471273,3185.6716337491107,1.552,2858.4451706894515,11.664,high
mc_20260807_0627_high_000060,mc_20260807_0627_high/task_0012,60,SuperGaussian,4.48,3287.064107282393,3283.317571587985,0.114,3007.671081372753,8.5,high
mc_20260807_0627_high_000061,mc_20260807_0627_high/task_0012,61,Nygaard_TurboGaussian,12.57,3104.3655833818666,3044.4961326870507,1.929,2708.020882934742,12.767,high
mc_20260807_0627_high_000061,mc_20260807_0627_high/task_0012,61,SuperGaussian,7.79,3160.3193904835207,3156.0224922129837,0.136,2859.7798919416,9.51,high
mc_20260807_0627_high_000062,mc_20260807_0627_high/task_0012,62,Nygaard_TurboGaussian,18.98,2956.2638054636573,2900.0046162990425,1.903,2540.0768015089125,14.078,high
mc_20260807_0627_high_000062,mc_20260807_0627_high/task_0012,62,SuperGaussian,8.78,3008.9486212672764,3005.0093165604007,0.131,2690.547227034782,10.582,high
mc_20260807_0627_high_000063,mc_20260807_0627_high/task_0012,63,Nygaard_TurboGaussian,15.71,3730.6883686913934,3665.2315262940297,1.755,3243.8808947231037,13.049,high
mc_20260807_0627_high_000063,mc_20260807_0627_high/task_0012,63,SuperGaussian,6.65,3781.643072413375,3776.877785017383,0.126,3428.843180904204,9.329,high
mc_20260807_0627_high_000064,mc_20260807_0627_high/task_0012,64,Nygaard_TurboGaussian,10.82,3246.178023755756,3196.9775231469803,1.516,2858.4425581759906,11.944,high
mc_20260807_0627_high_000064,mc_20260807_0627_high/task_0012,64,SuperGaussian,4.78,3294.781247329122,3291.2234790172542,0.108,2982.1629387346948,9.488,high
mc_20260807_0627_high_000065,mc_20260807_0627_high/task_0013,65,Nygaard_TurboGaussian,14.68,3181.230391629047,3120.3198874251993,1.915,2714.856115121477,14.66,high
mc_20260807_0627_high_000065,mc_20260807_0627_high/task_0013,65,SuperGaussian,3.54,3234.134035226113,3229.688258608675,0.137,2866.578430124702,11.365,high
mc_20260807_0627_high_000066,mc_20260807_0627_high/task_0013,66,Nygaard_TurboGaussian,8.73,3270.9787044353006,3208.479614160842,1.911,2878.5123647602554,11.998,high
mc_20260807_0627_high_000066,mc_20260807_0627_high/task_0013,66,SuperGaussian,2.32,3322.6517052594854,3318.079203253661,0.138,3043.141785995152,8.412,high
mc_20260807_0627_high_000067,mc_20260807_0627_high/task_0013,67,Nygaard_TurboGaussian,16.27,3319.9580886701615,3266.281148956162,1.617,2939.81404707082,11.45,high
mc_20260807_0627_high_000067,mc_20260807_0627_high/task_0013,67,SuperGaussian,3.98,3370.6009842296835,3366.6995461613856,0.116,3068.706147953775,8.957,high
mc_20260807_0627_high_000068,mc_20260807_0627_high/task_0013,68,Nygaard_TurboGaussian,16.97,3493.742128317964,3426.3994974410302,1.928,2992.5366819375818,14.346,high
mc_20260807_0627_high_000068,mc_20260807_0627_high/task_0013,68,SuperGaussian,4.49,3548.6971457044187,3543.8642826200107,0.136,3163.638306775004,10.851,high
mc_20260807_0627_high_000069,mc_20260807_0627_high/task_0013,69,Nygaard_TurboGaussian,9.26,3265.1673114472883,3194.2720662317724,2.171,2817.771440690337,13.702,high
mc_20260807_0627_high_000069,mc_20260807_0627_high/task_0013,69,SuperGaussian,2.35,3324.1144893396213,3319.014678953786,0.153,2985.6318719399146,10.183,high
mc_20260807_0627_high_000070,mc_20260807_0627_high/task_0014,70,Nygaard_TurboGaussian,39.68,3153.685407348322,3092.7386980943343,1.933,2617.97527325556,16.987,high
mc_20260807_0627_high_000070,mc_20260807_0627_high/task_0014,70,SuperGaussian,10.44,3206.025685601145,3201.5979614864546,0.138,2785.467536250085,13.118,high
mc_20260807_0627_high_000071,mc_20260807_0627_high/task_0014,71,Nygaard_TurboGaussian,17.66,3299.6122596656683,3236.2256291593303,1.921,2864.6069868283967,13.184,high
mc_20260807_0627_high_000071,mc_20260807_0627_high/task_0014,71,SuperGaussian,4.58,3353.747307336743,3349.218677664823,0.135,3018.0644210450205,10.009,high
mc_20260807_0627_high_000072,mc_20260807_0627_high/task_0014,72,Nygaard_TurboGaussian,12.54,3269.4998094770763,3209.0098514490264,1.85,2836.9269623873543,13.231,high
mc_20260807_0627_high_000072,mc_20260807_0627_high/task_0014,72,SuperGaussian,3.25,3322.7344684246573,3318.298412127318,0.134,2992.5974246228216,9.936,high
mc_20260807_0627_high_000073,mc_20260807_0627_high/task_0014,73,Nygaard_TurboGaussian,10.53,3265.9423628049176,3198.152177359679,2.076,2861.482010269991,12.384,high
mc_20260807_0627_high_000073,mc_20260807_0627_high/task_0014,73,SuperGaussian,2.89,3319.593473005838,3314.7994131038704,0.144,3017.302355134743,9.106,high
mc_20260807_0627_high_000074,mc_20260807_0627_high/task_0014,74,Nygaard_TurboGaussian,17.75,3232.4274614032247,3168.096069162578,1.99,2791.3920388853217,13.644,high
mc_20260807_0627_high_000074,mc_20260807_0627_high/task_0014,74,SuperGaussian,5.29,3285.90453930094,3281.2000989005583,0.143,2948.154878007488,10.279,high
mc_20260807_0627_high_000075,mc_20260807_0627_high/task_0015,75,Nygaard_TurboGaussian,36.19,3245.1678637012305,3185.834955805398,1.828,2768.076718646411,14.702,high
mc_20260807_0627_high_000075,mc_20260807_0627_high/task_0015,75,SuperGaussian,5.47,3296.919578124711,3292.6110771755075,0.131,2934.1019474327386,11.005,high
mc_20260807_0627_high_000076,mc_20260807_0627_high/task_0015,76,Nygaard_TurboGaussian,21.19,3387.0903594441215,3313.381609490397,2.176,2959.391234059363,12.627,high
mc_20260807_0627_high_000076,mc_20260807_0627_high/task_0015,76,SuperGaussian,5.94,3440.4454017393596,3435.0834843663683,0.156,3139.4266785638097,8.749,high
mc_20260807_0627_high_000077,mc_20260807_0627_high/task_0015,77,Nygaard_TurboGaussian,15.03,3203.1185690752573,3141.067800735436,1.937,2723.5503480625916,14.972,high
mc_20260807_0627_high_000077,mc_20260807_0627_high/task_0015,77,SuperGaussian,5.57,3257.580498764092,3253.0440136631064,0.139,2889.7077097955585,11.293,high
mc_20260807_0627_high_000078,mc_20260807_0627_high/task_0015,78,Nygaard_TurboGaussian,15.0,3317.9055344178696,3258.447656227788,1.792,2909.41614685119,12.312,high
mc_20260807_0627_high_000078,mc_20260807_0627_high/task_0015,78,SuperGaussian,7.58,3369.00611623739,3364.6765492011223,0.129,3061.187691439738,9.137,high
mc_20260807_0627_high_000079,mc_20260807_0627_high/task_0015,79,Nygaard_TurboGaussian,6.39,3175.5432263854964,3117.8376536580354,1.817,2743.9245873355803,13.592,high
mc_20260807_0627_high_000079,mc_20260807_0627_high/task_0015,79,SuperGaussian,2.28,3227.23765648448,3223.045756456999,0.13,2912.6363322365587,9.748,high
mc_20260807_0627_high_000080,mc_20260807_0627_high/task_0016,80,Nygaard_TurboGaussian,16.8,3314.2098080915707,3257.1766224824323,1.721,2834.943166715755,14.461,high
mc_20260807_0627_high_000080,mc_20260807_0627_high/task_0016,80,SuperGaussian,4.43,3367.846444124601,3363.7375331049866,0.122,2967.584115139333,11.885,high
mc_20260807_0627_high_000081,mc_20260807_0627_high/task_0016,81,Nygaard_TurboGaussian,7.71,3497.907225410885,3437.267621467134,1.734,3090.97593412286,11.634,high
mc_20260807_0627_high_000081,mc_20260807_0627_high/task_0016,81,SuperGaussian,2.36,3547.6952843567183,3543.2474243557635,0.125,3244.5108259423887,8.546,high
mc_20260807_0627_high_000082,mc_20260807_0627_high/task_0016,82,Nygaard_TurboGaussian,14.41,3347.672210211841,3263.979510387526,2.5,2881.797442423974,13.916,high
mc_20260807_0627_high_000082,mc_20260807_0627_high/task_0016,82,SuperGaussian,4.2,3407.69436400669,3401.6961451990396,0.176,3075.9704266737754,9.735,high
mc_20260807_0627_high_000083,mc_20260807_0627_high/task_0016,83,Nygaard_TurboGaussian,12.14,3071.210101025498,3020.9085484071475,1.638,2676.0501371854953,12.867,high
mc_20260807_0627_high_000083,mc_20260807_0627_high/task_0016,83,SuperGaussian,3.47,3121.4899097109283,3117.857452218803,0.116,2803.6351968358795,10.183,high
mc_20260807_0627_high_000084,mc_20260807_0627_high/task_0016,84,Nygaard_TurboGaussian,7.22,3210.003401895978,3161.23203635602,1.519,2829.797210387146,11.844,high
mc_20260807_0627_high_000084,mc_20260807_0627_high/task_0016,84,SuperGaussian,2.09,3256.893580385972,3253.343430779545,0.109,2973.425047248341,8.704,high
mc_20260807_0627_high_000085,mc_20260807_0627_high/task_0017,85,Nygaard_TurboGaussian,16.24,3303.1070178208183,3248.4439806350065,1.655,2896.3346669920193,12.315,high
mc_20260807_0627_high_000085,mc_20260807_0627_high/task_0017,85,SuperGaussian,4.07,3353.5469054046252,3349.5625407345733,0.119,3047.7041276785935,9.12,high
mc_20260807_0627_high_000086,mc_20260807_0627_high/task_0017,86,Nygaard_TurboGaussian,13.36,3060.6147624798814,3006.0230016382548,1.784,2608.178286743322,14.783,high
mc_20260807_0627_high_000086,mc_20260807_0627_high/task_0017,86,SuperGaussian,3.78,3112.1643552502915,3108.234186987943,0.126,2778.180637855632,10.732,high
mc_20260807_0627_high_000087,mc_20260807_0627_high/task_0017,87,Nygaard_TurboGaussian,8.77,3165.819833824015,3097.564940548984,2.156,2704.5526663206683,14.57,high
mc_20260807_0627_high_000087,mc_20260807_0627_high/task_0017,87,SuperGaussian,2.57,3219.820805685355,3214.949960422542,0.151,2873.1456725305907,10.767,high
mc_20260807_0627_high_000088,mc_20260807_0627_high/task_0017,88,Nygaard_TurboGaussian,10.62,3184.0320743923244,3128.7729368790087,1.736,2731.447854727624,14.214,high
mc_20260807_0627_high_000088,mc_20260807_0627_high/task_0017,88,SuperGaussian,3.09,3235.757708769388,3231.819242615292,0.122,2894.246293575425,10.554,high
mc_20260807_0627_high_000089,mc_20260807_0627_high/task_0017,89,Nygaard_TurboGaussian,14.8,3174.8019288331034,3119.4765365736075,1.743,2692.621969860833,15.188,high
mc_20260807_0627_high_000089,mc_20260807_0627_high/task_0017,89,SuperGaussian,4.47,3226.9314186226447,3222.921873144642,0.124,2872.7638015127104,10.975,high
mc_20260807_0627_high_000090,mc_20260807_0627_high/task_0018,90,Nygaard_TurboGaussian,12.48,3372.29265884437,3308.4429586062843,1.893,2891.436536350702,14.259,high
mc_20260807_0627_high_000090,mc_20260807_0627_high/task_0018,90,SuperGaussian,3.07,3423.3348215361475,3418.6566519776525,0.137,3048.2619518636466,10.956,high
mc_20260807_0627_high_000091,mc_20260807_0627_high/task_0018,91,Nygaard_TurboGaussian,15.85,3387.3373626523007,3326.0277724573616,1.81,2905.932547588705,14.212,high
mc_20260807_0627_high_000091,mc_20260807_0627_high/task_0018,91,SuperGaussian,4.51,3438.204250325545,3433.785126288004,0.129,3071.6028115615263,10.663,high
mc_20260807_0627_high_000092,mc_20260807_0627_high/task_0018,92,Nygaard_TurboGaussian,15.46,3055.4967855932355,3013.0707120201128,1.389,2643.054730748343,13.498,high
mc_20260807_0627_high_000092,mc_20260807_0627_high/task_0018,92,SuperGaussian,4.49,3103.520804246461,3100.4853953237125,0.098,2783.4775183959346,10.312,high
mc_20260807_0627_high_000093,mc_20260807_0627_high/task_0018,93,Nygaard_TurboGaussian,16.06,3132.0463371521364,3070.3734292271206,1.969,2629.330121829109,16.051,high
mc_20260807_0627_high_000093,mc_20260807_0627_high/task_0018,93,SuperGaussian,4.61,3183.9329176845104,3179.4066599272523,0.142,2774.521022310408,12.859,high
mc_20260807_0627_high_000094,mc_20260807_0627_high/task_0018,94,Nygaard_TurboGaussian,15.59,3420.974142706742,3351.7402184550933,2.024,2936.0231043761028,14.176,high
mc_20260807_0627_high_000094,mc_20260807_0627_high/task_0018,94,SuperGaussian,4.57,3474.6945444603107,3469.74356447043,0.142,3109.909926847326,10.498,high
mc_20260807_0627_high_000095,mc_20260807_0627_high/task_0019,95,Nygaard_TurboGaussian,18.72,3171.8887666651663,3113.612177738478,1.837,2727.9217026027486,13.997,high
mc_20260807_0627_high_000095,mc_20260807_0627_high/task_0019,95,SuperGaussian,4.72,3225.820964332391,3221.586069142712,0.131,2884.54201081899,10.58,high
mc_20260807_0627_high_000096,mc_20260807_0627_high/task_0019,96,Nygaard_TurboGaussian,13.76,3432.773433456406,3379.562925100412,1.55,3008.4951606041677,12.36,high
mc_20260807_0627_high_000096,mc_20260807_0627_high/task_0019,96,SuperGaussian,3.86,3482.955750057154,3479.106121207109,0.111,3156.029783178717,9.386,high
mc_20260807_0627_high_000097,mc_20260807_0627_high/task_0019,97,Nygaard_TurboGaussian,16.45,3293.364944533633,3221.776348184741,2.174,2763.439660098363,16.091,high
mc_20260807_0627_high_000097,mc_20260807_0627_high/task_0019,97,SuperGaussian,4.61,3349.1996943137547,3344.0690832520677,0.153,2930.5572258174097,12.5,high
mc_20260807_0627_high_000098,mc_20260807_0627_high/task_0019,98,Nygaard_TurboGaussian,9.63,3020.031050082659,2970.2073078442168,1.65,2634.747340595829,12.758,high
mc_20260807_0627_high_000098,mc_20260807_0627_high/task_0019,98,SuperGaussian,2.8,3070.34913940018,3066.7330092428024,0.118,2774.962360694496,9.621,high
mc_20260807_0627_high_000099,mc_20260807_0627_high/task_0019,99,Nygaard_TurboGaussian,8.96,3095.9019264450394,3038.571117936178,1.852,2690.2787299573993,13.102,high
mc_20260807_0627_high_000099,mc_20260807_0627_high/task_0019,99,SuperGaussian,2.64,3147.8401033167434,3143.716826319488,0.131,2842.236249975435,9.708,high
