trial_id,run_id,seed,pd_level,t_start_iso,t_end_iso,t_climate_done_iso,t_layout_done_iso,t_bridge_done_iso,dt_climate_s,dt_layout_s,dt_bridge_s,dt_aep_total_s,dt_total_s,n_farms_total,n_new_farms,n_turbines_total,requested_mw,delivered_mw,delivered_pct,climate_scale,climate_extreme_modes,climate_mean_speed,climate_dominant_sector,climate_dominant_sector_freq,n_turbines_added
mc_20260807_0627_low_000000,mc_20260807_0627_low/task_0000,0,low,2026-08-07T06:27:26.435,2026-08-07T06:27:39.089,2026-08-07T06:27:26.440,2026-08-07T06:27:26.453,2026-08-07T06:27:26.460,0.0,0.01,0.01,12.63,12.65,13,0,921,0.0,0.0,,1.0,,9.167,7,0.1588,0
mc_20260807_0627_low_000001,mc_20260807_0627_low/task_0000,1,low,2026-08-07T06:27:39.097,2026-08-07T06:27:47.868,2026-08-07T06:27:39.101,2026-08-07T06:27:39.112,2026-08-07T06:27:39.112,0.0,0.01,0.0,8.76,8.77,13,0,731,0.0,0.0,,1.0,,9.389,7,0.1549,0
mc_20260807_0627_low_000002,mc_20260807_0627_low/task_0000,2,low,2026-08-07T06:27:47.869,2026-08-07T06:28:04.855,2026-08-07T06:27:47.872,2026-08-07T06:27:47.892,2026-08-07T06:27:47.892,0.0,0.02,0.0,16.96,16.99,13,0,1103,0.0,0.0,,1.0,,9.29,7,0.1711,0
mc_20260807_0627_low_000003,mc_20260807_0627_low/task_0000,3,low,2026-08-07T06:28:04.855,2026-08-07T06:28:15.397,2026-08-07T06:28:04.859,2026-08-07T06:28:04.872,2026-08-07T06:28:04.873,0.0,0.01,0.0,10.52,10.54,13,0,866,0.0,0.0,,1.0,,8.576,8,0.1722,0
mc_20260807_0627_low_000004,mc_20260807_0627_low/task_0000,4,low,2026-08-07T06:28:15.397,2026-08-07T06:28:24.887,2026-08-07T06:28:15.401,2026-08-07T06:28:15.414,2026-08-07T06:28:15.415,0.0,0.01,0.0,9.47,9.49,13,0,861,0.0,0.0,,1.0,,8.739,8,0.1365,0
mc_20260807_0627_low_000005,mc_20260807_0627_low/task_0001,5,low,2026-08-07T06:27:26.429,2026-08-07T06:27:36.487,2026-08-07T06:27:26.434,2026-08-07T06:27:26.446,2026-08-07T06:27:26.453,0.01,0.01,0.01,10.03,10.06,13,0,803,0.0,0.0,,1.0,,8.732,7,0.1531,0
mc_20260807_0627_low_000006,mc_20260807_0627_low/task_0001,6,low,2026-08-07T06:27:36.491,2026-08-07T06:27:56.764,2026-08-07T06:27:36.495,2026-08-07T06:27:36.517,2026-08-07T06:27:36.517,0.0,0.02,0.0,20.25,20.27,13,0,1214,0.0,0.0,,1.0,,9.888,7,0.1901,0
mc_20260807_0627_low_000007,mc_20260807_0627_low/task_0001,7,low,2026-08-07T06:27:56.765,2026-08-07T06:28:12.037,2026-08-07T06:27:56.770,2026-08-07T06:27:56.789,2026-08-07T06:27:56.790,0.01,0.02,0.0,15.25,15.27,13,0,1092,0.0,0.0,,1.0,,9.235,7,0.1438,0
mc_20260807_0627_low_000008,mc_20260807_0627_low/task_0001,8,low,2026-08-07T06:28:12.037,2026-08-07T06:28:22.462,2026-08-07T06:28:12.041,2026-08-07T06:28:12.055,2026-08-07T06:28:12.056,0.0,0.01,0.0,10.41,10.43,13,0,856,0.0,0.0,,1.0,,8.719,8,0.1386,0
mc_20260807_0627_low_000009,mc_20260807_0627_low/task_0001,9,low,2026-08-07T06:28:22.463,2026-08-07T06:28:28.280,2026-08-07T06:28:22.466,2026-08-07T06:28:22.479,2026-08-07T06:28:22.479,0.0,0.01,0.0,5.8,5.82,13,0,857,0.0,0.0,,1.0,,9.258,7,0.1723,0
mc_20260807_0627_low_000010,mc_20260807_0627_low/task_0002,10,low,2026-08-07T06:27:26.495,2026-08-07T06:27:36.766,2026-08-07T06:27:26.501,2026-08-07T06:27:26.512,2026-08-07T06:27:26.520,0.01,0.01,0.01,10.25,10.27,13,0,848,0.0,0.0,,1.0,,8.989,7,0.1569,0
mc_20260807_0627_low_000011,mc_20260807_0627_low/task_0002,11,low,2026-08-07T06:27:36.768,2026-08-07T06:27:50.402,2026-08-07T06:27:36.772,2026-08-07T06:27:36.787,2026-08-07T06:27:36.788,0.0,0.02,0.0,13.61,13.63,13,0,965,0.0,0.0,,1.0,,9.288,7,0.1484,0
mc_20260807_0627_low_000012,mc_20260807_0627_low/task_0002,12,low,2026-08-07T06:27:50.403,2026-08-07T06:28:03.274,2026-08-07T06:27:50.406,2026-08-07T06:27:50.422,2026-08-07T06:27:50.423,0.0,0.02,0.0,12.85,12.87,13,0,955,0.0,0.0,,1.0,,9.162,7,0.1504,0
mc_20260807_0627_low_000013,mc_20260807_0627_low/task_0002,13,low,2026-08-07T06:28:03.275,2026-08-07T06:28:10.577,2026-08-07T06:28:03.278,2026-08-07T06:28:03.290,2026-08-07T06:28:03.291,0.0,0.01,0.0,7.29,7.3,13,0,718,0.0,0.0,,1.0,,8.758,7,0.1842,0
mc_20260807_0627_low_000014,mc_20260807_0627_low/task_0002,14,low,2026-08-07T06:28:10.577,2026-08-07T06:28:21.603,2026-08-07T06:28:10.580,2026-08-07T06:28:10.595,2026-08-07T06:28:10.595,0.0,0.01,0.0,11.01,11.03,13,0,912,0.0,0.0,,1.0,,9.209,7,0.1581,0
mc_20260807_0627_low_000015,mc_20260807_0627_low/task_0003,15,low,2026-08-07T06:27:26.442,2026-08-07T06:27:39.274,2026-08-07T06:27:26.447,2026-08-07T06:27:26.460,2026-08-07T06:27:26.468,0.0,0.01,0.01,12.81,12.83,13,0,945,0.0,0.0,,1.0,,8.775,8,0.1367,0
mc_20260807_0627_low_000016,mc_20260807_0627_low/task_0003,16,low,2026-08-07T06:27:39.277,2026-08-07T06:27:49.395,2026-08-07T06:27:39.280,2026-08-07T06:27:39.294,2026-08-07T06:27:39.294,0.0,0.01,0.0,10.1,10.12,13,0,825,0.0,0.0,,1.0,,9.134,7,0.1691,0
mc_20260807_0627_low_000017,mc_20260807_0627_low/task_0003,17,low,2026-08-07T06:27:49.395,2026-08-07T06:28:00.183,2026-08-07T06:27:49.398,2026-08-07T06:27:49.411,2026-08-07T06:27:49.412,0.0,0.01,0.0,10.77,10.79,13,0,866,0.0,0.0,,1.0,,9.274,8,0.1445,0
mc_20260807_0627_low_000018,mc_20260807_0627_low/task_0003,18,low,2026-08-07T06:28:00.184,2026-08-07T06:28:14.728,2026-08-07T06:28:00.187,2026-08-07T06:28:00.204,2026-08-07T06:28:00.205,0.0,0.02,0.0,14.52,14.54,13,0,1044,0.0,0.0,,1.0,,9.015,7,0.1578,0
mc_20260807_0627_low_000019,mc_20260807_0627_low/task_0003,19,low,2026-08-07T06:28:14.729,2026-08-07T06:28:23.570,2026-08-07T06:28:14.733,2026-08-07T06:28:14.746,2026-08-07T06:28:14.747,0.0,0.01,0.0,8.82,8.84,13,0,797,0.0,0.0,,1.0,,9.321,7,0.1429,0
mc_20260807_0627_low_000020,mc_20260807_0627_low/task_0004,20,low,2026-08-07T06:27:26.664,2026-08-07T06:27:40.533,2026-08-07T06:27:26.671,2026-08-07T06:27:26.688,2026-08-07T06:27:26.698,0.01,0.02,0.01,13.84,13.87,13,0,982,0.0,0.0,,1.0,,9.093,7,0.134,0
mc_20260807_0627_low_000021,mc_20260807_0627_low/task_0004,21,low,2026-08-07T06:27:40.538,2026-08-07T06:27:53.256,2026-08-07T06:27:40.543,2026-08-07T06:27:40.559,2026-08-07T06:27:40.560,0.01,0.02,0.0,12.7,12.72,13,0,928,0.0,0.0,,1.0,,9.288,7,0.1529,0
mc_20260807_0627_low_000022,mc_20260807_0627_low/task_0004,22,low,2026-08-07T06:27:53.256,2026-08-07T06:28:04.762,2026-08-07T06:27:53.261,2026-08-07T06:27:53.276,2026-08-07T06:27:53.276,0.0,0.01,0.0,11.49,11.51,13,0,876,0.0,0.0,,1.0,,9.071,7,0.1644,0
mc_20260807_0627_low_000023,mc_20260807_0627_low/task_0004,23,low,2026-08-07T06:28:04.762,2026-08-07T06:28:13.721,2026-08-07T06:28:04.766,2026-08-07T06:28:04.778,2026-08-07T06:28:04.778,0.0,0.01,0.0,8.94,8.96,13,0,755,0.0,0.0,,1.0,,9.465,8,0.1479,0
mc_20260807_0627_low_000024,mc_20260807_0627_low/task_0004,24,low,2026-08-07T06:28:13.721,2026-08-07T06:28:24.434,2026-08-07T06:28:13.725,2026-08-07T06:28:13.740,2026-08-07T06:28:13.741,0.0,0.01,0.0,10.69,10.71,13,0,894,0.0,0.0,,1.0,,9.25,7,0.1642,0
mc_20260807_0627_low_000025,mc_20260807_0627_low/task_0005,25,low,2026-08-07T06:27:26.548,2026-08-07T06:27:39.279,2026-08-07T06:27:26.553,2026-08-07T06:27:26.567,2026-08-07T06:27:26.575,0.01,0.01,0.01,12.7,12.73,13,0,940,0.0,0.0,,1.0,,9.377,8,0.1496,0
mc_20260807_0627_low_000026,mc_20260807_0627_low/task_0005,26,low,2026-08-07T06:27:39.284,2026-08-07T06:27:50.503,2026-08-07T06:27:39.288,2026-08-07T06:27:39.303,2026-08-07T06:27:39.303,0.0,0.02,0.0,11.2,11.22,13,0,882,0.0,0.0,,1.0,,8.262,8,0.1589,0
mc_20260807_0627_low_000027,mc_20260807_0627_low/task_0005,27,low,2026-08-07T06:27:50.503,2026-08-07T06:28:02.885,2026-08-07T06:27:50.506,2026-08-07T06:27:50.521,2026-08-07T06:27:50.521,0.0,0.01,0.0,12.36,12.38,13,0,950,0.0,0.0,,1.0,,9.468,7,0.1641,0
mc_20260807_0627_low_000028,mc_20260807_0627_low/task_0005,28,low,2026-08-07T06:28:02.886,2026-08-07T06:28:12.119,2026-08-07T06:28:02.889,2026-08-07T06:28:02.902,2026-08-07T06:28:02.903,0.0,0.01,0.0,9.22,9.23,13,0,825,0.0,0.0,,1.0,,8.996,7,0.1501,0
mc_20260807_0627_low_000029,mc_20260807_0627_low/task_0005,29,low,2026-08-07T06:28:12.119,2026-08-07T06:28:25.244,2026-08-07T06:28:12.122,2026-08-07T06:28:12.138,2026-08-07T06:28:12.138,0.0,0.02,0.0,13.11,13.12,13,0,1020,0.0,0.0,,1.0,,9.109,7,0.1525,0
mc_20260807_0627_low_000030,mc_20260807_0627_low/task_0006,30,low,2026-08-07T06:27:26.405,2026-08-07T06:27:35.239,2026-08-07T06:27:26.410,2026-08-07T06:27:26.421,2026-08-07T06:27:26.428,0.0,0.01,0.01,8.81,8.83,13,0,783,0.0,0.0,,1.0,,9.412,7,0.1694,0
mc_20260807_0627_low_000031,mc_20260807_0627_low/task_0006,31,low,2026-08-07T06:27:35.243,2026-08-07T06:27:45.618,2026-08-07T06:27:35.247,2026-08-07T06:27:35.261,2026-08-07T06:27:35.261,0.0,0.01,0.0,10.36,10.37,13,0,870,0.0,0.0,,1.0,,9.221,7,0.16,0
mc_20260807_0627_low_000032,mc_20260807_0627_low/task_0006,32,low,2026-08-07T06:27:45.618,2026-08-07T06:27:55.844,2026-08-07T06:27:45.621,2026-08-07T06:27:45.636,2026-08-07T06:27:45.636,0.0,0.01,0.0,10.21,10.23,13,0,888,0.0,0.0,,1.0,,9.323,7,0.1554,0
mc_20260807_0627_low_000033,mc_20260807_0627_low/task_0006,33,low,2026-08-07T06:27:55.845,2026-08-07T06:28:09.815,2026-08-07T06:27:55.848,2026-08-07T06:27:55.864,2026-08-07T06:27:55.865,0.0,0.02,0.0,13.95,13.97,13,0,1025,0.0,0.0,,1.0,,8.894,8,0.1533,0
mc_20260807_0627_low_000034,mc_20260807_0627_low/task_0006,34,low,2026-08-07T06:28:09.816,2026-08-07T06:28:22.524,2026-08-07T06:28:09.819,2026-08-07T06:28:09.837,2026-08-07T06:28:09.838,0.0,0.02,0.0,12.69,12.71,13,0,1039,0.0,0.0,,1.0,,8.687,8,0.157,0
mc_20260807_0627_low_000035,mc_20260807_0627_low/task_0007,35,low,2026-08-07T06:27:26.499,2026-08-07T06:27:37.460,2026-08-07T06:27:26.505,2026-08-07T06:27:26.516,2026-08-07T06:27:26.525,0.01,0.01,0.01,10.94,10.96,13,0,824,0.0,0.0,,1.0,,8.98,7,0.1523,0
mc_20260807_0627_low_000036,mc_20260807_0627_low/task_0007,36,low,2026-08-07T06:27:37.465,2026-08-07T06:27:50.560,2026-08-07T06:27:37.470,2026-08-07T06:27:37.486,2026-08-07T06:27:37.487,0.01,0.02,0.0,13.07,13.1,13,0,910,0.0,0.0,,1.0,,9.045,7,0.1574,0
mc_20260807_0627_low_000037,mc_20260807_0627_low/task_0007,37,low,2026-08-07T06:27:50.561,2026-08-07T06:27:58.610,2026-08-07T06:27:50.565,2026-08-07T06:27:50.576,2026-08-07T06:27:50.576,0.0,0.01,0.0,8.03,8.05,13,0,730,0.0,0.0,,1.0,,8.846,7,0.1588,0
mc_20260807_0627_low_000038,mc_20260807_0627_low/task_0007,38,low,2026-08-07T06:27:58.610,2026-08-07T06:28:07.816,2026-08-07T06:27:58.614,2026-08-07T06:27:58.626,2026-08-07T06:27:58.627,0.0,0.01,0.0,9.19,9.21,13,0,775,0.0,0.0,,1.0,,9.111,7,0.1688,0
mc_20260807_0627_low_000039,mc_20260807_0627_low/task_0007,39,low,2026-08-07T06:28:07.816,2026-08-07T06:28:15.029,2026-08-07T06:28:07.819,2026-08-07T06:28:07.831,2026-08-07T06:28:07.831,0.0,0.01,0.0,7.2,7.21,13,0,713,0.0,0.0,,1.0,,9.279,7,0.1399,0
mc_20260807_0627_low_000040,mc_20260807_0627_low/task_0008,40,low,2026-08-07T06:27:26.417,2026-08-07T06:27:37.897,2026-08-07T06:27:26.422,2026-08-07T06:27:26.434,2026-08-07T06:27:26.441,0.0,0.01,0.01,11.46,11.48,13,0,895,0.0,0.0,,1.0,,8.751,7,0.1403,0
mc_20260807_0627_low_000041,mc_20260807_0627_low/task_0008,41,low,2026-08-07T06:27:37.921,2026-08-07T06:27:52.567,2026-08-07T06:27:37.925,2026-08-07T06:27:37.942,2026-08-07T06:27:37.943,0.0,0.02,0.0,14.62,14.65,13,0,1013,0.0,0.0,,1.0,,8.925,7,0.1398,0
mc_20260807_0627_low_000042,mc_20260807_0627_low/task_0008,42,low,2026-08-07T06:27:52.568,2026-08-07T06:28:00.621,2026-08-07T06:27:52.572,2026-08-07T06:27:52.584,2026-08-07T06:27:52.585,0.0,0.01,0.0,8.04,8.05,13,0,735,0.0,0.0,,1.0,,8.614,8,0.1533,0
mc_20260807_0627_low_000043,mc_20260807_0627_low/task_0008,43,low,2026-08-07T06:28:00.621,2026-08-07T06:28:10.211,2026-08-07T06:28:00.625,2026-08-07T06:28:00.637,2026-08-07T06:28:00.638,0.0,0.01,0.0,9.57,9.59,13,0,807,0.0,0.0,,1.0,,9.279,8,0.1336,0
mc_20260807_0627_low_000044,mc_20260807_0627_low/task_0008,44,low,2026-08-07T06:28:10.211,2026-08-07T06:28:20.920,2026-08-07T06:28:10.214,2026-08-07T06:28:10.230,2026-08-07T06:28:10.230,0.0,0.02,0.0,10.69,10.71,13,0,931,0.0,0.0,,1.0,,9.035,7,0.1751,0
mc_20260807_0627_low_000045,mc_20260807_0627_low/task_0009,45,low,2026-08-07T06:27:26.427,2026-08-07T06:27:41.178,2026-08-07T06:27:26.432,2026-08-07T06:27:26.446,2026-08-07T06:27:26.453,0.0,0.01,0.01,14.72,14.75,13,0,1012,0.0,0.0,,1.0,,8.92,7,0.1545,0
mc_20260807_0627_low_000046,mc_20260807_0627_low/task_0009,46,low,2026-08-07T06:27:41.183,2026-08-07T06:27:53.120,2026-08-07T06:27:41.187,2026-08-07T06:27:41.202,2026-08-07T06:27:41.203,0.0,0.02,0.0,11.92,11.94,13,0,925,0.0,0.0,,1.0,,9.139,9,0.1336,0
mc_20260807_0627_low_000047,mc_20260807_0627_low/task_0009,47,low,2026-08-07T06:27:53.120,2026-08-07T06:28:01.854,2026-08-07T06:27:53.124,2026-08-07T06:27:53.136,2026-08-07T06:27:53.137,0.0,0.01,0.0,8.72,8.73,13,0,804,0.0,0.0,,1.0,,9.18,8,0.1294,0
mc_20260807_0627_low_000048,mc_20260807_0627_low/task_0009,48,low,2026-08-07T06:28:01.854,2026-08-07T06:28:12.201,2026-08-07T06:28:01.857,2026-08-07T06:28:01.871,2026-08-07T06:28:01.871,0.0,0.01,0.0,10.33,10.35,13,0,842,0.0,0.0,,1.0,,9.205,7,0.1486,0
mc_20260807_0627_low_000049,mc_20260807_0627_low/task_0009,49,low,2026-08-07T06:28:12.201,2026-08-07T06:28:22.301,2026-08-07T06:28:12.204,2026-08-07T06:28:12.217,2026-08-07T06:28:12.218,0.0,0.01,0.0,10.08,10.1,13,0,850,0.0,0.0,,1.0,,9.368,7,0.1492,0
mc_20260807_0627_low_000050,mc_20260807_0627_low/task_0010,50,low,2026-08-07T06:27:26.626,2026-08-07T06:27:44.139,2026-08-07T06:27:26.631,2026-08-07T06:27:26.650,2026-08-07T06:27:26.660,0.01,0.02,0.01,17.48,17.51,13,0,1083,0.0,0.0,,1.0,,9.283,7,0.1658,0
mc_20260807_0627_low_000051,mc_20260807_0627_low/task_0010,51,low,2026-08-07T06:27:44.145,2026-08-07T06:27:55.832,2026-08-07T06:27:44.149,2026-08-07T06:27:44.165,2026-08-07T06:27:44.165,0.0,0.02,0.0,11.67,11.69,13,0,917,0.0,0.0,,1.0,,8.801,7,0.1516,0
mc_20260807_0627_low_000052,mc_20260807_0627_low/task_0010,52,low,2026-08-07T06:27:55.833,2026-08-07T06:28:02.531,2026-08-07T06:27:55.837,2026-08-07T06:27:55.847,2026-08-07T06:27:55.847,0.0,0.01,0.0,6.68,6.7,13,0,665,0.0,0.0,,1.0,,9.106,7,0.1515,0
mc_20260807_0627_low_000053,mc_20260807_0627_low/task_0010,53,low,2026-08-07T06:28:02.531,2026-08-07T06:28:15.992,2026-08-07T06:28:02.536,2026-08-07T06:28:02.551,2026-08-07T06:28:02.551,0.0,0.02,0.0,13.44,13.46,13,0,944,0.0,0.0,,1.0,,9.05,8,0.1538,0
mc_20260807_0627_low_000054,mc_20260807_0627_low/task_0010,54,low,2026-08-07T06:28:15.992,2026-08-07T06:28:25.788,2026-08-07T06:28:15.996,2026-08-07T06:28:16.011,2026-08-07T06:28:16.011,0.0,0.02,0.0,9.78,9.8,13,0,929,0.0,0.0,,1.0,,8.638,7,0.1521,0
mc_20260807_0627_low_000055,mc_20260807_0627_low/task_0011,55,low,2026-08-07T06:27:26.447,2026-08-07T06:27:36.531,2026-08-07T06:27:26.452,2026-08-07T06:27:26.464,2026-08-07T06:27:26.471,0.0,0.01,0.01,10.06,10.08,13,0,811,0.0,0.0,,1.0,,8.473,8,0.1743,0
mc_20260807_0627_low_000056,mc_20260807_0627_low/task_0011,56,low,2026-08-07T06:27:36.533,2026-08-07T06:27:46.776,2026-08-07T06:27:36.537,2026-08-07T06:27:36.550,2026-08-07T06:27:36.551,0.0,0.01,0.0,10.23,10.24,13,0,870,0.0,0.0,,1.0,,9.104,7,0.1628,0
mc_20260807_0627_low_000057,mc_20260807_0627_low/task_0011,57,low,2026-08-07T06:27:46.777,2026-08-07T06:27:59.617,2026-08-07T06:27:46.780,2026-08-07T06:27:46.797,2026-08-07T06:27:46.797,0.0,0.02,0.0,12.82,12.84,13,0,969,0.0,0.0,,1.0,,8.896,7,0.1487,0
mc_20260807_0627_low_000058,mc_20260807_0627_low/task_0011,58,low,2026-08-07T06:27:59.618,2026-08-07T06:28:15.435,2026-08-07T06:27:59.621,2026-08-07T06:27:59.640,2026-08-07T06:27:59.640,0.0,0.02,0.0,15.8,15.82,13,0,1098,0.0,0.0,,1.0,,9.333,7,0.1445,0
mc_20260807_0627_low_000059,mc_20260807_0627_low/task_0011,59,low,2026-08-07T06:28:15.436,2026-08-07T06:28:24.306,2026-08-07T06:28:15.439,2026-08-07T06:28:15.452,2026-08-07T06:28:15.452,0.0,0.01,0.0,8.85,8.87,13,0,824,0.0,0.0,,1.0,,9.091,9,0.1423,0
mc_20260807_0627_low_000060,mc_20260807_0627_low/task_0012,60,low,2026-08-07T06:27:26.542,2026-08-07T06:27:35.018,2026-08-07T06:27:26.548,2026-08-07T06:27:26.558,2026-08-07T06:27:26.566,0.01,0.01,0.01,8.45,8.48,13,0,722,0.0,0.0,,1.0,,9.093,8,0.1362,0
mc_20260807_0627_low_000061,mc_20260807_0627_low/task_0012,61,low,2026-08-07T06:27:35.023,2026-08-07T06:27:47.442,2026-08-07T06:27:35.027,2026-08-07T06:27:35.043,2026-08-07T06:27:35.043,0.0,0.02,0.0,12.4,12.42,13,0,963,0.0,0.0,,1.0,,8.846,8,0.1432,0
mc_20260807_0627_low_000062,mc_20260807_0627_low/task_0012,62,low,2026-08-07T06:27:47.443,2026-08-07T06:28:00.470,2026-08-07T06:27:47.446,2026-08-07T06:27:47.461,2026-08-07T06:27:47.462,0.0,0.02,0.0,13.01,13.03,13,0,975,0.0,0.0,,1.0,,8.611,8,0.1363,0
mc_20260807_0627_low_000063,mc_20260807_0627_low/task_0012,63,low,2026-08-07T06:28:00.470,2026-08-07T06:28:10.386,2026-08-07T06:28:00.473,2026-08-07T06:28:00.487,2026-08-07T06:28:00.487,0.0,0.01,0.0,9.9,9.92,13,0,803,0.0,0.0,,1.0,,9.899,7,0.1773,0
mc_20260807_0627_low_000064,mc_20260807_0627_low/task_0012,64,low,2026-08-07T06:28:10.386,2026-08-07T06:28:20.279,2026-08-07T06:28:10.389,2026-08-07T06:28:10.403,2026-08-07T06:28:10.404,0.0,0.01,0.0,9.88,9.89,13,0,824,0.0,0.0,,1.0,,9.055,7,0.1756,0
mc_20260807_0627_low_000065,mc_20260807_0627_low/task_0013,65,low,2026-08-07T06:27:26.583,2026-08-07T06:27:40.308,2026-08-07T06:27:26.588,2026-08-07T06:27:26.604,2026-08-07T06:27:26.612,0.01,0.02,0.01,13.7,13.73,13,0,919,0.0,0.0,,1.0,,9.052,8,0.1314,0
mc_20260807_0627_low_000066,mc_20260807_0627_low/task_0013,66,low,2026-08-07T06:27:40.314,2026-08-07T06:27:50.137,2026-08-07T06:27:40.319,2026-08-07T06:27:40.333,2026-08-07T06:27:40.334,0.01,0.01,0.0,9.8,9.82,13,0,830,0.0,0.0,,1.0,,9.109,8,0.1492,0
mc_20260807_0627_low_000067,mc_20260807_0627_low/task_0013,67,low,2026-08-07T06:27:50.138,2026-08-07T06:28:01.807,2026-08-07T06:27:50.142,2026-08-07T06:27:50.158,2026-08-07T06:27:50.158,0.0,0.02,0.0,11.65,11.67,13,0,890,0.0,0.0,,1.0,,9.22,7,0.1664,0
mc_20260807_0627_low_000068,mc_20260807_0627_low/task_0013,68,low,2026-08-07T06:28:01.807,2026-08-07T06:28:13.850,2026-08-07T06:28:01.811,2026-08-07T06:28:01.826,2026-08-07T06:28:01.826,0.0,0.01,0.0,12.02,12.04,13,0,912,0.0,0.0,,1.0,,9.421,7,0.1758,0
mc_20260807_0627_low_000069,mc_20260807_0627_low/task_0013,69,low,2026-08-07T06:28:13.850,2026-08-07T06:28:23.620,2026-08-07T06:28:13.854,2026-08-07T06:28:13.870,2026-08-07T06:28:13.870,0.0,0.02,0.0,9.75,9.77,13,0,885,0.0,0.0,,1.0,,9.125,8,0.1458,0
mc_20260807_0627_low_000070,mc_20260807_0627_low/task_0014,70,low,2026-08-07T06:27:26.465,2026-08-07T06:27:43.273,2026-08-07T06:27:26.470,2026-08-07T06:27:26.486,2026-08-07T06:27:26.493,0.0,0.02,0.01,16.78,16.81,13,0,1076,0.0,0.0,,1.0,,8.963,7,0.1585,0
mc_20260807_0627_low_000071,mc_20260807_0627_low/task_0014,71,low,2026-08-07T06:27:43.276,2026-08-07T06:27:54.877,2026-08-07T06:27:43.281,2026-08-07T06:27:43.296,2026-08-07T06:27:43.297,0.0,0.01,0.0,11.58,11.6,13,0,894,0.0,0.0,,1.0,,9.153,7,0.158,0
mc_20260807_0627_low_000072,mc_20260807_0627_low/task_0014,72,low,2026-08-07T06:27:54.878,2026-08-07T06:28:07.995,2026-08-07T06:27:54.882,2026-08-07T06:27:54.899,2026-08-07T06:27:54.900,0.0,0.02,0.0,13.1,13.12,13,0,962,0.0,0.0,,1.0,,9.188,8,0.1351,0
mc_20260807_0627_low_000073,mc_20260807_0627_low/task_0014,73,low,2026-08-07T06:28:07.995,2026-08-07T06:28:19.557,2026-08-07T06:28:07.999,2026-08-07T06:28:08.014,2026-08-07T06:28:08.014,0.0,0.01,0.0,11.54,11.56,13,0,927,0.0,0.0,,1.0,,9.188,7,0.1339,0
mc_20260807_0627_low_000074,mc_20260807_0627_low/task_0014,74,low,2026-08-07T06:28:19.557,2026-08-07T06:28:27.928,2026-08-07T06:28:19.560,2026-08-07T06:28:19.575,2026-08-07T06:28:19.576,0.0,0.02,0.0,8.35,8.37,13,0,934,0.0,0.0,,1.0,,9.039,8,0.1445,0
mc_20260807_0627_low_000075,mc_20260807_0627_low/task_0015,75,low,2026-08-07T06:27:26.397,2026-08-07T06:27:38.923,2026-08-07T06:27:26.401,2026-08-07T06:27:26.415,2026-08-07T06:27:26.422,0.0,0.01,0.01,12.5,12.53,13,0,948,0.0,0.0,,1.0,,9.126,7,0.1588,0
mc_20260807_0627_low_000076,mc_20260807_0627_low/task_0015,76,low,2026-08-07T06:27:38.928,2026-08-07T06:27:48.592,2026-08-07T06:27:38.932,2026-08-07T06:27:38.946,2026-08-07T06:27:38.946,0.0,0.01,0.0,9.65,9.66,13,0,829,0.0,0.0,,1.0,,9.446,7,0.1632,0
mc_20260807_0627_low_000077,mc_20260807_0627_low/task_0015,77,low,2026-08-07T06:27:48.593,2026-08-07T06:28:00.251,2026-08-07T06:27:48.596,2026-08-07T06:27:48.611,2026-08-07T06:27:48.611,0.0,0.01,0.0,11.64,11.66,13,0,909,0.0,0.0,,1.0,,9.067,8,0.1467,0
mc_20260807_0627_low_000078,mc_20260807_0627_low/task_0015,78,low,2026-08-07T06:28:00.252,2026-08-07T06:28:11.742,2026-08-07T06:28:00.255,2026-08-07T06:28:00.269,2026-08-07T06:28:00.269,0.0,0.01,0.0,11.47,11.49,13,0,903,0.0,0.0,,1.0,,9.281,7,0.1557,0
mc_20260807_0627_low_000079,mc_20260807_0627_low/task_0015,79,low,2026-08-07T06:28:11.743,2026-08-07T06:28:20.963,2026-08-07T06:28:11.746,2026-08-07T06:28:11.758,2026-08-07T06:28:11.758,0.0,0.01,0.0,9.2,9.22,13,0,818,0.0,0.0,,1.0,,8.926,7,0.1561,0
mc_20260807_0627_low_000080,mc_20260807_0627_low/task_0016,80,low,2026-08-07T06:27:26.422,2026-08-07T06:27:40.717,2026-08-07T06:27:26.427,2026-08-07T06:27:26.441,2026-08-07T06:27:26.448,0.0,0.01,0.01,14.27,14.3,13,0,978,0.0,0.0,,1.0,,9.141,7,0.1567,0
mc_20260807_0627_low_000081,mc_20260807_0627_low/task_0016,81,low,2026-08-07T06:27:40.720,2026-08-07T06:27:51.031,2026-08-07T06:27:40.726,2026-08-07T06:27:40.740,2026-08-07T06:27:40.741,0.01,0.01,0.0,10.29,10.31,13,0,851,0.0,0.0,,1.0,,9.49,7,0.18,0
mc_20260807_0627_low_000082,mc_20260807_0627_low/task_0016,82,low,2026-08-07T06:27:51.032,2026-08-07T06:28:04.592,2026-08-07T06:27:51.036,2026-08-07T06:27:51.053,2026-08-07T06:27:51.053,0.0,0.02,0.0,13.54,13.56,13,0,993,0.0,0.0,,1.0,,9.222,8,0.1482,0
mc_20260807_0627_low_000083,mc_20260807_0627_low/task_0016,83,low,2026-08-07T06:28:04.592,2026-08-07T06:28:16.766,2026-08-07T06:28:04.597,2026-08-07T06:28:04.612,2026-08-07T06:28:04.613,0.0,0.02,0.0,12.15,12.17,13,0,956,0.0,0.0,,1.0,,8.798,7,0.1417,0
mc_20260807_0627_low_000084,mc_20260807_0627_low/task_0016,84,low,2026-08-07T06:28:16.766,2026-08-07T06:28:23.259,2026-08-07T06:28:16.769,2026-08-07T06:28:16.782,2026-08-07T06:28:16.783,0.0,0.01,0.0,6.48,6.49,13,0,796,0.0,0.0,,1.0,,9.032,7,0.1413,0
mc_20260807_0627_low_000085,mc_20260807_0627_low/task_0017,85,low,2026-08-07T06:27:26.308,2026-08-07T06:27:36.688,2026-08-07T06:27:26.312,2026-08-07T06:27:26.323,2026-08-07T06:27:26.331,0.0,0.01,0.01,10.36,10.38,13,0,813,0.0,0.0,,1.0,,9.109,7,0.1638,0
mc_20260807_0627_low_000086,mc_20260807_0627_low/task_0017,86,low,2026-08-07T06:27:36.691,2026-08-07T06:27:47.428,2026-08-07T06:27:36.694,2026-08-07T06:27:36.707,2026-08-07T06:27:36.707,0.0,0.01,0.0,10.72,10.74,13,0,878,0.0,0.0,,1.0,,8.809,7,0.1458,0
mc_20260807_0627_low_000087,mc_20260807_0627_low/task_0017,87,low,2026-08-07T06:27:47.428,2026-08-07T06:27:58.813,2026-08-07T06:27:47.431,2026-08-07T06:27:47.445,2026-08-07T06:27:47.446,0.0,0.01,0.0,11.37,11.39,13,0,876,0.0,0.0,,1.0,,8.928,7,0.1605,0
mc_20260807_0627_low_000088,mc_20260807_0627_low/task_0017,88,low,2026-08-07T06:27:58.814,2026-08-07T06:28:09.072,2026-08-07T06:27:58.817,2026-08-07T06:27:58.832,2026-08-07T06:27:58.832,0.0,0.01,0.0,10.24,10.26,13,0,847,0.0,0.0,,1.0,,8.987,7,0.1643,0
mc_20260807_0627_low_000089,mc_20260807_0627_low/task_0017,89,low,2026-08-07T06:28:09.073,2026-08-07T06:28:18.105,2026-08-07T06:28:09.076,2026-08-07T06:28:09.088,2026-08-07T06:28:09.089,0.0,0.01,0.0,9.02,9.03,13,0,814,0.0,0.0,,1.0,,8.956,7,0.1653,0
mc_20260807_0627_low_000090,mc_20260807_0627_low/task_0018,90,low,2026-08-07T06:27:26.651,2026-08-07T06:27:36.526,2026-08-07T06:27:26.656,2026-08-07T06:27:26.668,2026-08-07T06:27:26.676,0.01,0.01,0.01,9.85,9.88,13,0,893,0.0,0.0,,1.0,,9.221,7,0.1753,0
mc_20260807_0627_low_000091,mc_20260807_0627_low/task_0018,91,low,2026-08-07T06:27:36.529,2026-08-07T06:27:46.267,2026-08-07T06:27:36.533,2026-08-07T06:27:36.548,2026-08-07T06:27:36.548,0.0,0.01,0.0,9.72,9.74,13,0,903,0.0,0.0,,1.0,,9.314,7,0.1597,0
mc_20260807_0627_low_000092,mc_20260807_0627_low/task_0018,92,low,2026-08-07T06:27:46.268,2026-08-07T06:27:58.841,2026-08-07T06:27:46.271,2026-08-07T06:27:46.285,2026-08-07T06:27:46.286,0.0,0.01,0.0,12.55,12.57,13,0,911,0.0,0.0,,1.0,,8.835,7,0.1345,0
mc_20260807_0627_low_000093,mc_20260807_0627_low/task_0018,93,low,2026-08-07T06:27:58.841,2026-08-07T06:28:12.960,2026-08-07T06:27:58.845,2026-08-07T06:27:58.864,2026-08-07T06:27:58.864,0.0,0.02,0.0,14.1,14.12,13,0,1102,0.0,0.0,,1.0,,8.827,8,0.1619,0
mc_20260807_0627_low_000094,mc_20260807_0627_low/task_0018,94,low,2026-08-07T06:28:12.960,2026-08-07T06:28:26.668,2026-08-07T06:28:12.963,2026-08-07T06:28:12.980,2026-08-07T06:28:12.981,0.0,0.02,0.0,13.69,13.71,13,0,1024,0.0,0.0,,1.0,,9.358,7,0.1689,0
mc_20260807_0627_low_000095,mc_20260807_0627_low/task_0019,95,low,2026-08-07T06:27:26.285,2026-08-07T06:27:38.905,2026-08-07T06:27:26.290,2026-08-07T06:27:26.305,2026-08-07T06:27:26.313,0.0,0.01,0.01,12.59,12.62,13,0,1021,0.0,0.0,,1.0,,8.983,7,0.153,0
mc_20260807_0627_low_000096,mc_20260807_0627_low/task_0019,96,low,2026-08-07T06:27:38.909,2026-08-07T06:27:46.862,2026-08-07T06:27:38.915,2026-08-07T06:27:38.929,2026-08-07T06:27:38.929,0.01,0.01,0.0,7.93,7.95,13,0,813,0.0,0.0,,1.0,,9.471,7,0.1449,0
mc_20260807_0627_low_000097,mc_20260807_0627_low/task_0019,97,low,2026-08-07T06:27:46.862,2026-08-07T06:28:04.839,2026-08-07T06:27:46.866,2026-08-07T06:27:46.884,2026-08-07T06:27:46.885,0.0,0.02,0.0,17.95,17.98,13,0,1142,0.0,0.0,,1.0,,9.211,9,0.1336,0
mc_20260807_0627_low_000098,mc_20260807_0627_low/task_0019,98,low,2026-08-07T06:28:04.839,2026-08-07T06:28:13.037,2026-08-07T06:28:04.843,2026-08-07T06:28:04.855,2026-08-07T06:28:04.855,0.0,0.01,0.0,8.18,8.2,13,0,777,0.0,0.0,,1.0,,8.692,7,0.1581,0
mc_20260807_0627_low_000099,mc_20260807_0627_low/task_0019,99,low,2026-08-07T06:28:13.037,2026-08-07T06:28:24.028,2026-08-07T06:28:13.041,2026-08-07T06:28:13.053,2026-08-07T06:28:13.054,0.0,0.01,0.0,10.97,10.99,13,0,824,0.0,0.0,,1.0,,8.789,8,0.1409,0
mc_20260807_0627_medium_000000,mc_20260807_0627_medium/task_0000,0,medium,2026-08-07T06:27:26.362,2026-08-07T06:28:06.836,2026-08-07T06:27:26.367,2026-08-07T06:27:28.688,2026-08-07T06:27:28.697,0.01,2.32,0.01,38.14,40.47,18,5,1389,11808.0,6133.8,51.95,1.0,,9.167,7,0.1588,468
mc_20260807_0627_medium_000001,mc_20260807_0627_medium/task_0000,1,medium,2026-08-07T06:28:06.839,2026-08-07T06:28:25.458,2026-08-07T06:28:06.844,2026-08-07T06:28:10.915,2026-08-07T06:28:10.915,0.0,4.07,0.0,14.54,18.62,19,6,1061,11808.0,3877.5,32.84,1.0,,9.389,7,0.1549,330
mc_20260807_0627_medium_000002,mc_20260807_0627_medium/task_0000,2,medium,2026-08-07T06:28:25.458,2026-08-07T06:28:43.384,2026-08-07T06:28:25.461,2026-08-07T06:28:29.704,2026-08-07T06:28:29.705,0.0,4.24,0.0,13.68,17.93,14,1,1117,11808.0,201.5,1.71,1.0,,9.29,7,0.1711,14
mc_20260807_0627_medium_000003,mc_20260807_0627_medium/task_0000,3,medium,2026-08-07T06:28:43.385,2026-08-07T06:29:04.859,2026-08-07T06:28:43.388,2026-08-07T06:28:47.160,2026-08-07T06:28:47.161,0.0,3.77,0.0,17.7,21.47,19,6,1190,11808.0,4233.0,35.85,1.0,,8.576,8,0.1722,324
mc_20260807_0627_medium_000004,mc_20260807_0627_medium/task_0000,4,medium,2026-08-07T06:29:04.860,2026-08-07T06:29:23.095,2026-08-07T06:29:04.863,2026-08-07T06:29:08.837,2026-08-07T06:29:08.837,0.0,3.97,0.0,14.26,18.23,17,4,1091,11808.0,2449.2,20.74,1.0,,8.739,8,0.1365,230
mc_20260807_0627_medium_000005,mc_20260807_0627_medium/task_0001,5,medium,2026-08-07T06:27:26.442,2026-08-07T06:27:48.063,2026-08-07T06:27:26.447,2026-08-07T06:27:29.206,2026-08-07T06:27:29.214,0.01,2.76,0.01,18.85,21.62,18,5,1055,11808.0,3858.8,32.68,1.0,,8.732,7,0.1531,252
mc_20260807_0627_medium_000006,mc_20260807_0627_medium/task_0001,6,medium,2026-08-07T06:27:48.068,2026-08-07T06:28:13.329,2026-08-07T06:27:48.073,2026-08-07T06:27:52.384,2026-08-07T06:27:52.385,0.01,4.31,0.0,20.94,25.26,16,3,1304,11806.0,1224.0,10.37,1.0,,9.888,7,0.1901,90
mc_20260807_0627_medium_000007,mc_20260807_0627_medium/task_0001,7,medium,2026-08-07T06:28:13.330,2026-08-07T06:28:34.611,2026-08-07T06:28:13.333,2026-08-07T06:28:17.826,2026-08-07T06:28:17.827,0.0,4.49,0.0,16.78,21.28,15,2,1221,11808.0,1495.0,12.66,1.0,,9.235,7,0.1438,129
mc_20260807_0627_medium_000008,mc_20260807_0627_medium/task_0001,8,medium,2026-08-07T06:28:34.612,2026-08-07T06:28:51.943,2026-08-07T06:28:34.614,2026-08-07T06:28:38.561,2026-08-07T06:28:38.561,0.0,3.95,0.0,13.38,17.33,20,7,1068,11808.0,2536.5,21.48,1.0,,8.719,8,0.1386,212
mc_20260807_0627_medium_000009,mc_20260807_0627_medium/task_0001,9,medium,2026-08-07T06:28:51.943,2026-08-07T06:29:11.040,2026-08-07T06:28:51.947,2026-08-07T06:28:55.377,2026-08-07T06:28:55.377,0.0,3.43,0.0,15.66,19.1,20,7,1131,11808.0,3343.5,28.32,1.0,,9.258,7,0.1723,274
mc_20260807_0627_medium_000010,mc_20260807_0627_medium/task_0002,10,medium,2026-08-07T06:27:26.622,2026-08-07T06:27:40.399,2026-08-07T06:27:26.627,2026-08-07T06:27:30.769,2026-08-07T06:27:30.778,0.0,4.14,0.01,9.62,13.78,16,3,935,11808.0,1161.5,9.84,1.0,,8.989,7,0.1569,87
mc_20260807_0627_medium_000011,mc_20260807_0627_medium/task_0002,11,medium,2026-08-07T06:27:40.407,2026-08-07T06:28:06.233,2026-08-07T06:27:40.414,2026-08-07T06:27:43.184,2026-08-07T06:27:43.185,0.01,2.77,0.0,23.05,25.83,17,4,1351,11808.0,5045.0,42.73,1.0,,9.288,7,0.1484,386
mc_20260807_0627_medium_000012,mc_20260807_0627_medium/task_0002,12,medium,2026-08-07T06:28:06.234,2026-08-07T06:28:31.819,2026-08-07T06:28:06.238,2026-08-07T06:28:09.404,2026-08-07T06:28:09.405,0.0,3.17,0.0,22.41,25.59,16,3,1287,11808.0,3772.0,31.94,1.0,,9.162,7,0.1504,332
mc_20260807_0627_medium_000013,mc_20260807_0627_medium/task_0002,13,medium,2026-08-07T06:28:31.820,2026-08-07T06:28:46.580,2026-08-07T06:28:31.823,2026-08-07T06:28:35.717,2026-08-07T06:28:35.718,0.0,3.89,0.0,10.86,14.76,18,5,931,11808.0,2347.0,19.88,1.0,,8.758,7,0.1842,213
mc_20260807_0627_medium_000014,mc_20260807_0627_medium/task_0002,14,medium,2026-08-07T06:28:46.580,2026-08-07T06:29:11.779,2026-08-07T06:28:46.585,2026-08-07T06:28:50.028,2026-08-07T06:28:50.028,0.0,3.44,0.0,21.75,25.2,20,7,1262,11808.0,3608.0,30.56,1.0,,9.209,7,0.1581,350
mc_20260807_0627_medium_000015,mc_20260807_0627_medium/task_0003,15,medium,2026-08-07T06:27:26.605,2026-08-07T06:28:02.218,2026-08-07T06:27:26.610,2026-08-07T06:27:29.959,2026-08-07T06:27:29.968,0.0,3.35,0.01,32.25,35.61,24,11,1222,11808.0,3999.0,33.87,1.0,,8.775,8,0.1367,277
mc_20260807_0627_medium_000016,mc_20260807_0627_medium/task_0003,16,medium,2026-08-07T06:28:02.222,2026-08-07T06:28:26.005,2026-08-07T06:28:02.226,2026-08-07T06:28:05.298,2026-08-07T06:28:05.298,0.0,3.07,0.0,20.71,23.78,23,10,1228,11808.0,5393.8,45.68,1.0,,9.134,7,0.1691,403
mc_20260807_0627_medium_000017,mc_20260807_0627_medium/task_0003,17,medium,2026-08-07T06:28:26.006,2026-08-07T06:28:44.432,2026-08-07T06:28:26.009,2026-08-07T06:28:29.455,2026-08-07T06:28:29.456,0.0,3.45,0.0,14.98,18.43,16,3,1091,11808.0,3006.2,25.46,1.0,,9.274,8,0.1445,225
mc_20260807_0627_medium_000018,mc_20260807_0627_medium/task_0003,18,medium,2026-08-07T06:28:44.433,2026-08-07T06:29:12.803,2026-08-07T06:28:44.436,2026-08-07T06:28:47.913,2026-08-07T06:28:47.914,0.0,3.48,0.0,24.89,28.37,18,5,1380,11808.0,3794.0,32.13,1.0,,9.015,7,0.1578,336
mc_20260807_0627_medium_000019,mc_20260807_0627_medium/task_0003,19,medium,2026-08-07T06:29:12.804,2026-08-07T06:29:26.051,2026-08-07T06:29:12.806,2026-08-07T06:29:16.604,2026-08-07T06:29:16.605,0.0,3.8,0.0,9.45,13.25,17,4,1005,11808.0,2710.0,22.95,1.0,,9.321,7,0.1429,208
mc_20260807_0627_medium_000020,mc_20260807_0627_medium/task_0004,20,medium,2026-08-07T06:27:26.416,2026-08-07T06:28:01.384,2026-08-07T06:27:26.421,2026-08-07T06:27:30.099,2026-08-07T06:27:30.107,0.0,3.68,0.01,31.28,34.97,20,7,1209,11808.0,2972.0,25.17,1.0,,9.093,7,0.134,227
mc_20260807_0627_medium_000021,mc_20260807_0627_medium/task_0004,21,medium,2026-08-07T06:28:01.387,2026-08-07T06:28:23.138,2026-08-07T06:28:01.391,2026-08-07T06:28:06.091,2026-08-07T06:28:06.092,0.0,4.7,0.0,17.05,21.75,16,3,1123,11808.0,2392.0,20.26,1.0,,9.288,7,0.1529,195
mc_20260807_0627_medium_000022,mc_20260807_0627_medium/task_0004,22,medium,2026-08-07T06:28:23.139,2026-08-07T06:28:39.606,2026-08-07T06:28:23.142,2026-08-07T06:28:28.010,2026-08-07T06:28:28.010,0.0,4.87,0.0,11.6,16.47,14,1,915,11808.0,403.0,3.41,1.0,,9.071,7,0.1644,39
mc_20260807_0627_medium_000023,mc_20260807_0627_medium/task_0004,23,medium,2026-08-07T06:28:39.607,2026-08-07T06:28:56.649,2026-08-07T06:28:39.610,2026-08-07T06:28:43.143,2026-08-07T06:28:43.143,0.0,3.53,0.0,13.51,17.04,18,5,1021,11808.0,3421.0,28.97,1.0,,9.465,8,0.1479,266
mc_20260807_0627_medium_000024,mc_20260807_0627_medium/task_0004,24,medium,2026-08-07T06:28:56.650,2026-08-07T06:29:16.196,2026-08-07T06:28:56.653,2026-08-07T06:29:00.610,2026-08-07T06:29:00.610,0.0,3.96,0.0,15.59,19.55,17,4,1177,11808.0,3734.0,31.62,1.0,,9.25,7,0.1642,283
mc_20260807_0627_medium_000025,mc_20260807_0627_medium/task_0005,25,medium,2026-08-07T06:27:26.380,2026-08-07T06:28:03.452,2026-08-07T06:27:26.386,2026-08-07T06:27:29.639,2026-08-07T06:27:29.647,0.01,3.25,0.01,33.81,37.07,21,8,1275,11808.0,4765.0,40.35,1.0,,9.377,8,0.1496,335
mc_20260807_0627_medium_000026,mc_20260807_0627_medium/task_0005,26,medium,2026-08-07T06:28:03.461,2026-08-07T06:28:24.853,2026-08-07T06:28:03.465,2026-08-07T06:28:07.062,2026-08-07T06:28:07.063,0.0,3.6,0.0,17.79,21.39,17,4,1087,11808.0,2417.0,20.47,1.0,,8.262,8,0.1589,205
mc_20260807_0627_medium_000027,mc_20260807_0627_medium/task_0005,27,medium,2026-08-07T06:28:24.854,2026-08-07T06:28:45.158,2026-08-07T06:28:24.857,2026-08-07T06:28:28.210,2026-08-07T06:28:28.211,0.0,3.35,0.0,16.95,20.3,20,7,1162,11808.0,2915.0,24.69,1.0,,9.468,7,0.1641,212
mc_20260807_0627_medium_000028,mc_20260807_0627_medium/task_0005,28,medium,2026-08-07T06:28:45.159,2026-08-07T06:29:07.542,2026-08-07T06:28:45.163,2026-08-07T06:28:48.258,2026-08-07T06:28:48.258,0.0,3.1,0.0,19.28,22.38,16,3,1194,11808.0,3747.0,31.73,1.0,,8.996,7,0.1501,369
mc_20260807_0627_medium_000029,mc_20260807_0627_medium/task_0005,29,medium,2026-08-07T06:29:07.542,2026-08-07T06:29:22.029,2026-08-07T06:29:07.546,2026-08-07T06:29:12.272,2026-08-07T06:29:12.272,0.0,4.73,0.0,9.76,14.49,16,3,1081,11808.0,736.5,6.24,1.0,,9.109,7,0.1525,61
mc_20260807_0627_medium_000030,mc_20260807_0627_medium/task_0006,30,medium,2026-08-07T06:27:26.376,2026-08-07T06:27:50.650,2026-08-07T06:27:26.382,2026-08-07T06:27:30.020,2026-08-07T06:27:30.028,0.01,3.64,0.01,20.62,24.27,21,8,1055,11808.0,3570.8,30.24,1.0,,9.412,7,0.1694,272
mc_20260807_0627_medium_000031,mc_20260807_0627_medium/task_0006,31,medium,2026-08-07T06:27:50.654,2026-08-07T06:28:04.300,2026-08-07T06:27:50.659,2026-08-07T06:27:55.350,2026-08-07T06:27:55.350,0.01,4.69,0.0,8.95,13.65,13,0,870,11808.0,0.0,0.0,1.0,,9.221,7,0.16,0
mc_20260807_0627_medium_000032,mc_20260807_0627_medium/task_0006,32,medium,2026-08-07T06:28:04.301,2026-08-07T06:28:26.959,2026-08-07T06:28:04.304,2026-08-07T06:28:07.552,2026-08-07T06:28:07.553,0.0,3.25,0.0,19.41,22.66,22,9,1190,11808.0,4184.8,35.44,1.0,,9.323,7,0.1554,302
mc_20260807_0627_medium_000033,mc_20260807_0627_medium/task_0006,33,medium,2026-08-07T06:28:26.959,2026-08-07T06:28:47.860,2026-08-07T06:28:26.962,2026-08-07T06:28:31.909,2026-08-07T06:28:31.910,0.0,4.95,0.0,15.95,20.9,17,4,1150,11806.0,1708.2,14.47,1.0,,8.894,8,0.1533,125
mc_20260807_0627_medium_000034,mc_20260807_0627_medium/task_0006,34,medium,2026-08-07T06:28:47.861,2026-08-07T06:29:11.333,2026-08-07T06:28:47.863,2026-08-07T06:28:52.134,2026-08-07T06:28:52.135,0.0,4.27,0.0,19.2,23.47,18,5,1233,11808.0,2218.0,18.78,1.0,,8.687,8,0.157,194
mc_20260807_0627_medium_000035,mc_20260807_0627_medium/task_0007,35,medium,2026-08-07T06:27:26.464,2026-08-07T06:27:45.300,2026-08-07T06:27:26.469,2026-08-07T06:27:30.107,2026-08-07T06:27:30.115,0.01,3.64,0.01,15.19,18.84,16,3,1000,11808.0,2427.0,20.55,1.0,,8.98,7,0.1523,176
mc_20260807_0627_medium_000036,mc_20260807_0627_medium/task_0007,36,medium,2026-08-07T06:27:45.304,2026-08-07T06:28:09.842,2026-08-07T06:27:45.310,2026-08-07T06:27:48.563,2026-08-07T06:27:48.563,0.01,3.25,0.0,21.28,24.54,23,10,1279,11808.0,4943.8,41.87,1.0,,9.045,7,0.1574,369
mc_20260807_0627_medium_000037,mc_20260807_0627_medium/task_0007,37,medium,2026-08-07T06:28:09.843,2026-08-07T06:28:26.720,2026-08-07T06:28:09.847,2026-08-07T06:28:14.094,2026-08-07T06:28:14.095,0.0,4.25,0.0,12.63,16.88,19,6,967,11808.0,2660.8,22.53,1.0,,8.846,7,0.1588,237
mc_20260807_0627_medium_000038,mc_20260807_0627_medium/task_0007,38,medium,2026-08-07T06:28:26.721,2026-08-07T06:28:44.848,2026-08-07T06:28:26.724,2026-08-07T06:28:30.993,2026-08-07T06:28:30.993,0.0,4.27,0.0,13.85,18.13,18,5,1001,11808.0,3010.0,25.49,1.0,,9.111,7,0.1688,226
mc_20260807_0627_medium_000039,mc_20260807_0627_medium/task_0007,39,medium,2026-08-07T06:28:44.848,2026-08-07T06:28:59.311,2026-08-07T06:28:44.852,2026-08-07T06:28:48.760,2026-08-07T06:28:48.760,0.0,3.91,0.0,10.55,14.46,18,5,900,11808.0,2214.0,18.75,1.0,,9.279,7,0.1399,187
mc_20260807_0627_medium_000040,mc_20260807_0627_medium/task_0008,40,medium,2026-08-07T06:27:26.368,2026-08-07T06:27:54.887,2026-08-07T06:27:26.374,2026-08-07T06:27:30.093,2026-08-07T06:27:30.102,0.01,3.72,0.01,24.78,28.52,18,5,1111,11808.0,2670.0,22.61,1.0,,8.751,7,0.1403,216
mc_20260807_0627_medium_000041,mc_20260807_0627_medium/task_0008,41,medium,2026-08-07T06:27:54.891,2026-08-07T06:28:16.427,2026-08-07T06:27:54.896,2026-08-07T06:27:58.752,2026-08-07T06:27:58.752,0.01,3.86,0.0,17.67,21.54,18,5,1220,11808.0,2945.2,24.94,1.0,,8.925,7,0.1398,207
mc_20260807_0627_medium_000042,mc_20260807_0627_medium/task_0008,42,medium,2026-08-07T06:28:16.428,2026-08-07T06:28:30.003,2026-08-07T06:28:16.433,2026-08-07T06:28:20.797,2026-08-07T06:28:20.798,0.01,4.36,0.0,9.2,13.57,19,6,983,11808.0,2873.0,24.33,1.0,,8.614,8,0.1533,248
mc_20260807_0627_medium_000043,mc_20260807_0627_medium/task_0008,43,medium,2026-08-07T06:28:30.003,2026-08-07T06:28:54.481,2026-08-07T06:28:30.006,2026-08-07T06:28:33.487,2026-08-07T06:28:33.487,0.0,3.48,0.0,20.99,24.48,23,10,1330,11808.0,5993.5,50.76,1.0,,9.279,8,0.1336,523
mc_20260807_0627_medium_000044,mc_20260807_0627_medium/task_0008,44,medium,2026-08-07T06:28:54.482,2026-08-07T06:29:12.983,2026-08-07T06:28:54.487,2026-08-07T06:28:58.596,2026-08-07T06:28:58.597,0.0,4.11,0.0,14.39,18.5,20,7,1204,11808.0,3544.0,30.01,1.0,,9.035,7,0.1751,273
mc_20260807_0627_medium_000045,mc_20260807_0627_medium/task_0009,45,medium,2026-08-07T06:27:26.478,2026-08-07T06:28:05.570,2026-08-07T06:27:26.483,2026-08-07T06:27:29.598,2026-08-07T06:27:29.607,0.01,3.12,0.01,35.96,39.09,23,10,1349,11808.0,4493.0,38.05,1.0,,8.92,7,0.1545,337
mc_20260807_0627_medium_000046,mc_20260807_0627_medium/task_0009,46,medium,2026-08-07T06:28:05.573,2026-08-07T06:28:27.400,2026-08-07T06:28:05.578,2026-08-07T06:28:09.449,2026-08-07T06:28:09.450,0.0,3.87,0.0,17.95,21.83,17,4,1189,11808.0,2782.8,23.57,1.0,,9.139,9,0.1336,264
mc_20260807_0627_medium_000047,mc_20260807_0627_medium/task_0009,47,medium,2026-08-07T06:28:27.401,2026-08-07T06:28:45.368,2026-08-07T06:28:27.404,2026-08-07T06:28:31.100,2026-08-07T06:28:31.100,0.0,3.7,0.0,14.27,17.97,17,4,1022,11808.0,3015.0,25.53,1.0,,9.18,8,0.1294,218
mc_20260807_0627_medium_000048,mc_20260807_0627_medium/task_0009,48,medium,2026-08-07T06:28:45.369,2026-08-07T06:29:05.459,2026-08-07T06:28:45.373,2026-08-07T06:28:49.440,2026-08-07T06:28:49.440,0.0,4.07,0.0,16.02,20.09,19,6,1095,11808.0,2927.5,24.79,1.0,,9.205,7,0.1486,253
mc_20260807_0627_medium_000049,mc_20260807_0627_medium/task_0009,49,medium,2026-08-07T06:29:05.460,2026-08-07T06:29:19.548,2026-08-07T06:29:05.464,2026-08-07T06:29:10.237,2026-08-07T06:29:10.238,0.0,4.77,0.0,9.31,14.09,19,6,938,11808.0,1144.2,9.69,1.0,,9.368,7,0.1492,88
mc_20260807_0627_medium_000050,mc_20260807_0627_medium/task_0010,50,medium,2026-08-07T06:27:26.385,2026-08-07T06:28:03.445,2026-08-07T06:27:26.390,2026-08-07T06:27:30.917,2026-08-07T06:27:30.926,0.01,4.53,0.01,32.52,37.06,17,4,1247,11808.0,1978.5,16.76,1.0,,9.283,7,0.1658,164
mc_20260807_0627_medium_000051,mc_20260807_0627_medium/task_0010,51,medium,2026-08-07T06:28:03.450,2026-08-07T06:28:28.226,2026-08-07T06:28:03.454,2026-08-07T06:28:07.352,2026-08-07T06:28:07.352,0.0,3.9,0.0,20.87,24.78,20,7,1228,11808.0,3765.2,31.89,1.0,,8.801,7,0.1516,311
mc_20260807_0627_medium_000052,mc_20260807_0627_medium/task_0010,52,medium,2026-08-07T06:28:28.227,2026-08-07T06:28:43.648,2026-08-07T06:28:28.230,2026-08-07T06:28:32.642,2026-08-07T06:28:32.643,0.0,4.41,0.0,11.01,15.42,19,6,879,11808.0,2771.0,23.47,1.0,,9.106,7,0.1515,214
mc_20260807_0627_medium_000053,mc_20260807_0627_medium/task_0010,53,medium,2026-08-07T06:28:43.649,2026-08-07T06:29:04.850,2026-08-07T06:28:43.653,2026-08-07T06:28:46.860,2026-08-07T06:28:46.860,0.0,3.21,0.0,17.99,21.2,18,5,1156,11808.0,3148.2,26.66,1.0,,9.05,8,0.1538,212
mc_20260807_0627_medium_000054,mc_20260807_0627_medium/task_0010,54,medium,2026-08-07T06:29:04.850,2026-08-07T06:29:22.044,2026-08-07T06:29:04.853,2026-08-07T06:29:09.595,2026-08-07T06:29:09.596,0.0,4.74,0.0,12.45,17.19,19,6,1045,11808.0,1506.5,12.76,1.0,,8.638,7,0.1521,116
mc_20260807_0627_medium_000055,mc_20260807_0627_medium/task_0011,55,medium,2026-08-07T06:27:26.468,2026-08-07T06:27:52.047,2026-08-07T06:27:26.473,2026-08-07T06:27:30.306,2026-08-07T06:27:30.316,0.0,3.83,0.01,21.73,25.58,21,8,1074,11808.0,3721.8,31.52,1.0,,8.473,8,0.1743,263
mc_20260807_0627_medium_000056,mc_20260807_0627_medium/task_0011,56,medium,2026-08-07T06:27:52.051,2026-08-07T06:28:06.123,2026-08-07T06:27:52.056,2026-08-07T06:27:56.969,2026-08-07T06:27:56.970,0.0,4.91,0.0,9.15,14.07,15,2,954,11808.0,998.2,8.45,1.0,,9.104,7,0.1628,84
mc_20260807_0627_medium_000057,mc_20260807_0627_medium/task_0011,57,medium,2026-08-07T06:28:06.124,2026-08-07T06:28:32.725,2026-08-07T06:28:06.127,2026-08-07T06:28:09.534,2026-08-07T06:28:09.535,0.0,3.41,0.0,23.19,26.6,19,6,1298,11808.0,3937.0,33.34,1.0,,8.896,7,0.1487,329
mc_20260807_0627_medium_000058,mc_20260807_0627_medium/task_0011,58,medium,2026-08-07T06:28:32.726,2026-08-07T06:29:05.285,2026-08-07T06:28:32.730,2026-08-07T06:28:35.698,2026-08-07T06:28:35.698,0.0,2.97,0.0,29.59,32.56,20,7,1546,11808.0,5166.2,43.75,1.0,,9.333,7,0.1445,448
mc_20260807_0627_medium_000059,mc_20260807_0627_medium/task_0011,59,medium,2026-08-07T06:29:05.286,2026-08-07T06:29:20.999,2026-08-07T06:29:05.290,2026-08-07T06:29:09.535,2026-08-07T06:29:09.535,0.0,4.24,0.0,11.46,15.71,16,3,965,11808.0,1495.0,12.66,1.0,,9.091,9,0.1423,141
mc_20260807_0627_medium_000060,mc_20260807_0627_medium/task_0012,60,medium,2026-08-07T06:27:26.400,2026-08-07T06:28:01.297,2026-08-07T06:27:26.405,2026-08-07T06:27:28.781,2026-08-07T06:27:28.789,0.01,2.38,0.01,32.51,34.9,22,9,1260,11808.0,6309.5,53.43,1.0,,9.093,8,0.1362,538
mc_20260807_0627_medium_000061,mc_20260807_0627_medium/task_0012,61,medium,2026-08-07T06:28:01.300,2026-08-07T06:28:24.214,2026-08-07T06:28:01.305,2026-08-07T06:28:05.502,2026-08-07T06:28:05.502,0.0,4.2,0.0,18.71,22.91,19,6,1156,11808.0,2665.0,22.57,1.0,,8.846,8,0.1432,193
mc_20260807_0627_medium_000062,mc_20260807_0627_medium/task_0012,62,medium,2026-08-07T06:28:24.215,2026-08-07T06:28:47.061,2026-08-07T06:28:24.218,2026-08-07T06:28:27.241,2026-08-07T06:28:27.241,0.0,3.02,0.0,19.82,22.85,17,4,1248,11808.0,3650.8,30.92,1.0,,8.611,8,0.1363,273
mc_20260807_0627_medium_000063,mc_20260807_0627_medium/task_0012,63,medium,2026-08-07T06:28:47.062,2026-08-07T06:29:07.762,2026-08-07T06:28:47.066,2026-08-07T06:28:50.243,2026-08-07T06:28:50.243,0.0,3.18,0.0,17.52,20.7,18,5,1186,11808.0,4530.5,38.37,1.0,,9.899,7,0.1773,383
mc_20260807_0627_medium_000064,mc_20260807_0627_medium/task_0012,64,medium,2026-08-07T06:29:07.763,2026-08-07T06:29:21.162,2026-08-07T06:29:07.765,2026-08-07T06:29:11.757,2026-08-07T06:29:11.757,0.0,3.99,0.0,9.4,13.4,15,2,898,11808.0,946.5,8.02,1.0,,9.055,7,0.1756,74
mc_20260807_0627_medium_000065,mc_20260807_0627_medium/task_0013,65,medium,2026-08-07T06:27:26.244,2026-08-07T06:27:39.757,2026-08-07T06:27:26.253,2026-08-07T06:27:30.291,2026-08-07T06:27:30.301,0.01,4.04,0.01,9.46,13.51,17,4,928,11808.0,120.0,1.02,1.0,,9.052,8,0.1314,9
mc_20260807_0627_medium_000066,mc_20260807_0627_medium/task_0013,66,medium,2026-08-07T06:27:39.765,2026-08-07T06:28:00.213,2026-08-07T06:27:39.770,2026-08-07T06:27:43.042,2026-08-07T06:27:43.043,0.0,3.27,0.0,17.17,20.45,18,5,1153,11808.0,4288.8,36.32,1.0,,9.109,8,0.1492,323
mc_20260807_0627_medium_000067,mc_20260807_0627_medium/task_0013,67,medium,2026-08-07T06:28:00.214,2026-08-07T06:28:18.548,2026-08-07T06:28:00.217,2026-08-07T06:28:05.014,2026-08-07T06:28:05.014,0.0,4.8,0.0,13.53,18.33,18,5,994,11808.0,1080.0,9.15,1.0,,9.22,7,0.1664,104
mc_20260807_0627_medium_000068,mc_20260807_0627_medium/task_0013,68,medium,2026-08-07T06:28:18.548,2026-08-07T06:28:43.823,2026-08-07T06:28:18.552,2026-08-07T06:28:21.761,2026-08-07T06:28:21.761,0.0,3.21,0.0,22.06,25.27,26,13,1377,11808.0,5482.8,46.43,1.0,,9.421,7,0.1758,465
mc_20260807_0627_medium_000069,mc_20260807_0627_medium/task_0013,69,medium,2026-08-07T06:28:43.824,2026-08-07T06:29:08.809,2026-08-07T06:28:43.827,2026-08-07T06:28:46.550,2026-08-07T06:28:46.550,0.0,2.72,0.0,22.26,24.99,22,9,1316,11808.0,4886.5,41.38,1.0,,9.125,8,0.1458,431
mc_20260807_0627_medium_000070,mc_20260807_0627_medium/task_0014,70,medium,2026-08-07T06:27:26.491,2026-08-07T06:28:01.904,2026-08-07T06:27:26.496,2026-08-07T06:27:30.173,2026-08-07T06:27:30.182,0.0,3.68,0.01,31.72,35.41,17,4,1182,11808.0,1690.0,14.31,1.0,,8.963,7,0.1585,106
mc_20260807_0627_medium_000071,mc_20260807_0627_medium/task_0014,71,medium,2026-08-07T06:28:01.907,2026-08-07T06:28:22.217,2026-08-07T06:28:01.912,2026-08-07T06:28:06.026,2026-08-07T06:28:06.026,0.01,4.11,0.0,16.19,20.31,19,6,1082,11808.0,2228.8,18.87,1.0,,9.153,7,0.158,188
mc_20260807_0627_medium_000072,mc_20260807_0627_medium/task_0014,72,medium,2026-08-07T06:28:22.218,2026-08-07T06:28:42.977,2026-08-07T06:28:22.222,2026-08-07T06:28:26.668,2026-08-07T06:28:26.668,0.0,4.45,0.0,16.31,20.76,18,5,1078,11808.0,1555.0,13.17,1.0,,9.188,8,0.1351,116
mc_20260807_0627_medium_000073,mc_20260807_0627_medium/task_0014,73,medium,2026-08-07T06:28:42.978,2026-08-07T06:29:06.689,2026-08-07T06:28:42.981,2026-08-07T06:28:46.818,2026-08-07T06:28:46.819,0.0,3.84,0.0,19.87,23.71,20,7,1154,11808.0,2717.0,23.01,1.0,,9.188,7,0.1339,227
mc_20260807_0627_medium_000074,mc_20260807_0627_medium/task_0014,74,medium,2026-08-07T06:29:06.690,2026-08-07T06:29:20.587,2026-08-07T06:29:06.694,2026-08-07T06:29:09.909,2026-08-07T06:29:09.909,0.0,3.22,0.0,10.68,13.9,17,4,1145,11808.0,3083.0,26.11,1.0,,9.039,8,0.1445,211
mc_20260807_0627_medium_000075,mc_20260807_0627_medium/task_0015,75,medium,2026-08-07T06:27:26.611,2026-08-07T06:27:50.796,2026-08-07T06:27:26.615,2026-08-07T06:27:30.137,2026-08-07T06:27:30.145,0.0,3.52,0.01,20.65,24.18,18,5,1053,11808.0,1284.0,10.87,1.0,,9.126,7,0.1588,105
mc_20260807_0627_medium_000076,mc_20260807_0627_medium/task_0015,76,medium,2026-08-07T06:27:50.799,2026-08-07T06:28:11.152,2026-08-07T06:27:50.804,2026-08-07T06:27:55.061,2026-08-07T06:27:55.062,0.0,4.26,0.0,16.09,20.35,21,8,1157,11808.0,4314.0,36.53,1.0,,9.446,7,0.1632,328
mc_20260807_0627_medium_000077,mc_20260807_0627_medium/task_0015,77,medium,2026-08-07T06:28:11.153,2026-08-07T06:28:34.379,2026-08-07T06:28:11.157,2026-08-07T06:28:14.588,2026-08-07T06:28:14.588,0.0,3.43,0.0,19.79,23.23,21,8,1258,11808.0,4275.8,36.21,1.0,,9.067,8,0.1467,349
mc_20260807_0627_medium_000078,mc_20260807_0627_medium/task_0015,78,medium,2026-08-07T06:28:34.380,2026-08-07T06:28:56.549,2026-08-07T06:28:34.383,2026-08-07T06:28:37.689,2026-08-07T06:28:37.689,0.0,3.31,0.0,18.86,22.17,17,4,1205,11808.0,3614.0,30.61,1.0,,9.281,7,0.1557,302
mc_20260807_0627_medium_000079,mc_20260807_0627_medium/task_0015,79,medium,2026-08-07T06:28:56.550,2026-08-07T06:29:11.005,2026-08-07T06:28:56.553,2026-08-07T06:29:00.871,2026-08-07T06:29:00.872,0.0,4.32,0.0,10.13,14.46,18,5,963,11808.0,2052.8,17.38,1.0,,8.926,7,0.1561,145
mc_20260807_0627_medium_000080,mc_20260807_0627_medium/task_0016,80,medium,2026-08-07T06:28:28.295,2026-08-07T06:28:50.564,2026-08-07T06:28:28.300,2026-08-07T06:28:31.359,2026-08-07T06:28:31.367,0.01,3.06,0.01,19.2,22.27,17,4,1307,11808.0,3965.0,33.58,1.0,,9.141,7,0.1567,329
mc_20260807_0627_medium_000081,mc_20260807_0627_medium/task_0016,81,medium,2026-08-07T06:28:50.569,2026-08-07T06:29:03.606,2026-08-07T06:28:50.574,2026-08-07T06:28:54.438,2026-08-07T06:28:54.439,0.0,3.86,0.0,9.17,13.04,17,4,965,11808.0,1451.0,12.29,1.0,,9.49,7,0.18,114
mc_20260807_0627_medium_000082,mc_20260807_0627_medium/task_0016,82,medium,2026-08-07T06:29:03.607,2026-08-07T06:29:23.316,2026-08-07T06:29:03.610,2026-08-07T06:29:08.607,2026-08-07T06:29:08.608,0.0,5.0,0.0,14.71,19.71,18,5,1089,11808.0,968.8,8.2,1.0,,9.222,8,0.1482,96
mc_20260807_0627_medium_000083,mc_20260807_0627_medium/task_0016,83,medium,2026-08-07T06:29:23.317,2026-08-07T06:29:52.707,2026-08-07T06:29:23.319,2026-08-07T06:29:27.340,2026-08-07T06:29:27.340,0.0,4.02,0.0,25.37,29.39,21,8,1282,11808.0,3823.0,32.38,1.0,,8.798,7,0.1417,326
mc_20260807_0627_medium_000084,mc_20260807_0627_medium/task_0016,84,medium,2026-08-07T06:29:52.708,2026-08-07T06:30:06.514,2026-08-07T06:29:52.711,2026-08-07T06:29:57.008,2026-08-07T06:29:57.009,0.0,4.3,0.0,9.51,13.81,17,4,834,11808.0,594.5,5.03,1.0,,9.032,7,0.1413,38
mc_20260807_0627_medium_000085,mc_20260807_0627_medium/task_0017,85,medium,2026-08-07T06:28:30.441,2026-08-07T06:28:52.330,2026-08-07T06:28:30.446,2026-08-07T06:28:32.947,2026-08-07T06:28:32.955,0.0,2.5,0.01,19.37,21.89,19,6,1299,11808.0,5297.0,44.86,1.0,,9.109,7,0.1638,486
mc_20260807_0627_medium_000086,mc_20260807_0627_medium/task_0017,86,medium,2026-08-07T06:28:52.334,2026-08-07T06:29:11.181,2026-08-07T06:28:52.338,2026-08-07T06:28:56.150,2026-08-07T06:28:56.151,0.0,3.81,0.0,15.03,18.85,20,7,1090,11808.0,2762.0,23.39,1.0,,8.809,7,0.1458,212
mc_20260807_0627_medium_000087,mc_20260807_0627_medium/task_0017,87,medium,2026-08-07T06:29:11.182,2026-08-07T06:29:31.181,2026-08-07T06:29:11.185,2026-08-07T06:29:14.614,2026-08-07T06:29:14.614,0.0,3.43,0.0,16.57,20.0,21,8,1265,11808.0,4294.2,36.37,1.0,,8.928,7,0.1605,389
mc_20260807_0627_medium_000088,mc_20260807_0627_medium/task_0017,88,medium,2026-08-07T06:29:31.182,2026-08-07T06:29:55.205,2026-08-07T06:29:31.185,2026-08-07T06:29:35.193,2026-08-07T06:29:35.194,0.0,4.01,0.0,20.01,24.02,20,7,1147,11808.0,3651.0,30.92,1.0,,8.987,7,0.1643,300
mc_20260807_0627_medium_000089,mc_20260807_0627_medium/task_0017,89,medium,2026-08-07T06:29:55.206,2026-08-07T06:30:09.221,2026-08-07T06:29:55.209,2026-08-07T06:29:59.091,2026-08-07T06:29:59.091,0.0,3.88,0.0,10.13,14.01,17,4,984,11808.0,2314.0,19.6,1.0,,8.956,7,0.1653,170
mc_20260807_0627_medium_000090,mc_20260807_0627_medium/task_0018,90,medium,2026-08-07T06:28:31.459,2026-08-07T06:28:48.597,2026-08-07T06:28:31.464,2026-08-07T06:28:34.836,2026-08-07T06:28:34.844,0.0,3.37,0.01,13.75,17.14,19,6,1112,11808.0,2476.5,20.97,1.0,,9.221,7,0.1753,219
mc_20260807_0627_medium_000091,mc_20260807_0627_medium/task_0018,91,medium,2026-08-07T06:28:48.601,2026-08-07T06:29:06.006,2026-08-07T06:28:48.606,2026-08-07T06:28:51.988,2026-08-07T06:28:51.989,0.0,3.38,0.0,14.02,17.4,19,6,1094,11808.0,2570.5,21.77,1.0,,9.314,7,0.1597,191
mc_20260807_0627_medium_000092,mc_20260807_0627_medium/task_0018,92,medium,2026-08-07T06:29:06.007,2026-08-07T06:29:24.003,2026-08-07T06:29:06.011,2026-08-07T06:29:09.996,2026-08-07T06:29:09.997,0.0,3.99,0.0,14.01,18.0,18,5,1121,11808.0,2148.0,18.19,1.0,,8.835,7,0.1345,210
mc_20260807_0627_medium_000093,mc_20260807_0627_medium/task_0018,93,medium,2026-08-07T06:29:24.004,2026-08-07T06:29:58.522,2026-08-07T06:29:24.007,2026-08-07T06:29:27.752,2026-08-07T06:29:27.752,0.0,3.74,0.0,30.77,34.52,21,8,1476,11808.0,4142.0,35.08,1.0,,8.827,8,0.1619,374
mc_20260807_0627_medium_000094,mc_20260807_0627_medium/task_0018,94,medium,2026-08-07T06:29:58.523,2026-08-07T06:30:30.918,2026-08-07T06:29:58.525,2026-08-07T06:30:01.192,2026-08-07T06:30:01.193,0.0,2.67,0.0,29.72,32.4,20,7,1575,11808.0,6528.0,55.28,1.0,,9.358,7,0.1689,551
mc_20260807_0627_medium_000095,mc_20260807_0627_medium/task_0019,95,medium,2026-08-07T06:28:31.570,2026-08-07T06:29:01.996,2026-08-07T06:28:31.575,2026-08-07T06:28:35.771,2026-08-07T06:28:35.780,0.01,4.2,0.01,26.22,30.43,21,8,1303,11808.0,3451.5,29.23,1.0,,8.983,7,0.153,282
mc_20260807_0627_medium_000096,mc_20260807_0627_medium/task_0019,96,medium,2026-08-07T06:29:02.002,2026-08-07T06:29:22.243,2026-08-07T06:29:02.007,2026-08-07T06:29:05.837,2026-08-07T06:29:05.838,0.0,3.83,0.0,16.41,20.24,20,7,1096,11808.0,4036.5,34.18,1.0,,9.471,7,0.1449,283
mc_20260807_0627_medium_000097,mc_20260807_0627_medium/task_0019,97,medium,2026-08-07T06:29:22.244,2026-08-07T06:29:58.126,2026-08-07T06:29:22.247,2026-08-07T06:29:25.571,2026-08-07T06:29:25.572,0.0,3.32,0.0,32.55,35.88,19,6,1551,11808.0,4383.0,37.12,1.0,,9.211,9,0.1336,409
mc_20260807_0627_medium_000098,mc_20260807_0627_medium/task_0019,98,medium,2026-08-07T06:29:58.127,2026-08-07T06:30:16.344,2026-08-07T06:29:58.131,2026-08-07T06:30:02.069,2026-08-07T06:30:02.070,0.0,3.94,0.0,14.27,18.22,16,3,1164,11808.0,4260.0,36.08,1.0,,8.692,7,0.1581,387
mc_20260807_0627_medium_000099,mc_20260807_0627_medium/task_0019,99,medium,2026-08-07T06:30:16.345,2026-08-07T06:30:35.827,2026-08-07T06:30:16.348,2026-08-07T06:30:19.401,2026-08-07T06:30:19.401,0.0,3.05,0.0,16.43,19.48,23,10,1242,11808.0,5071.0,42.95,1.0,,8.789,8,0.1409,418
mc_20260807_0627_high_000000,mc_20260807_0627_high/task_0000,0,high,2026-08-07T06:28:31.783,2026-08-07T06:28:58.202,2026-08-07T06:28:31.788,2026-08-07T06:28:39.007,2026-08-07T06:28:39.015,0.01,7.22,0.01,19.19,26.42,20,7,1172,23616.0,3022.5,12.8,1.0,,9.167,7,0.1588,251
mc_20260807_0627_high_000001,mc_20260807_0627_high/task_0000,1,high,2026-08-07T06:28:58.212,2026-08-07T06:29:19.167,2026-08-07T06:28:58.216,2026-08-07T06:29:07.060,2026-08-07T06:29:07.060,0.0,8.84,0.0,12.11,20.96,21,8,953,23616.0,2768.8,11.72,1.0,,9.389,7,0.1549,222
mc_20260807_0627_high_000002,mc_20260807_0627_high/task_0000,2,high,2026-08-07T06:29:19.168,2026-08-07T06:30:02.081,2026-08-07T06:29:19.171,2026-08-07T06:29:26.325,2026-08-07T06:29:26.325,0.0,7.15,0.0,35.76,42.91,22,9,1610,23616.0,6851.8,29.01,1.0,,9.29,7,0.1711,507
mc_20260807_0627_high_000003,mc_20260807_0627_high/task_0000,3,high,2026-08-07T06:30:02.082,2026-08-07T06:30:35.325,2026-08-07T06:30:02.086,2026-08-07T06:30:09.756,2026-08-07T06:30:09.756,0.0,7.67,0.0,25.57,33.24,25,12,1432,23616.0,7344.2,31.1,1.0,,8.576,8,0.1722,566
mc_20260807_0627_high_000004,mc_20260807_0627_high/task_0000,4,high,2026-08-07T06:30:35.325,2026-08-07T06:31:06.346,2026-08-07T06:30:35.328,2026-08-07T06:30:41.553,2026-08-07T06:30:41.553,0.0,6.22,0.0,24.79,31.02,23,10,1489,23616.0,6852.0,29.01,1.0,,8.739,8,0.1365,628
mc_20260807_0627_high_000005,mc_20260807_0627_high/task_0001,5,high,2026-08-07T06:28:32.594,2026-08-07T06:29:20.182,2026-08-07T06:28:32.599,2026-08-07T06:28:39.035,2026-08-07T06:28:39.043,0.0,6.44,0.01,41.14,47.59,22,9,1477,23616.0,7366.0,31.19,1.0,,8.732,7,0.1531,674
mc_20260807_0627_high_000010,mc_20260807_0627_high/task_0002,10,high,2026-08-07T06:28:33.165,2026-08-07T06:29:20.345,2026-08-07T06:28:33.170,2026-08-07T06:28:40.918,2026-08-07T06:28:40.926,0.0,7.75,0.01,39.42,47.18,28,15,1434,23616.0,6984.2,29.57,1.0,,8.989,7,0.1569,586
mc_20260807_0627_high_000011,mc_20260807_0627_high/task_0002,11,high,2026-08-07T06:29:20.349,2026-08-07T06:29:49.631,2026-08-07T06:29:20.353,2026-08-07T06:29:28.148,2026-08-07T06:29:28.149,0.0,7.79,0.0,21.48,29.28,21,8,1248,23616.0,3564.0,15.09,1.0,,9.288,7,0.1484,283
mc_20260807_0627_high_000012,mc_20260807_0627_high/task_0002,12,high,2026-08-07T06:29:49.632,2026-08-07T06:30:24.934,2026-08-07T06:29:49.636,2026-08-07T06:29:55.476,2026-08-07T06:29:55.476,0.0,5.84,0.0,29.46,35.3,25,12,1557,23616.0,8455.0,35.8,1.0,,9.162,7,0.1504,602
mc_20260807_0627_high_000013,mc_20260807_0627_high/task_0002,13,high,2026-08-07T06:30:24.935,2026-08-07T06:30:48.045,2026-08-07T06:30:24.938,2026-08-07T06:30:31.679,2026-08-07T06:30:31.680,0.0,6.74,0.0,16.37,23.11,28,15,1277,23616.0,7393.0,31.31,1.0,,8.758,7,0.1842,559
mc_20260807_0627_high_000014,mc_20260807_0627_high/task_0002,14,high,2026-08-07T06:30:48.046,2026-08-07T06:31:15.394,2026-08-07T06:30:48.049,2026-08-07T06:30:54.897,2026-08-07T06:30:54.898,0.0,6.85,0.0,20.5,27.35,25,12,1461,23616.0,7110.2,30.11,1.0,,9.209,7,0.1581,549
mc_20260807_0627_high_000015,mc_20260807_0627_high/task_0003,15,high,2026-08-07T06:28:33.202,2026-08-07T06:29:18.255,2026-08-07T06:28:33.209,2026-08-07T06:28:40.001,2026-08-07T06:28:40.010,0.01,6.79,0.01,38.25,45.05,27,14,1396,23616.0,6141.8,26.01,1.0,,8.775,8,0.1367,451
mc_20260807_0627_high_000016,mc_20260807_0627_high/task_0003,16,high,2026-08-07T06:29:18.261,2026-08-07T06:29:44.808,2026-08-07T06:29:18.265,2026-08-07T06:29:25.964,2026-08-07T06:29:25.965,0.0,7.7,0.0,18.84,26.55,22,9,1163,23616.0,4429.0,18.75,1.0,,9.134,7,0.1691,338
mc_20260807_0627_high_000017,mc_20260807_0627_high/task_0003,17,high,2026-08-07T06:29:44.809,2026-08-07T06:30:07.128,2026-08-07T06:29:44.812,2026-08-07T06:29:52.700,2026-08-07T06:29:52.700,0.0,7.89,0.0,14.43,22.32,19,6,1126,23616.0,3958.0,16.76,1.0,,9.274,8,0.1445,260
mc_20260807_0627_high_000018,mc_20260807_0627_high/task_0003,18,high,2026-08-07T06:30:07.129,2026-08-07T06:30:37.254,2026-08-07T06:30:07.132,2026-08-07T06:30:15.391,2026-08-07T06:30:15.392,0.0,8.26,0.0,21.86,30.12,21,8,1452,23616.0,4850.8,20.54,1.0,,9.015,7,0.1578,408
mc_20260807_0627_high_000019,mc_20260807_0627_high/task_0003,19,high,2026-08-07T06:30:37.255,2026-08-07T06:31:04.256,2026-08-07T06:30:37.257,2026-08-07T06:30:43.665,2026-08-07T06:30:43.666,0.0,6.41,0.0,20.59,27.0,25,12,1435,23616.0,7125.0,30.17,1.0,,9.321,7,0.1429,638
mc_20260807_0627_high_000020,mc_20260807_0627_high/task_0004,20,high,2026-08-07T06:28:34.191,2026-08-07T06:29:23.079,2026-08-07T06:28:34.197,2026-08-07T06:28:42.347,2026-08-07T06:28:42.356,0.01,8.15,0.01,40.72,48.89,33,20,1449,23616.0,6040.2,25.58,1.0,,9.093,7,0.134,467
mc_20260807_0627_high_000021,mc_20260807_0627_high/task_0004,21,high,2026-08-07T06:29:23.085,2026-08-07T06:30:06.172,2026-08-07T06:29:23.090,2026-08-07T06:29:31.220,2026-08-07T06:29:31.221,0.0,8.13,0.0,34.95,43.09,28,15,1592,23616.0,7875.5,33.35,1.0,,9.288,7,0.1529,664
mc_20260807_0627_high_000022,mc_20260807_0627_high/task_0004,22,high,2026-08-07T06:30:06.173,2026-08-07T06:30:37.650,2026-08-07T06:30:06.177,2026-08-07T06:30:13.808,2026-08-07T06:30:13.809,0.0,7.63,0.0,23.84,31.48,25,12,1456,23616.0,7533.0,31.9,1.0,,9.071,7,0.1644,580
mc_20260807_0627_high_000023,mc_20260807_0627_high/task_0004,23,high,2026-08-07T06:30:37.650,2026-08-07T06:31:03.338,2026-08-07T06:30:37.653,2026-08-07T06:30:44.439,2026-08-07T06:30:44.439,0.0,6.79,0.0,18.9,25.69,24,11,1232,23616.0,6036.0,25.56,1.0,,9.465,8,0.1479,477
mc_20260807_0627_high_000024,mc_20260807_0627_high/task_0004,24,high,2026-08-07T06:31:03.339,2026-08-07T06:31:21.632,2026-08-07T06:31:03.342,2026-08-07T06:31:12.359,2026-08-07T06:31:12.359,0.0,9.02,0.0,9.27,18.29,23,10,1140,23616.0,3354.2,14.2,1.0,,9.25,7,0.1642,246
mc_20260807_0627_high_000025,mc_20260807_0627_high/task_0005,25,high,2026-08-07T06:28:34.171,2026-08-07T06:29:19.182,2026-08-07T06:28:34.176,2026-08-07T06:28:42.885,2026-08-07T06:28:42.895,0.0,8.71,0.01,36.29,45.01,23,10,1311,23616.0,4817.5,20.4,1.0,,9.377,8,0.1496,371
mc_20260807_0627_high_000026,mc_20260807_0627_high/task_0005,26,high,2026-08-07T06:29:19.185,2026-08-07T06:29:42.101,2026-08-07T06:29:19.189,2026-08-07T06:29:26.616,2026-08-07T06:29:26.617,0.0,7.43,0.0,15.48,22.92,22,9,1144,23616.0,3167.0,13.41,1.0,,8.262,8,0.1589,262
mc_20260807_0627_high_000027,mc_20260807_0627_high/task_0005,27,high,2026-08-07T06:29:42.102,2026-08-07T06:30:15.911,2026-08-07T06:29:42.105,2026-08-07T06:29:50.207,2026-08-07T06:29:50.208,0.0,8.1,0.0,25.7,33.81,27,14,1487,23616.0,6949.0,29.42,1.0,,9.468,7,0.1641,537
mc_20260807_0627_high_000028,mc_20260807_0627_high/task_0005,28,high,2026-08-07T06:30:15.912,2026-08-07T06:30:38.335,2026-08-07T06:30:15.916,2026-08-07T06:30:23.289,2026-08-07T06:30:23.289,0.0,7.37,0.0,15.05,22.42,20,7,1185,23616.0,4615.0,19.54,1.0,,8.996,7,0.1501,360
mc_20260807_0627_high_000029,mc_20260807_0627_high/task_0005,29,high,2026-08-07T06:30:38.336,2026-08-07T06:31:13.851,2026-08-07T06:30:38.338,2026-08-07T06:30:44.871,2026-08-07T06:30:44.871,0.0,6.53,0.0,28.98,35.51,25,12,1594,23616.0,7315.5,30.98,1.0,,9.109,7,0.1525,574
mc_20260807_0627_high_000030,mc_20260807_0627_high/task_0006,30,high,2026-08-07T06:28:34.572,2026-08-07T06:29:18.279,2026-08-07T06:28:34.577,2026-08-07T06:28:41.354,2026-08-07T06:28:41.363,0.0,6.78,0.01,36.92,43.71,30,17,1327,23616.0,7469.0,31.63,1.0,,9.412,7,0.1694,544
mc_20260807_0627_high_000031,mc_20260807_0627_high/task_0006,31,high,2026-08-07T06:29:18.283,2026-08-07T06:29:57.954,2026-08-07T06:29:18.288,2026-08-07T06:29:25.233,2026-08-07T06:29:25.233,0.01,6.94,0.0,32.72,39.67,23,10,1500,23616.0,7398.0,31.33,1.0,,9.221,7,0.16,630
mc_20260807_0627_high_000032,mc_20260807_0627_high/task_0006,32,high,2026-08-07T06:29:57.955,2026-08-07T06:30:26.518,2026-08-07T06:29:57.958,2026-08-07T06:30:06.321,2026-08-07T06:30:06.322,0.0,8.36,0.0,20.2,28.56,25,12,1188,23616.0,3737.0,15.82,1.0,,9.323,7,0.1554,300
mc_20260807_0627_high_000033,mc_20260807_0627_high/task_0006,33,high,2026-08-07T06:30:26.519,2026-08-07T06:30:54.134,2026-08-07T06:30:26.523,2026-08-07T06:30:34.146,2026-08-07T06:30:34.147,0.0,7.62,0.0,19.99,27.61,21,8,1445,23616.0,5317.0,22.51,1.0,,8.894,8,0.1533,420
mc_20260807_0627_high_000034,mc_20260807_0627_high/task_0006,34,high,2026-08-07T06:30:54.134,2026-08-07T06:31:27.528,2026-08-07T06:30:54.137,2026-08-07T06:31:01.102,2026-08-07T06:31:01.102,0.0,6.96,0.0,26.43,33.39,22,9,1685,23616.0,8124.0,34.4,1.0,,8.687,8,0.157,646
mc_20260807_0627_high_000035,mc_20260807_0627_high/task_0007,35,high,2026-08-07T06:28:35.934,2026-08-07T06:28:59.100,2026-08-07T06:28:35.942,2026-08-07T06:28:44.545,2026-08-07T06:28:44.553,0.01,8.6,0.01,14.55,23.17,21,8,1028,23616.0,2779.0,11.77,1.0,,8.98,7,0.1523,204
mc_20260807_0627_high_000036,mc_20260807_0627_high/task_0007,36,high,2026-08-07T06:28:59.104,2026-08-07T06:29:25.526,2026-08-07T06:28:59.109,2026-08-07T06:29:07.313,2026-08-07T06:29:07.314,0.01,8.2,0.0,18.21,26.42,25,12,1318,23616.0,4944.2,20.94,1.0,,9.045,7,0.1574,408
mc_20260807_0627_high_000037,mc_20260807_0627_high/task_0007,37,high,2026-08-07T06:29:25.527,2026-08-07T06:29:48.241,2026-08-07T06:29:25.530,2026-08-07T06:29:31.881,2026-08-07T06:29:31.881,0.0,6.35,0.0,16.36,22.71,23,10,1187,23616.0,5629.5,23.84,1.0,,8.846,7,0.1588,457
mc_20260807_0627_high_000038,mc_20260807_0627_high/task_0007,38,high,2026-08-07T06:29:48.241,2026-08-07T06:30:19.582,2026-08-07T06:29:48.244,2026-08-07T06:29:54.492,2026-08-07T06:29:54.493,0.0,6.25,0.0,25.09,31.34,23,10,1463,23616.0,8039.0,34.04,1.0,,9.111,7,0.1688,688
mc_20260807_0627_high_000039,mc_20260807_0627_high/task_0007,39,high,2026-08-07T06:30:19.583,2026-08-07T06:30:43.785,2026-08-07T06:30:19.586,2026-08-07T06:30:26.395,2026-08-07T06:30:26.395,0.0,6.81,0.0,17.39,24.2,24,11,1248,23616.0,6551.0,27.74,1.0,,9.279,7,0.1399,535
mc_20260807_0627_high_000040,mc_20260807_0627_high/task_0008,40,high,2026-08-07T06:28:34.907,2026-08-07T06:29:17.307,2026-08-07T06:28:34.911,2026-08-07T06:28:42.232,2026-08-07T06:28:42.240,0.0,7.32,0.01,35.07,42.4,25,12,1340,23616.0,5465.0,23.14,1.0,,8.751,7,0.1403,445
mc_20260807_0627_high_000041,mc_20260807_0627_high/task_0008,41,high,2026-08-07T06:29:17.310,2026-08-07T06:29:55.032,2026-08-07T06:29:17.315,2026-08-07T06:29:24.902,2026-08-07T06:29:24.903,0.01,7.59,0.0,30.13,37.72,22,9,1511,23616.0,5842.8,24.74,1.0,,8.925,7,0.1398,498
mc_20260807_0627_high_000042,mc_20260807_0627_high/task_0008,42,high,2026-08-07T06:29:55.033,2026-08-07T06:30:31.106,2026-08-07T06:29:55.037,2026-08-07T06:30:01.749,2026-08-07T06:30:01.749,0.0,6.71,0.0,29.36,36.07,27,14,1555,23616.0,9359.0,39.63,1.0,,8.614,8,0.1533,820
mc_20260807_0627_high_000043,mc_20260807_0627_high/task_0008,43,high,2026-08-07T06:30:31.107,2026-08-07T06:30:56.091,2026-08-07T06:30:31.110,2026-08-07T06:30:39.733,2026-08-07T06:30:39.734,0.0,8.62,0.0,16.36,24.98,27,14,1197,23616.0,4581.5,19.4,1.0,,9.279,8,0.1336,390
mc_20260807_0627_high_000044,mc_20260807_0627_high/task_0008,44,high,2026-08-07T06:30:56.092,2026-08-07T06:31:21.970,2026-08-07T06:30:56.094,2026-08-07T06:31:03.773,2026-08-07T06:31:03.773,0.0,7.68,0.0,18.2,25.88,22,9,1414,23616.0,5388.2,22.82,1.0,,9.035,7,0.1751,483
mc_20260807_0627_high_000045,mc_20260807_0627_high/task_0009,45,high,2026-08-07T06:28:35.157,2026-08-07T06:29:32.933,2026-08-07T06:28:35.162,2026-08-07T06:28:41.461,2026-08-07T06:28:41.470,0.0,6.3,0.01,51.46,57.78,24,11,1746,23616.0,9194.8,38.93,1.0,,8.92,7,0.1545,734
mc_20260807_0627_high_000046,mc_20260807_0627_high/task_0009,46,high,2026-08-07T06:29:32.937,2026-08-07T06:30:04.337,2026-08-07T06:29:32.940,2026-08-07T06:29:41.415,2026-08-07T06:29:41.416,0.0,8.47,0.0,22.92,31.4,22,9,1266,23616.0,4215.0,17.85,1.0,,9.139,9,0.1336,341
mc_20260807_0627_high_000047,mc_20260807_0627_high/task_0009,47,high,2026-08-07T06:30:04.338,2026-08-07T06:30:38.630,2026-08-07T06:30:04.341,2026-08-07T06:30:10.860,2026-08-07T06:30:10.861,0.0,6.52,0.0,27.77,34.29,24,11,1485,23616.0,8004.0,33.89,1.0,,9.18,8,0.1294,681
mc_20260807_0627_high_000048,mc_20260807_0627_high/task_0009,48,high,2026-08-07T06:30:38.630,2026-08-07T06:31:09.564,2026-08-07T06:30:38.633,2026-08-07T06:30:45.796,2026-08-07T06:30:45.797,0.0,7.16,0.0,23.77,30.93,27,14,1358,23616.0,6710.0,28.41,1.0,,9.205,7,0.1486,516
mc_20260807_0627_high_000049,mc_20260807_0627_high/task_0009,49,high,2026-08-07T06:31:09.565,2026-08-07T06:31:32.065,2026-08-07T06:31:09.568,2026-08-07T06:31:16.646,2026-08-07T06:31:16.647,0.0,7.08,0.0,15.42,22.5,24,11,1336,23616.0,6220.0,26.34,1.0,,9.368,7,0.1492,486
mc_20260807_0627_high_000050,mc_20260807_0627_high/task_0010,50,high,2026-08-07T06:28:35.772,2026-08-07T06:29:24.869,2026-08-07T06:28:35.777,2026-08-07T06:28:43.283,2026-08-07T06:28:43.291,0.0,7.51,0.01,41.58,49.1,20,7,1498,23616.0,5554.0,23.52,1.0,,9.283,7,0.1658,415
mc_20260807_0627_high_000051,mc_20260807_0627_high/task_0010,51,high,2026-08-07T06:29:24.872,2026-08-07T06:29:56.386,2026-08-07T06:29:24.875,2026-08-07T06:29:33.454,2026-08-07T06:29:33.454,0.0,8.58,0.0,22.93,31.51,25,12,1269,23616.0,4834.8,20.47,1.0,,8.801,7,0.1516,352
mc_20260807_0627_high_000052,mc_20260807_0627_high/task_0010,52,high,2026-08-07T06:29:56.387,2026-08-07T06:30:19.161,2026-08-07T06:29:56.390,2026-08-07T06:30:04.900,2026-08-07T06:30:04.900,0.0,8.51,0.0,14.26,22.77,22,9,1051,23616.0,5169.2,21.89,1.0,,9.106,7,0.1515,386
mc_20260807_0627_high_000053,mc_20260807_0627_high/task_0010,53,high,2026-08-07T06:30:19.162,2026-08-07T06:30:44.097,2026-08-07T06:30:19.166,2026-08-07T06:30:26.596,2026-08-07T06:30:26.596,0.0,7.43,0.0,17.5,24.94,19,6,1276,23616.0,3943.0,16.7,1.0,,9.05,8,0.1538,332
mc_20260807_0627_high_000054,mc_20260807_0627_high/task_0010,54,high,2026-08-07T06:30:44.098,2026-08-07T06:31:07.549,2026-08-07T06:30:44.101,2026-08-07T06:30:51.861,2026-08-07T06:30:51.861,0.0,7.76,0.0,15.69,23.45,20,7,1229,23616.0,3349.0,14.18,1.0,,8.638,7,0.1521,300
mc_20260807_0627_high_000055,mc_20260807_0627_high/task_0011,55,high,2026-08-07T06:28:36.028,2026-08-07T06:28:57.562,2026-08-07T06:28:36.032,2026-08-07T06:28:44.465,2026-08-07T06:28:44.474,0.0,8.43,0.01,13.09,21.53,18,5,986,23616.0,2528.5,10.71,1.0,,8.473,8,0.1743,175
mc_20260807_0627_high_000056,mc_20260807_0627_high/task_0011,56,high,2026-08-07T06:28:57.566,2026-08-07T06:29:27.011,2026-08-07T06:28:57.571,2026-08-07T06:29:05.329,2026-08-07T06:29:05.330,0.01,7.76,0.0,21.68,29.45,21,8,1278,23616.0,5018.8,21.25,1.0,,9.104,7,0.1628,408
mc_20260807_0627_high_000057,mc_20260807_0627_high/task_0011,57,high,2026-08-07T06:29:27.012,2026-08-07T06:30:02.556,2026-08-07T06:29:27.016,2026-08-07T06:29:34.398,2026-08-07T06:29:34.399,0.0,7.38,0.0,28.16,35.54,21,8,1463,23616.0,6247.0,26.45,1.0,,8.896,7,0.1487,494
mc_20260807_0627_high_000058,mc_20260807_0627_high/task_0011,58,high,2026-08-07T06:30:02.557,2026-08-07T06:30:38.255,2026-08-07T06:30:02.560,2026-08-07T06:30:10.490,2026-08-07T06:30:10.491,0.0,7.93,0.0,27.76,35.7,21,8,1491,23616.0,5056.0,21.41,1.0,,9.333,7,0.1445,393
mc_20260807_0627_high_000059,mc_20260807_0627_high/task_0011,59,high,2026-08-07T06:30:38.256,2026-08-07T06:31:05.567,2026-08-07T06:30:38.259,2026-08-07T06:30:44.330,2026-08-07T06:30:44.331,0.0,6.07,0.0,21.24,27.31,19,6,1351,23616.0,5619.0,23.79,1.0,,9.091,9,0.1423,527
mc_20260807_0627_high_000060,mc_20260807_0627_high/task_0012,60,high,2026-08-07T06:28:36.087,2026-08-07T06:29:05.783,2026-08-07T06:28:36.092,2026-08-07T06:28:43.550,2026-08-07T06:28:43.559,0.0,7.46,0.01,22.22,29.7,22,9,1135,23611.0,5193.5,22.0,1.0,,9.093,8,0.1362,413
mc_20260807_0627_high_000061,mc_20260807_0627_high/task_0012,61,high,2026-08-07T06:29:05.787,2026-08-07T06:29:34.616,2026-08-07T06:29:05.793,2026-08-07T06:29:14.258,2026-08-07T06:29:14.259,0.01,8.47,0.0,20.36,28.83,28,15,1412,23616.0,5338.2,22.6,1.0,,8.846,8,0.1432,449
mc_20260807_0627_high_000062,mc_20260807_0627_high/task_0012,62,high,2026-08-07T06:29:34.617,2026-08-07T06:30:09.489,2026-08-07T06:29:34.622,2026-08-07T06:29:41.732,2026-08-07T06:29:41.733,0.0,7.11,0.0,27.76,34.87,23,10,1559,23616.0,7939.2,33.62,1.0,,8.611,8,0.1363,584
mc_20260807_0627_high_000063,mc_20260807_0627_high/task_0012,63,high,2026-08-07T06:30:09.490,2026-08-07T06:30:39.046,2026-08-07T06:30:09.494,2026-08-07T06:30:16.686,2026-08-07T06:30:16.686,0.0,7.19,0.0,22.36,29.56,24,11,1434,23616.0,8651.5,36.63,1.0,,9.899,7,0.1773,631
mc_20260807_0627_high_000064,mc_20260807_0627_high/task_0012,64,high,2026-08-07T06:30:39.047,2026-08-07T06:31:01.707,2026-08-07T06:30:39.050,2026-08-07T06:30:46.098,2026-08-07T06:30:46.099,0.0,7.05,0.0,15.61,22.66,21,8,1162,23616.0,4362.0,18.47,1.0,,9.055,7,0.1756,338
mc_20260807_0627_high_000065,mc_20260807_0627_high/task_0013,65,high,2026-08-07T06:28:38.352,2026-08-07T06:29:04.523,2026-08-07T06:28:38.358,2026-08-07T06:28:46.297,2026-08-07T06:28:46.306,0.01,7.94,0.01,18.22,26.17,26,13,1180,23616.0,3748.5,15.87,1.0,,9.052,8,0.1314,261
mc_20260807_0627_high_000066,mc_20260807_0627_high/task_0013,66,high,2026-08-07T06:29:04.526,2026-08-07T06:29:24.368,2026-08-07T06:29:04.530,2026-08-07T06:29:13.315,2026-08-07T06:29:13.316,0.0,8.79,0.0,11.05,19.84,18,5,1014,23616.0,2178.0,9.22,1.0,,9.109,8,0.1492,184
mc_20260807_0627_high_000067,mc_20260807_0627_high/task_0013,67,high,2026-08-07T06:29:24.369,2026-08-07T06:29:51.417,2026-08-07T06:29:24.372,2026-08-07T06:29:31.167,2026-08-07T06:29:31.167,0.0,6.8,0.0,20.25,27.05,23,10,1409,23616.0,6353.0,26.9,1.0,,9.22,7,0.1664,519
mc_20260807_0627_high_000068,mc_20260807_0627_high/task_0013,68,high,2026-08-07T06:29:51.418,2026-08-07T06:30:19.185,2026-08-07T06:29:51.421,2026-08-07T06:29:57.721,2026-08-07T06:29:57.721,0.0,6.3,0.0,21.46,27.77,26,13,1444,23616.0,5962.5,25.25,1.0,,9.421,7,0.1758,532
mc_20260807_0627_high_000069,mc_20260807_0627_high/task_0013,69,high,2026-08-07T06:30:19.186,2026-08-07T06:30:38.840,2026-08-07T06:30:19.188,2026-08-07T06:30:27.226,2026-08-07T06:30:27.226,0.0,8.04,0.0,11.61,19.65,20,7,1037,23616.0,1981.0,8.39,1.0,,9.125,8,0.1458,152
mc_20260807_0627_high_000070,mc_20260807_0627_high/task_0014,70,high,2026-08-07T06:28:38.453,2026-08-07T06:29:35.082,2026-08-07T06:28:38.458,2026-08-07T06:28:44.954,2026-08-07T06:28:44.962,0.0,6.5,0.01,50.12,56.63,25,12,1774,23616.0,8401.0,35.57,1.0,,8.963,7,0.1585,698
mc_20260807_0627_high_000071,mc_20260807_0627_high/task_0014,71,high,2026-08-07T06:29:35.086,2026-08-07T06:30:05.194,2026-08-07T06:29:35.091,2026-08-07T06:29:42.958,2026-08-07T06:29:42.959,0.0,7.87,0.0,22.23,30.11,22,9,1413,23616.0,6589.0,27.9,1.0,,9.153,7,0.158,519
mc_20260807_0627_high_000072,mc_20260807_0627_high/task_0014,72,high,2026-08-07T06:30:05.195,2026-08-07T06:30:30.463,2026-08-07T06:30:05.198,2026-08-07T06:30:14.676,2026-08-07T06:30:14.677,0.0,9.48,0.0,15.79,25.27,22,9,1214,23616.0,2889.0,12.23,1.0,,9.188,8,0.1351,252
mc_20260807_0627_high_000073,mc_20260807_0627_high/task_0014,73,high,2026-08-07T06:30:30.464,2026-08-07T06:30:52.219,2026-08-07T06:30:30.467,2026-08-07T06:30:38.792,2026-08-07T06:30:38.793,0.0,8.33,0.0,13.43,21.75,22,9,1068,23612.0,1783.5,7.55,1.0,,9.188,7,0.1339,141
mc_20260807_0627_high_000074,mc_20260807_0627_high/task_0014,74,high,2026-08-07T06:30:52.219,2026-08-07T06:31:22.110,2026-08-07T06:30:52.222,2026-08-07T06:30:59.069,2026-08-07T06:30:59.070,0.0,6.85,0.0,23.04,29.89,19,6,1427,23616.0,5533.5,23.43,1.0,,9.039,8,0.1445,493
mc_20260807_0627_high_000075,mc_20260807_0627_high/task_0015,75,high,2026-08-07T06:28:38.986,2026-08-07T06:29:26.417,2026-08-07T06:28:38.991,2026-08-07T06:28:44.748,2026-08-07T06:28:44.757,0.0,5.76,0.01,41.66,47.43,23,10,1583,23616.0,7425.5,31.44,1.0,,9.126,7,0.1588,635
mc_20260807_0627_high_000076,mc_20260807_0627_high/task_0015,76,high,2026-08-07T06:29:26.423,2026-08-07T06:30:01.230,2026-08-07T06:29:26.427,2026-08-07T06:29:34.092,2026-08-07T06:29:34.093,0.0,7.67,0.0,27.14,34.81,25,12,1332,23616.0,5564.5,23.56,1.0,,9.446,7,0.1632,503
mc_20260807_0627_high_000077,mc_20260807_0627_high/task_0015,77,high,2026-08-07T06:30:01.231,2026-08-07T06:30:29.309,2026-08-07T06:30:01.234,2026-08-07T06:30:08.706,2026-08-07T06:30:08.707,0.0,7.47,0.0,20.6,28.08,23,10,1419,23616.0,6804.0,28.81,1.0,,9.067,8,0.1467,510
mc_20260807_0627_high_000078,mc_20260807_0627_high/task_0015,78,high,2026-08-07T06:30:29.310,2026-08-07T06:30:58.009,2026-08-07T06:30:29.314,2026-08-07T06:30:35.427,2026-08-07T06:30:35.428,0.0,6.11,0.0,22.58,28.7,22,9,1555,23616.0,7696.0,32.59,1.0,,9.281,7,0.1557,652
mc_20260807_0627_high_000079,mc_20260807_0627_high/task_0015,79,high,2026-08-07T06:30:58.010,2026-08-07T06:31:14.954,2026-08-07T06:30:58.014,2026-08-07T06:31:06.278,2026-08-07T06:31:06.279,0.0,8.26,0.0,8.68,16.94,21,8,1075,23616.0,3311.8,14.02,1.0,,8.926,7,0.1561,257
mc_20260807_0627_high_000080,mc_20260807_0627_high/task_0016,80,high,2026-08-07T06:29:12.406,2026-08-07T06:29:41.437,2026-08-07T06:29:12.411,2026-08-07T06:29:20.199,2026-08-07T06:29:20.208,0.01,7.79,0.01,21.23,29.03,22,9,1465,23616.0,6398.0,27.09,1.0,,9.141,7,0.1567,487
mc_20260807_0627_high_000081,mc_20260807_0627_high/task_0016,81,high,2026-08-07T06:29:41.443,2026-08-07T06:29:58.623,2026-08-07T06:29:41.446,2026-08-07T06:29:48.559,2026-08-07T06:29:48.559,0.0,7.11,0.0,10.06,17.18,22,9,1073,23616.0,2737.0,11.59,1.0,,9.49,7,0.18,222
mc_20260807_0627_high_000082,mc_20260807_0627_high/task_0016,82,high,2026-08-07T06:29:58.624,2026-08-07T06:30:24.059,2026-08-07T06:29:58.627,2026-08-07T06:30:05.455,2026-08-07T06:30:05.455,0.0,6.83,0.0,18.6,25.43,29,16,1450,23616.0,5932.2,25.12,1.0,,9.222,8,0.1482,457
mc_20260807_0627_high_000083,mc_20260807_0627_high/task_0016,83,high,2026-08-07T06:30:24.060,2026-08-07T06:30:46.770,2026-08-07T06:30:24.062,2026-08-07T06:30:31.158,2026-08-07T06:30:31.158,0.0,7.1,0.0,15.61,22.71,21,8,1325,23616.0,4524.0,19.16,1.0,,8.798,7,0.1417,369
mc_20260807_0627_high_000084,mc_20260807_0627_high/task_0016,84,high,2026-08-07T06:30:46.770,2026-08-07T06:31:03.721,2026-08-07T06:30:46.773,2026-08-07T06:30:54.409,2026-08-07T06:30:54.409,0.0,7.64,0.0,9.31,16.95,20,7,1018,23616.0,3203.0,13.56,1.0,,9.032,7,0.1413,222
mc_20260807_0627_high_000085,mc_20260807_0627_high/task_0017,85,high,2026-08-07T06:29:20.079,2026-08-07T06:29:46.774,2026-08-07T06:29:20.084,2026-08-07T06:29:26.455,2026-08-07T06:29:26.463,0.01,6.37,0.01,20.31,26.7,23,10,1425,23616.0,7134.5,30.21,1.0,,9.109,7,0.1638,612
mc_20260807_0627_high_000086,mc_20260807_0627_high/task_0017,86,high,2026-08-07T06:29:46.777,2026-08-07T06:30:11.065,2026-08-07T06:29:46.780,2026-08-07T06:29:53.927,2026-08-07T06:29:53.927,0.0,7.15,0.0,17.14,24.29,27,14,1371,23616.0,5880.0,24.9,1.0,,8.809,7,0.1458,493
mc_20260807_0627_high_000087,mc_20260807_0627_high/task_0017,87,high,2026-08-07T06:30:11.066,2026-08-07T06:30:29.844,2026-08-07T06:30:11.069,2026-08-07T06:30:18.509,2026-08-07T06:30:18.509,0.0,7.44,0.0,11.33,18.78,21,8,1123,23616.0,2928.0,12.4,1.0,,8.928,7,0.1605,247
mc_20260807_0627_high_000088,mc_20260807_0627_high/task_0017,88,high,2026-08-07T06:30:29.845,2026-08-07T06:30:51.074,2026-08-07T06:30:29.847,2026-08-07T06:30:37.360,2026-08-07T06:30:37.360,0.0,7.51,0.0,13.71,21.23,24,11,1257,23616.0,4835.2,20.47,1.0,,8.987,7,0.1643,410
mc_20260807_0627_high_000089,mc_20260807_0627_high/task_0017,89,high,2026-08-07T06:30:51.075,2026-08-07T06:31:16.684,2026-08-07T06:30:51.077,2026-08-07T06:30:57.418,2026-08-07T06:30:57.419,0.0,6.34,0.0,19.27,25.61,27,14,1492,23616.0,8191.0,34.68,1.0,,8.956,7,0.1653,678
mc_20260807_0627_high_000090,mc_20260807_0627_high/task_0018,90,high,2026-08-07T06:29:22.353,2026-08-07T06:29:44.775,2026-08-07T06:29:22.358,2026-08-07T06:29:29.214,2026-08-07T06:29:29.222,0.0,6.86,0.01,15.55,22.42,22,9,1228,23616.0,4764.5,20.17,1.0,,9.221,7,0.1753,335
mc_20260807_0627_high_000091,mc_20260807_0627_high/task_0018,91,high,2026-08-07T06:29:44.777,2026-08-07T06:30:12.391,2026-08-07T06:29:44.780,2026-08-07T06:29:52.033,2026-08-07T06:29:52.034,0.0,7.25,0.0,20.36,27.61,26,13,1489,23616.0,6079.0,25.74,1.0,,9.314,7,0.1597,586
mc_20260807_0627_high_000092,mc_20260807_0627_high/task_0018,92,high,2026-08-07T06:30:12.391,2026-08-07T06:30:38.372,2026-08-07T06:30:12.394,2026-08-07T06:30:18.418,2026-08-07T06:30:18.419,0.0,6.02,0.0,19.95,25.98,26,13,1489,23616.0,7353.5,31.14,1.0,,8.835,7,0.1345,578
mc_20260807_0627_high_000093,mc_20260807_0627_high/task_0018,93,high,2026-08-07T06:30:38.372,2026-08-07T06:31:06.424,2026-08-07T06:30:38.375,2026-08-07T06:30:45.749,2026-08-07T06:30:45.749,0.0,7.37,0.0,20.67,28.05,22,9,1537,23616.0,6019.5,25.49,1.0,,8.827,8,0.1619,435
mc_20260807_0627_high_000094,mc_20260807_0627_high/task_0018,94,high,2026-08-07T06:31:06.424,2026-08-07T06:31:32.742,2026-08-07T06:31:06.427,2026-08-07T06:31:12.579,2026-08-07T06:31:12.580,0.0,6.15,0.0,20.16,26.32,20,7,1542,23616.0,6695.0,28.35,1.0,,9.358,7,0.1689,518
mc_20260807_0627_high_000095,mc_20260807_0627_high/task_0019,95,high,2026-08-07T06:29:22.684,2026-08-07T06:29:53.057,2026-08-07T06:29:22.689,2026-08-07T06:29:29.603,2026-08-07T06:29:29.611,0.01,6.91,0.01,23.45,30.37,24,11,1550,23616.0,6967.0,29.5,1.0,,8.983,7,0.153,529
mc_20260807_0627_high_000096,mc_20260807_0627_high/task_0019,96,high,2026-08-07T06:29:53.060,2026-08-07T06:30:17.370,2026-08-07T06:29:53.063,2026-08-07T06:29:59.749,2026-08-07T06:29:59.750,0.0,6.69,0.0,17.62,24.31,23,10,1405,23616.0,6236.2,26.41,1.0,,9.471,7,0.1449,592
mc_20260807_0627_high_000097,mc_20260807_0627_high/task_0019,97,high,2026-08-07T06:30:17.370,2026-08-07T06:30:45.463,2026-08-07T06:30:17.373,2026-08-07T06:30:24.404,2026-08-07T06:30:24.405,0.0,7.03,0.0,21.06,28.09,22,9,1539,23616.0,4820.0,20.41,1.0,,9.211,9,0.1336,397
mc_20260807_0627_high_000098,mc_20260807_0627_high/task_0019,98,high,2026-08-07T06:30:45.463,2026-08-07T06:31:04.614,2026-08-07T06:30:45.466,2026-08-07T06:30:52.177,2026-08-07T06:30:52.178,0.0,6.71,0.0,12.44,19.15,22,9,1193,23616.0,5305.0,22.46,1.0,,8.692,7,0.1581,416
mc_20260807_0627_high_000099,mc_20260807_0627_high/task_0019,99,high,2026-08-07T06:31:04.614,2026-08-07T06:31:23.328,2026-08-07T06:31:04.617,2026-08-07T06:31:11.733,2026-08-07T06:31:11.733,0.0,7.12,0.0,11.59,18.71,24,11,1162,23616.0,4338.5,18.37,1.0,,8.789,8,0.1409,338
