trial_id,run_id,seed,band_lo_km,band_hi_km,angle_deg,target_mw,delivered_mw,fraction_used,n_tries,success,template,turbine_attempted
mc_20260807_0627_high_000080,mc_20260807_0627_high/task_0016,80,30,45,0,780,0.0,0.0,160,False,,Haliade-X 13MW
mc_20260807_0627_high_000080,mc_20260807_0627_high/task_0016,80,90,110,300,132,0.0,0.0,160,False,,DTU10MW
mc_20260807_0627_high_000080,mc_20260807_0627_high/task_0016,80,45,60,30,780,585.0,0.75,44,True,staircase_9corners,Haliade-X 15.5MW
mc_20260807_0627_high_000080,mc_20260807_0627_high/task_0016,80,75,90,240,2080,2080.0,1.0,15,True,staircase_8corners,Haliade-X 13MW
mc_20260807_0627_high_000080,mc_20260807_0627_high/task_0016,80,75,90,180,806,0.0,0.0,160,False,,Haliade-X 15.5MW
mc_20260807_0627_high_000080,mc_20260807_0627_high/task_0016,80,10,20,300,806,0.0,0.0,160,False,,Haliade-X 13MW
mc_20260807_0627_high_000080,mc_20260807_0627_high/task_0016,80,10,20,270,132,0.0,0.0,160,False,,Haliade-X 13MW
mc_20260807_0627_high_000080,mc_20260807_0627_high/task_0016,80,20,30,90,572,572.0,1.0,1,True,staircase_7corners,Haliade-X 13MW
mc_20260807_0627_high_000080,mc_20260807_0627_high/task_0016,80,75,90,240,1833,0.0,0.0,160,False,,Haliade-X 15.5MW
mc_20260807_0627_high_000080,mc_20260807_0627_high/task_0016,80,75,90,210,572,0.0,0.0,160,False,,Haliade-X 13MW
mc_20260807_0627_high_000080,mc_20260807_0627_high/task_0016,80,20,30,120,780,195.0,0.25,123,True,staircase_7corners,DTU10MW
mc_20260807_0627_high_000080,mc_20260807_0627_high/task_0016,80,90,110,270,2080,1040.0,0.5,115,True,staircase_10corners,Haliade-X 13MW
mc_20260807_0627_high_000080,mc_20260807_0627_high/task_0016,80,75,90,300,780,585.0,0.75,64,True,staircase_7corners,DTU10MW
mc_20260807_0627_high_000080,mc_20260807_0627_high/task_0016,80,3,10,300,30,0.0,0.0,40,False,,DTU10MW
mc_20260807_0627_high_000080,mc_20260807_0627_high/task_0016,80,75,90,0,806,0.0,0.0,160,False,,DTU10MW
mc_20260807_0627_high_000080,mc_20260807_0627_high/task_0016,80,45,60,90,132,132.0,1.0,1,True,staircase_9corners,Haliade-X 13MW
mc_20260807_0627_high_000080,mc_20260807_0627_high/task_0016,80,30,45,60,715,0.0,0.0,160,False,,Haliade-X 15.5MW
mc_20260807_0627_high_000080,mc_20260807_0627_high/task_0016,80,30,45,30,572,0.0,0.0,160,False,,DTU10MW
mc_20260807_0627_high_000080,mc_20260807_0627_high/task_0016,80,75,90,210,572,0.0,0.0,160,False,,Haliade-X 13MW
mc_20260807_0627_high_000080,mc_20260807_0627_high/task_0016,80,90,110,90,806,806.0,1.0,4,True,staircase_8corners,Haliade-X 15.5MW
mc_20260807_0627_high_000080,mc_20260807_0627_high/task_0016,80,60,75,210,2080,0.0,0.0,160,False,,DTU10MW
mc_20260807_0627_high_000080,mc_20260807_0627_high/task_0016,80,60,75,240,2080,0.0,0.0,160,False,,Haliade-X 13MW
mc_20260807_0627_high_000080,mc_20260807_0627_high/task_0016,80,90,110,330,132,0.0,0.0,160,False,,DTU10MW
mc_20260807_0627_high_000080,mc_20260807_0627_high/task_0016,80,45,60,300,806,403.0,0.5,118,True,staircase_6corners,Haliade-X 15.5MW
mc_20260807_0627_high_000080,mc_20260807_0627_high/task_0016,80,130,150,180,924,0.0,0.0,160,False,,Haliade-X 13MW
mc_20260807_0627_high_000080,mc_20260807_0627_high/task_0016,80,3,10,150,715,0.0,0.0,160,False,,Haliade-X 15.5MW
mc_20260807_0627_high_000080,mc_20260807_0627_high/task_0016,80,30,45,270,806,0.0,0.0,160,False,,DTU10MW
mc_20260807_0627_high_000080,mc_20260807_0627_high/task_0016,80,60,75,180,132,0.0,0.0,160,False,,DTU10MW
mc_20260807_0627_high_000080,mc_20260807_0627_high/task_0016,80,75,90,330,175.0,0.0,0.0,160,False,,Haliade-X 13MW
mc_20260807_0627_high_000081,mc_20260807_0627_high/task_0016,81,10,20,240,30,0.0,0.0,40,False,,DTU10MW
mc_20260807_0627_high_000081,mc_20260807_0627_high/task_0016,81,75,90,150,780,0.0,0.0,160,False,,DTU10MW
mc_20260807_0627_high_000081,mc_20260807_0627_high/task_0016,81,3,10,150,30,0.0,0.0,40,False,,Haliade-X 13MW
mc_20260807_0627_high_000081,mc_20260807_0627_high/task_0016,81,60,75,30,2080,0.0,0.0,160,False,,Haliade-X 13MW
mc_20260807_0627_high_000081,mc_20260807_0627_high/task_0016,81,45,60,300,2080,0.0,0.0,160,False,,Haliade-X 15.5MW
mc_20260807_0627_high_000081,mc_20260807_0627_high/task_0016,81,45,60,120,30,30.0,1.0,1,True,staircase_10corners,DTU10MW
mc_20260807_0627_high_000081,mc_20260807_0627_high/task_0016,81,20,30,210,132,0.0,0.0,160,False,,Haliade-X 15.5MW
mc_20260807_0627_high_000081,mc_20260807_0627_high/task_0016,81,45,60,0,924,231.0,0.25,134,True,staircase_10corners,DTU10MW
mc_20260807_0627_high_000081,mc_20260807_0627_high/task_0016,81,3,10,30,924,0.0,0.0,160,False,,DTU10MW
mc_20260807_0627_high_000081,mc_20260807_0627_high/task_0016,81,130,150,180,2080,0.0,0.0,160,False,,DTU10MW
mc_20260807_0627_high_000081,mc_20260807_0627_high/task_0016,81,60,75,150,132,99.0,0.75,63,True,staircase_7corners,Haliade-X 13MW
mc_20260807_0627_high_000081,mc_20260807_0627_high/task_0016,81,10,20,30,806,403.0,0.5,83,True,staircase_6corners,Haliade-X 15.5MW
mc_20260807_0627_high_000081,mc_20260807_0627_high/task_0016,81,45,60,270,2080,0.0,0.0,160,False,,Haliade-X 13MW
mc_20260807_0627_high_000081,mc_20260807_0627_high/task_0016,81,60,75,60,132,132.0,1.0,1,True,staircase_6corners,Haliade-X 13MW
mc_20260807_0627_high_000081,mc_20260807_0627_high/task_0016,81,3,10,150,572,0.0,0.0,160,False,,Haliade-X 13MW
mc_20260807_0627_high_000081,mc_20260807_0627_high/task_0016,81,60,75,90,572,572.0,1.0,1,True,staircase_9corners,Haliade-X 13MW
mc_20260807_0627_high_000081,mc_20260807_0627_high/task_0016,81,60,75,330,572,0.0,0.0,160,False,,Haliade-X 15.5MW
mc_20260807_0627_high_000081,mc_20260807_0627_high/task_0016,81,10,20,300,924,0.0,0.0,160,False,,Haliade-X 13MW
mc_20260807_0627_high_000081,mc_20260807_0627_high/task_0016,81,75,90,300,572,143.0,0.25,136,True,staircase_8corners,Haliade-X 15.5MW
mc_20260807_0627_high_000081,mc_20260807_0627_high/task_0016,81,90,110,180,1833,0.0,0.0,160,False,,Haliade-X 13MW
mc_20260807_0627_high_000081,mc_20260807_0627_high/task_0016,81,130,150,330,2080,0.0,0.0,160,False,,Haliade-X 15.5MW
mc_20260807_0627_high_000081,mc_20260807_0627_high/task_0016,81,3,10,30,780,0.0,0.0,160,False,,DTU10MW
mc_20260807_0627_high_000081,mc_20260807_0627_high/task_0016,81,20,30,240,132,0.0,0.0,160,False,,Haliade-X 15.5MW
mc_20260807_0627_high_000081,mc_20260807_0627_high/task_0016,81,30,45,90,780,780.0,1.0,1,True,staircase_10corners,DTU10MW
mc_20260807_0627_high_000081,mc_20260807_0627_high/task_0016,81,90,110,210,132,0.0,0.0,160,False,,DTU10MW
mc_20260807_0627_high_000081,mc_20260807_0627_high/task_0016,81,10,20,330,2080,0.0,0.0,160,False,,Haliade-X 15.5MW
mc_20260807_0627_high_000081,mc_20260807_0627_high/task_0016,81,110,130,270,347.0,347.0,1.0,2,True,staircase_9corners,Haliade-X 13MW
mc_20260807_0627_high_000082,mc_20260807_0627_high/task_0016,82,20,30,90,572,572.0,1.0,1,True,staircase_6corners,Haliade-X 15.5MW
mc_20260807_0627_high_000082,mc_20260807_0627_high/task_0016,82,45,60,300,924,231.0,0.25,150,True,staircase_6corners,Haliade-X 13MW
mc_20260807_0627_high_000082,mc_20260807_0627_high/task_0016,82,130,150,60,924,0.0,0.0,160,False,,Haliade-X 13MW
mc_20260807_0627_high_000082,mc_20260807_0627_high/task_0016,82,75,90,90,715,715.0,1.0,1,True,staircase_8corners,Haliade-X 15.5MW
mc_20260807_0627_high_000082,mc_20260807_0627_high/task_0016,82,45,60,120,715,715.0,1.0,1,True,staircase_6corners,DTU10MW
mc_20260807_0627_high_000082,mc_20260807_0627_high/task_0016,82,110,130,90,2080,0.0,0.0,160,False,,Haliade-X 13MW
mc_20260807_0627_high_000082,mc_20260807_0627_high/task_0016,82,45,60,240,806,201.5,0.25,122,True,staircase_10corners,Haliade-X 15.5MW
mc_20260807_0627_high_000082,mc_20260807_0627_high/task_0016,82,75,90,90,132,132.0,1.0,2,True,staircase_8corners,Haliade-X 15.5MW
mc_20260807_0627_high_000082,mc_20260807_0627_high/task_0016,82,90,110,240,132,132.0,1.0,1,True,staircase_8corners,DTU10MW
mc_20260807_0627_high_000082,mc_20260807_0627_high/task_0016,82,60,75,300,924,0.0,0.0,160,False,,DTU10MW
mc_20260807_0627_high_000082,mc_20260807_0627_high/task_0016,82,30,45,210,1833,0.0,0.0,160,False,,Haliade-X 15.5MW
mc_20260807_0627_high_000082,mc_20260807_0627_high/task_0016,82,30,45,240,1833,0.0,0.0,160,False,,Haliade-X 15.5MW
mc_20260807_0627_high_000082,mc_20260807_0627_high/task_0016,82,20,30,0,30,30.0,1.0,6,True,staircase_7corners,Haliade-X 15.5MW
mc_20260807_0627_high_000082,mc_20260807_0627_high/task_0016,82,20,30,150,30,0.0,0.0,40,False,,Haliade-X 15.5MW
mc_20260807_0627_high_000082,mc_20260807_0627_high/task_0016,82,75,90,210,572,0.0,0.0,160,False,,DTU10MW
mc_20260807_0627_high_000082,mc_20260807_0627_high/task_0016,82,45,60,120,1833,458.25,0.25,130,True,staircase_6corners,DTU10MW
mc_20260807_0627_high_000082,mc_20260807_0627_high/task_0016,82,110,130,0,806,604.5,0.75,50,True,staircase_7corners,Haliade-X 15.5MW
mc_20260807_0627_high_000082,mc_20260807_0627_high/task_0016,82,45,60,270,572,143.0,0.25,149,True,staircase_8corners,Haliade-X 15.5MW
mc_20260807_0627_high_000082,mc_20260807_0627_high/task_0016,82,10,20,150,132,0.0,0.0,160,False,,DTU10MW
mc_20260807_0627_high_000082,mc_20260807_0627_high/task_0016,82,60,75,330,572,0.0,0.0,160,False,,Haliade-X 15.5MW
mc_20260807_0627_high_000082,mc_20260807_0627_high/task_0016,82,10,20,30,132,132.0,1.0,1,True,staircase_9corners,Haliade-X 15.5MW
mc_20260807_0627_high_000082,mc_20260807_0627_high/task_0016,82,3,10,300,806,0.0,0.0,160,False,,Haliade-X 15.5MW
mc_20260807_0627_high_000082,mc_20260807_0627_high/task_0016,82,130,150,270,924,924.0,1.0,8,True,staircase_9corners,Haliade-X 13MW
mc_20260807_0627_high_000082,mc_20260807_0627_high/task_0016,82,75,90,180,924,0.0,0.0,160,False,,DTU10MW
mc_20260807_0627_high_000082,mc_20260807_0627_high/task_0016,82,130,150,330,780,0.0,0.0,160,False,,Haliade-X 15.5MW
mc_20260807_0627_high_000082,mc_20260807_0627_high/task_0016,82,60,75,180,2080,0.0,0.0,160,False,,DTU10MW
mc_20260807_0627_high_000082,mc_20260807_0627_high/task_0016,82,90,110,240,30,30.0,1.0,2,True,staircase_10corners,Haliade-X 13MW
mc_20260807_0627_high_000082,mc_20260807_0627_high/task_0016,82,130,150,30,132,132.0,1.0,10,True,staircase_9corners,DTU10MW
mc_20260807_0627_high_000082,mc_20260807_0627_high/task_0016,82,130,150,150,780,0.0,0.0,160,False,,Haliade-X 13MW
mc_20260807_0627_high_000082,mc_20260807_0627_high/task_0016,82,75,90,270,780,780.0,1.0,4,True,staircase_9corners,DTU10MW
mc_20260807_0627_high_000082,mc_20260807_0627_high/task_0016,82,60,75,210,111.0,0.0,0.0,120,False,,Haliade-X 15.5MW
mc_20260807_0627_high_000083,mc_20260807_0627_high/task_0016,83,130,150,30,780,780.0,1.0,23,True,staircase_9corners,DTU10MW
mc_20260807_0627_high_000083,mc_20260807_0627_high/task_0016,83,3,10,270,806,0.0,0.0,160,False,,Haliade-X 13MW
mc_20260807_0627_high_000083,mc_20260807_0627_high/task_0016,83,10,20,270,924,0.0,0.0,160,False,,Haliade-X 15.5MW
mc_20260807_0627_high_000083,mc_20260807_0627_high/task_0016,83,60,75,60,924,924.0,1.0,3,True,staircase_8corners,Haliade-X 15.5MW
mc_20260807_0627_high_000083,mc_20260807_0627_high/task_0016,83,75,90,210,780,0.0,0.0,160,False,,DTU10MW
mc_20260807_0627_high_000083,mc_20260807_0627_high/task_0016,83,45,60,180,572,0.0,0.0,160,False,,Haliade-X 13MW
mc_20260807_0627_high_000083,mc_20260807_0627_high/task_0016,83,3,10,210,572,0.0,0.0,160,False,,DTU10MW
mc_20260807_0627_high_000083,mc_20260807_0627_high/task_0016,83,20,30,90,924,924.0,1.0,3,True,staircase_7corners,DTU10MW
mc_20260807_0627_high_000083,mc_20260807_0627_high/task_0016,83,30,45,240,780,0.0,0.0,160,False,,DTU10MW
mc_20260807_0627_high_000083,mc_20260807_0627_high/task_0016,83,45,60,150,924,0.0,0.0,160,False,,DTU10MW
mc_20260807_0627_high_000083,mc_20260807_0627_high/task_0016,83,130,150,150,924,0.0,0.0,160,False,,Haliade-X 13MW
mc_20260807_0627_high_000083,mc_20260807_0627_high/task_0016,83,3,10,120,924,0.0,0.0,160,False,,DTU10MW
mc_20260807_0627_high_000083,mc_20260807_0627_high/task_0016,83,60,75,240,924,924.0,1.0,2,True,staircase_9corners,Haliade-X 13MW
mc_20260807_0627_high_000083,mc_20260807_0627_high/task_0016,83,75,90,270,780,780.0,1.0,5,True,staircase_7corners,Haliade-X 13MW
mc_20260807_0627_high_000083,mc_20260807_0627_high/task_0016,83,3,10,30,132,0.0,0.0,160,False,,Haliade-X 13MW
mc_20260807_0627_high_000083,mc_20260807_0627_high/task_0016,83,20,30,180,924,0.0,0.0,160,False,,Haliade-X 13MW
mc_20260807_0627_high_000083,mc_20260807_0627_high/task_0016,83,10,20,120,1833,0.0,0.0,160,False,,Haliade-X 15.5MW
mc_20260807_0627_high_000083,mc_20260807_0627_high/task_0016,83,75,90,300,1833,0.0,0.0,160,False,,Haliade-X 13MW
mc_20260807_0627_high_000083,mc_20260807_0627_high/task_0016,83,45,60,270,30,30.0,1.0,8,True,staircase_7corners,DTU10MW
mc_20260807_0627_high_000083,mc_20260807_0627_high/task_0016,83,3,10,300,2080,0.0,0.0,160,False,,Haliade-X 15.5MW
mc_20260807_0627_high_000083,mc_20260807_0627_high/task_0016,83,45,60,270,30,30.0,1.0,26,True,staircase_9corners,Haliade-X 15.5MW
mc_20260807_0627_high_000083,mc_20260807_0627_high/task_0016,83,130,150,90,780,0.0,0.0,160,False,,Haliade-X 15.5MW
mc_20260807_0627_high_000083,mc_20260807_0627_high/task_0016,83,30,45,270,806,0.0,0.0,160,False,,Haliade-X 13MW
mc_20260807_0627_high_000083,mc_20260807_0627_high/task_0016,83,60,75,150,924,0.0,0.0,160,False,,Haliade-X 13MW
mc_20260807_0627_high_000083,mc_20260807_0627_high/task_0016,83,75,90,150,30,0.0,0.0,40,False,,DTU10MW
mc_20260807_0627_high_000083,mc_20260807_0627_high/task_0016,83,3,10,330,132,0.0,0.0,160,False,,Haliade-X 15.5MW
mc_20260807_0627_high_000083,mc_20260807_0627_high/task_0016,83,60,75,120,132,132.0,1.0,1,True,staircase_10corners,Haliade-X 15.5MW
mc_20260807_0627_high_000083,mc_20260807_0627_high/task_0016,83,3,10,0,806,0.0,0.0,160,False,,Haliade-X 13MW
mc_20260807_0627_high_000083,mc_20260807_0627_high/task_0016,83,45,60,180,1606.0,0.0,0.0,160,False,,DTU10MW
mc_20260807_0627_high_000084,mc_20260807_0627_high/task_0016,84,90,110,120,132,132.0,1.0,27,True,staircase_7corners,Haliade-X 13MW
mc_20260807_0627_high_000084,mc_20260807_0627_high/task_0016,84,3,10,120,1833,0.0,0.0,160,False,,Haliade-X 13MW
mc_20260807_0627_high_000084,mc_20260807_0627_high/task_0016,84,130,150,120,715,0.0,0.0,160,False,,Haliade-X 15.5MW
mc_20260807_0627_high_000084,mc_20260807_0627_high/task_0016,84,90,110,30,1833,0.0,0.0,160,False,,Haliade-X 13MW
mc_20260807_0627_high_000084,mc_20260807_0627_high/task_0016,84,75,90,120,572,572.0,1.0,3,True,staircase_8corners,Haliade-X 13MW
mc_20260807_0627_high_000084,mc_20260807_0627_high/task_0016,84,3,10,300,780,0.0,0.0,160,False,,Haliade-X 13MW
mc_20260807_0627_high_000084,mc_20260807_0627_high/task_0016,84,90,110,150,2080,0.0,0.0,160,False,,Haliade-X 13MW
mc_20260807_0627_high_000084,mc_20260807_0627_high/task_0016,84,20,30,210,924,0.0,0.0,160,False,,DTU10MW
mc_20260807_0627_high_000084,mc_20260807_0627_high/task_0016,84,110,130,300,806,0.0,0.0,160,False,,Haliade-X 15.5MW
mc_20260807_0627_high_000084,mc_20260807_0627_high/task_0016,84,60,75,60,30,30.0,1.0,1,True,staircase_10corners,DTU10MW
mc_20260807_0627_high_000084,mc_20260807_0627_high/task_0016,84,30,45,240,2080,0.0,0.0,160,False,,Haliade-X 15.5MW
mc_20260807_0627_high_000084,mc_20260807_0627_high/task_0016,84,90,110,240,924,924.0,1.0,1,True,staircase_9corners,Haliade-X 15.5MW
mc_20260807_0627_high_000084,mc_20260807_0627_high/task_0016,84,10,20,240,715,0.0,0.0,160,False,,Haliade-X 15.5MW
mc_20260807_0627_high_000084,mc_20260807_0627_high/task_0016,84,30,45,150,715,0.0,0.0,160,False,,Haliade-X 15.5MW
mc_20260807_0627_high_000084,mc_20260807_0627_high/task_0016,84,10,20,330,1833,0.0,0.0,160,False,,Haliade-X 15.5MW
mc_20260807_0627_high_000084,mc_20260807_0627_high/task_0016,84,60,75,210,806,0.0,0.0,160,False,,Haliade-X 15.5MW
mc_20260807_0627_high_000084,mc_20260807_0627_high/task_0016,84,30,45,120,924,924.0,1.0,12,True,staircase_9corners,Haliade-X 15.5MW
mc_20260807_0627_high_000084,mc_20260807_0627_high/task_0016,84,10,20,330,780,390.0,0.5,82,True,staircase_7corners,Haliade-X 13MW
mc_20260807_0627_high_000084,mc_20260807_0627_high/task_0016,84,3,10,120,780,0.0,0.0,160,False,,DTU10MW
mc_20260807_0627_high_000084,mc_20260807_0627_high/task_0016,84,3,10,30,132,0.0,0.0,160,False,,Haliade-X 15.5MW
mc_20260807_0627_high_000084,mc_20260807_0627_high/task_0016,84,130,150,60,572,0.0,0.0,160,False,,Haliade-X 13MW
mc_20260807_0627_high_000084,mc_20260807_0627_high/task_0016,84,45,60,240,924,231.0,0.25,138,True,staircase_9corners,Haliade-X 13MW
mc_20260807_0627_high_000084,mc_20260807_0627_high/task_0016,84,130,150,180,806,0.0,0.0,160,False,,DTU10MW
mc_20260807_0627_high_000084,mc_20260807_0627_high/task_0016,84,30,45,240,715,0.0,0.0,160,False,,Haliade-X 15.5MW
mc_20260807_0627_high_000084,mc_20260807_0627_high/task_0016,84,110,130,330,1205.0,0.0,0.0,160,False,,Haliade-X 15.5MW
