eval,time_s,iter,obj,aep,x,y,rms_viol
1,3.893,0,129008.92,491.1354,2776.7543;74.7070;2281.1336;2695.6940;1794.6252;809.2679;713.0263;2737.9106;608.7990;318.0233;2467.2953;3432.2160;14.2138;1843.8921;2925.4355;2205.0938;2598.3191;1050.7538;3303.9868;2572.4728;1953.1597;511.8122;1344.0267;2426.8810;1590.5994;1562.4504;2223.9611;1847.2977;2341.4299;2163.7402;2898.8035;1877.9297;3271.1360;1149.2499;325.6537;1082.5202;410.3437;2983.2528;168.8268;2254.6337;1971.3102;2949.4332;716.2111;3084.6611;1265.9495;2716.7317;1065.4621;3182.1713;1171.8419;594.0572;1413.1053;336.4573;2955.9804;544.1473;1382.8120;3399.3386;3555.4517;1642.6964;2974.0422;904.9469;2150.5379;3250.1943;1924.4086;2124.7249;141.4144;1285.8543;286.6071;1099.6557;1190.5895;2785.7891;143.8532;1546.1718;1133.7367;2291.3681;1246.8497;155.1505;3167.6946;2747.6661;3161.1479;1503.0329;2180.0792;1848.4799;2152.2119;943.9764;1083.1367;91.4392;1091.0252;871.4732;2007.2815;2035.8253;1710.4761;1054.0727;231.3038;3523.7489;1222.9482;1782.1751;3517.4906;1586.7858;1145.7821;1871.2691,2081.2911;3074.1615;245.1502;1672.3109;2815.0168;2586.9701;2109.6791;133.5399;1262.3630;2027.4865;1079.0275;1844.4030;2424.4809;573.0974;181.7196;1216.1372;389.0296;644.0501;3188.9775;1315.3139;787.5697;2708.9862;384.7665;2680.5717;1691.2271;2153.7204;531.4327;662.5254;2322.2597;175.0608;895.0050;1952.6707;816.3840;1373.0815;3320.0380;3331.2847;2040.2997;1920.4952;53.4961;3520.4373;2062.9041;2850.3252;2021.6065;3158.4069;2103.1050;2551.8594;534.7204;1542.4227;2498.0042;376.6311;1582.5789;598.3277;1825.1231;2948.5291;324.3842;2880.2475;2034.4549;2121.6518;713.1624;1570.0257;1065.2535;135.2076;110.4654;1631.1780;2681.5107;2006.2635;1386.4090;605.0621;3017.7408;2156.5865;2817.7733;3054.6331;2171.3867;2811.8182;2216.6528;76.1947;2701.6726;633.7517;1650.6511;1847.2417;1742.4752;3039.7889;629.3300;52.6855;3055.5507;2673.6285;1644.1111;1500.8343;420.2262;1219.2449;340.7725;2576.9911;277.5075;741.4209;2065.5944;1057.7936;2360.6163;2892.8461;1264.3686;336.3854,5.0639
2,6.875,1,39155.91,503.9035,,,2.8024
3,9.813,2,6980.59,509.9567,,,1.2179
4,12.653,3,-252.79,514.1253,,,0.2275
5,15.574,4,-281.86,518.4968,,,0.2165
6,18.466,5,-144.73,522.0531,,,0.2733
7,21.349,6,1031.56,526.0224,,,0.5554
8,24.233,7,-173.21,529.3204,,,0.2656
9,27.118,8,-161.68,532.2060,,,0.2709
10,30.002,9,-0.24,535.0209,,,0.3254
11,32.870,10,193.98,537.4530,,,0.3806
12,35.742,11,691.07,539.8869,,,0.4937
13,38.598,12,1157.53,541.9863,,,0.5801
14,41.435,13,363.55,543.8043,,,0.4239
15,44.284,14,-487.58,545.1900,,,0.1068
16,47.149,15,52.05,546.9478,,,0.3444
17,50.010,16,1725.52,548.7509,,,0.6711
18,52.837,17,2112.25,549.7974,,,0.7260
19,55.671,18,1089.57,551.0621,,,0.5700
20,58.477,19,432.63,552.5053,,,0.4417
21,61.311,20,217.81,553.9788,,,0.3909
22,64.143,21,109.28,554.9879,,,0.3627
23,66.978,22,934.54,556.0403,,,0.5433
24,69.795,23,3255.71,556.9120,,,0.8689
25,72.616,24,4509.24,557.1837,,,1.0016
26,75.433,25,4028.22,557.3641,,,0.9529
27,78.216,26,947.75,558.2896,,,0.5461
28,81.061,27,123.45,559.4086,,,0.3677
29,83.861,28,1010.60,560.3339,,,0.5577
30,86.664,29,2786.72,559.9554,,,0.8141
31,89.450,30,2526.60,559.4945,,,0.7817
32,92.262,31,2764.91,559.9907,,,0.8114
33,95.056,32,524.47,560.3256,,,0.4635
34,97.874,33,158.99,561.2183,,,0.3776
35,100.674,34,90.50,562.5104,,,0.3596
36,103.497,35,2425.87,563.2576,,,0.7694
37,106.293,36,492.99,564.0527,,,0.4575
38,109.130,37,947.75,564.4159,,,0.5472
39,111.926,38,773.04,563.7275,,,0.5145
40,114.780,39,1794.92,563.6073,,,0.6834
41,117.603,40,2759.23,562.8217,,,0.8111
42,120.405,41,1788.17,561.7356,,,0.6821
43,123.229,42,851.01,562.9463,,,0.5291
44,126.046,43,449.76,564.1679,,,0.4481
45,128.858,44,469.23,564.8552,,,0.4525
46,131.698,45,1407.87,564.9469,,,0.6250
47,134.500,46,5830.31,563.9707,,,1.1253
48,137.355,47,6688.54,562.3997,,,1.1983
49,140.187,48,4191.58,562.1199,,,0.9702
50,143.003,49,828.84,563.2783,,,0.5250
51,145.853,50,34.81,564.8019,,,0.3446
52,148.704,51,538.78,565.7644,,,0.4677
53,151.528,52,3645.60,565.8753,,,0.9132
54,154.372,53,220.26,566.1623,,,0.3946
55,157.205,54,782.84,566.2911,,,0.5169
56,160.008,55,2734.01,565.1840,,,0.8083
57,162.818,56,50.20,566.3782,,,0.3494
58,165.691,57,176.45,566.7932,,,0.3836
59,168.520,58,4932.65,566.0650,,,1.0435
60,171.331,59,502.91,567.0976,,,0.4603
61,174.175,60,632.16,567.1619,,,0.4873
62,177.001,61,3556.03,565.6979,,,0.9034
63,179.833,62,668.21,567.1547,,,0.4946
64,182.617,63,265.67,567.3701,,,0.4061
65,185.454,64,3834.91,566.3136,,,0.9336
66,188.272,65,341.83,567.2641,,,0.4243
67,191.088,66,31.37,567.2327,,,0.3443
68,193.883,67,4229.36,566.6549,,,0.9745
69,196.728,68,1138.41,567.7303,,,0.5812
70,199.562,69,532.08,567.1349,,,0.4665
71,202.383,70,3720.34,565.5829,,,0.9212
72,205.167,71,3970.80,563.4212,,,0.9476
73,207.995,72,657.10,564.1741,,,0.4918
74,210.794,73,-260.83,565.6028,,,0.2457
75,213.622,74,158.88,566.8470,,,0.3791
76,216.413,75,2096.24,567.2549,,,0.7262
77,219.209,76,1081.97,567.6072,,,0.5715
78,222.052,77,888.53,566.4514,,,0.5368
79,224.874,78,1536.48,565.0272,,,0.6451
80,227.688,79,533.30,564.3501,,,0.4662
81,230.492,80,-242.97,565.5057,,,0.2527
82,233.303,81,299.56,566.3631,,,0.4141
83,236.160,82,2494.23,566.4820,,,0.7785
84,238.985,83,6768.03,565.8823,,,1.2051
85,241.816,84,9295.41,564.3013,,,1.3973
86,244.645,85,7022.54,563.8890,,,1.2257
87,247.494,86,1688.94,565.2842,,,0.6681
88,250.346,87,89.96,566.4936,,,0.3605
89,253.169,88,558.65,566.9309,,,0.4721
90,256.004,89,3547.91,566.2963,,,0.9026
91,258.823,90,5135.67,564.7677,,,1.0624
92,261.643,91,6260.31,562.8708,,,1.1624
93,264.472,92,5081.65,561.9598,,,1.0571
94,267.346,93,2460.16,562.3906,,,0.7736
95,270.171,94,273.97,563.9206,,,0.4073
96,272.986,95,237.78,565.3575,,,0.3988
97,275.810,96,1139.73,566.3360,,,0.5812
98,278.625,97,1908.38,566.5112,,,0.7001
99,281.482,98,1581.63,565.8929,,,0.6521
100,284.344,99,1147.33,566.0249,,,0.5825
101,287.192,100,519.79,566.2229,,,0.4637
102,290.011,101,903.68,566.3016,,,0.5395
103,292.816,102,2761.81,566.3711,,,0.8118
104,295.640,103,1778.42,566.4921,,,0.6814
105,298.471,104,-181.21,566.7273,,,0.2763
106,301.269,105,1103.74,566.2966,,,0.5751
107,304.054,106,494.07,567.2031,,,0.4584
108,306.875,107,386.79,567.2813,,,0.4347
109,309.662,108,1128.71,566.7479,,,0.5794
110,312.458,109,2720.97,566.6358,,,0.8069
111,315.252,110,1384.99,566.5574,,,0.6216
112,318.083,111,950.95,567.2137,,,0.5483
113,320.909,112,-200.94,567.4094,,,0.2694
114,323.723,113,673.92,567.7359,,,0.4959
115,326.506,114,3356.56,566.9232,,,0.8814
116,329.304,115,243.22,568.2563,,,0.4009
117,332.086,116,-61.11,568.6110,,,0.3170
118,334.888,117,2056.34,568.2300,,,0.7209
119,337.742,118,578.74,568.4123,,,0.4766
120,340.595,119,1090.41,567.5923,,,0.5730
121,343.433,120,2182.58,566.7621,,,0.7379
122,346.275,121,452.98,566.2862,,,0.4493
123,349.092,122,-232.65,567.0671,,,0.2573
124,351.898,123,97.26,568.1417,,,0.3630
125,354.715,124,1618.52,568.0514,,,0.6580
126,357.565,125,489.49,568.8401,,,0.4578
127,360.376,126,611.32,567.9752,,,0.4832
128,363.203,127,3054.48,565.6337,,,0.8467
129,366.081,128,-132.63,567.8660,,,0.2936
130,368.906,129,412.01,568.9258,,,0.4407
131,371.718,130,2529.14,568.6597,,,0.7832
132,374.524,131,-68.41,568.9948,,,0.3148
133,377.347,132,305.20,568.3978,,,0.4159
134,380.234,133,932.14,569.1398,,,0.5452
135,383.055,134,4363.16,567.9870,,,0.9882
136,385.881,135,14.14,568.9043,,,0.3398
137,388.703,136,332.00,568.8362,,,0.4224
138,391.522,137,372.67,569.0337,,,0.4318
139,394.348,138,4791.43,568.3608,,,1.0302
140,397.166,139,30.49,568.9335,,,0.3445
141,400.067,140,35.41,568.7868,,,0.3459
142,402.912,141,1979.05,567.6569,,,0.7101
143,405.736,142,574.76,569.0346,,,0.4759
144,408.543,143,901.89,568.8917,,,0.5397
145,411.356,144,3667.50,566.9753,,,0.9157
146,414.161,145,3510.77,564.9995,,,0.8984
147,416.960,146,1216.42,565.3074,,,0.5940
148,419.772,147,-449.51,566.9126,,,0.1525
149,422.597,148,250.97,568.0840,,,0.4027
150,425.387,149,1463.68,568.0478,,,0.6343
151,428.237,150,4749.00,567.2809,,,1.0260
152,431.041,151,6043.83,566.3719,,,1.1441
153,433.831,152,5821.77,566.1023,,,1.1247
154,436.630,153,1376.00,566.8660,,,0.6203
155,439.425,154,-266.61,567.7591,,,0.2442
156,442.275,155,401.06,568.6957,,,0.4382
157,445.093,156,2780.73,568.5168,,,0.8144
158,447.905,157,641.45,568.9792,,,0.4896
159,450.707,158,-144.48,568.6619,,,0.2898
160,453.503,159,2689.04,567.9540,,,0.8031
161,456.312,160,-215.81,568.8361,,,0.2644
162,459.125,161,488.90,569.1377,,,0.4577
163,461.946,162,5977.79,568.4155,,,1.1385
164,464.815,163,320.39,569.0793,,,0.4197
165,467.623,164,107.65,569.0913,,,0.3661
166,470.487,165,1393.44,568.4091,,,0.6233
167,473.290,166,11.34,569.0191,,,0.3390
168,476.101,167,505.31,568.6885,,,0.4612
169,478.915,168,133.51,569.0687,,,0.3730
170,481.744,169,1854.04,568.2532,,,0.6926
171,484.620,170,-30.54,568.9772,,,0.3265
172,487.434,171,767.56,568.6256,,,0.5144
173,490.267,172,302.62,569.2302,,,0.4155
174,493.095,173,1685.58,567.7054,,,0.6680
175,495.910,174,24.15,569.1121,,,0.3427
176,498.734,175,371.18,568.7801,,,0.4314
177,501.556,176,578.93,569.4076,,,0.4769
178,504.404,177,1369.96,567.7926,,,0.6194
179,507.271,178,448.13,569.2739,,,0.4489
180,510.091,179,917.47,568.8530,,,0.5425
181,512.934,180,244.48,569.2330,,,0.4014
182,515.763,181,1120.07,568.3265,,,0.5782
183,518.592,182,24.05,569.1335,,,0.3427
184,521.413,183,879.48,568.8963,,,0.5355
185,524.226,184,273.22,569.2633,,,0.4084
186,527.106,185,1523.81,568.2291,,,0.6436
187,529.945,186,-64.35,569.1397,,,0.3162
188,532.798,187,708.17,569.0102,,,0.5029
189,535.616,188,-60.00,569.1456,,,0.3175
190,538.414,189,1758.08,568.4246,,,0.6787
191,541.225,190,-248.84,568.9974,,,0.2518
192,544.057,191,1190.46,568.6861,,,0.5902
193,546.893,192,89.10,569.0686,,,0.3610
194,549.705,193,1213.73,568.0901,,,0.5940
195,552.502,194,18.42,569.1349,,,0.3411
196,555.325,195,938.40,568.9083,,,0.5463
197,558.120,196,-142.94,569.1553,,,0.2905
198,560.919,197,1170.38,568.7240,,,0.5868
199,563.722,198,367.90,569.3039,,,0.4308
200,566.502,199,652.34,568.0181,,,0.4916
201,569.346,200,194.54,568.8303,,,0.3888
202,572.162,201,285.16,568.4658,,,0.4111
203,574.984,202,3886.11,567.0136,,,0.9390
204,577.784,203,3533.07,565.2502,,,0.9009
205,580.579,204,462.54,566.4094,,,0.4514
206,583.376,205,-489.93,567.9123,,,0.1243
207,586.189,206,172.38,568.6581,,,0.3831
208,589.039,207,1737.17,568.3108,,,0.6757
209,591.907,208,259.70,569.0450,,,0.4051
210,594.711,209,-17.23,568.4427,,,0.3304
211,597.552,210,96.63,569.1423,,,0.3631
212,600.359,211,1200.06,568.9798,,,0.5919
213,603.186,212,394.71,569.2111,,,0.4369
214,606.014,213,227.75,568.4272,,,0.3971
215,608.843,214,734.47,567.5078,,,0.5078
216,611.679,215,-125.27,567.3294,,,0.2959
217,614.490,216,-69.79,568.1046,,,0.3141
218,617.351,217,267.63,568.3837,,,0.4069
219,620.170,218,1345.09,567.6518,,,0.6154
220,622.988,219,3010.63,567.5785,,,0.8418
221,625.812,220,2124.18,567.1774,,,0.7300
222,628.626,221,94.98,567.8862,,,0.3623
223,631.489,222,-244.17,568.5527,,,0.2534
224,634.352,223,308.23,568.8356,,,0.4167
225,637.187,224,3535.80,568.5084,,,0.9015
226,640.006,225,272.54,569.0142,,,0.4082
227,642.815,226,-293.90,568.8961,,,0.2334
228,645.623,227,893.12,568.2283,,,0.5379
229,648.442,228,22.57,569.0841,,,0.3423
230,651.264,229,34.40,569.0025,,,0.3457
231,654.135,230,3060.47,567.9215,,,0.8476
232,656.938,231,6.21,568.7304,,,0.3374
233,659.778,232,-365.38,569.1162,,,0.2009
234,662.586,233,488.63,568.9897,,,0.4576
235,665.366,234,310.97,569.2487,,,0.4175
236,668.167,235,1048.96,568.1838,,,0.5659
237,670.978,236,-169.38,569.0252,,,0.2813
238,673.814,237,199.00,569.1317,,,0.3900
239,676.613,238,2713.31,568.2354,,,0.8061
240,679.442,239,-256.36,569.0986,,,0.2489
241,682.263,240,-143.61,569.2287,,,0.2903
242,685.039,241,3066.81,568.5219,,,0.8484
243,687.853,242,58.41,569.2570,,,0.3525
244,690.661,243,-240.18,569.3475,,,0.2553
245,693.469,244,1316.44,569.0167,,,0.6110
246,696.311,245,11.15,569.2057,,,0.3390
247,699.137,246,-35.01,568.9979,,,0.3252
248,701.967,247,1066.91,567.9893,,,0.5690
249,704.784,248,-263.05,568.8389,,,0.2461
250,707.613,249,-138.46,569.2373,,,0.2921
251,710.415,250,2001.51,568.7235,,,0.7134
252,713.242,251,-132.44,569.1515,,,0.2941
253,716.124,252,-352.88,569.1764,,,0.2070
254,718.977,253,1121.18,568.5642,,,0.5784
255,721.802,254,-283.91,569.0123,,,0.2376
256,724.638,255,592.37,568.5160,,,0.4795
257,727.471,256,475.23,568.0815,,,0.4545
258,730.290,257,-339.43,568.0132,,,0.2128
259,733.097,258,-432.29,568.0406,,,0.1640
260,735.945,259,-48.47,568.3242,,,0.3208
261,738.795,260,833.61,568.6131,,,0.5269
262,741.621,261,4342.21,568.0148,,,0.9861
263,744.469,262,450.86,568.8686,,,0.4494
264,747.300,263,-131.76,569.1701,,,0.2943
265,750.112,264,85.87,568.9289,,,0.3601
266,752.938,265,-139.66,568.9958,,,0.2916
267,755.762,266,619.63,568.9483,,,0.4851
268,758.640,267,5589.55,567.4200,,,1.1042
269,761.476,268,1237.22,568.3272,,,0.5979
270,764.303,269,-252.26,568.9679,,,0.2504
271,767.115,270,-347.48,568.9716,,,0.2094
272,769.928,271,1659.94,568.2924,,,0.6643
273,772.726,272,6.22,569.0323,,,0.3375
274,775.525,273,-282.80,569.0699,,,0.2381
275,778.369,274,521.91,568.8274,,,0.4647
276,781.216,275,-113.89,569.1970,,,0.3003
277,784.014,276,427.83,568.9050,,,0.4443
278,786.843,277,-224.48,569.2468,,,0.2613
279,789.646,278,585.95,568.9846,,,0.4782
280,792.440,279,-311.98,569.2689,,,0.2257
281,795.227,280,270.43,569.2886,,,0.4078
282,798.033,281,-108.51,569.3691,,,0.3021
283,800.869,282,99.19,568.8677,,,0.3637
284,803.677,283,-22.62,569.3649,,,0.3290
285,806.507,284,1126.89,568.7201,,,0.5795
286,809.325,285,-108.42,569.2531,,,0.3021
287,812.119,286,-337.93,569.0312,,,0.2139
288,814.919,287,608.50,567.9237,,,0.4827
289,817.737,288,-235.82,568.9887,,,0.2569
290,820.578,289,352.99,568.9185,,,0.4273
291,823.424,290,366.87,568.8104,,,0.4304
292,826.246,291,-13.87,568.3759,,,0.3314
293,829.072,292,-257.24,568.0721,,,0.2481
294,831.882,293,-281.96,568.6290,,,0.2383
295,834.694,294,962.90,568.2985,,,0.5506
296,837.520,295,269.51,568.0240,,,0.4072
297,840.364,296,-514.71,568.5036,,,0.1032
298,843.254,297,-351.63,568.4780,,,0.2072
299,846.109,298,0.89,568.7910,,,0.3359
300,848.965,299,913.41,568.8086,,,0.5418
301,851.793,300,1286.95,567.7504,,,0.6060
302,854.609,301,1040.38,567.2023,,,0.5642
303,857.427,302,-140.09,567.9155,,,0.2911
304,860.242,303,-397.04,568.6353,,,0.1843
305,863.086,304,118.78,569.2351,,,0.3691
306,865.907,305,1256.97,569.1564,,,0.6013
307,868.720,306,4325.23,568.0039,,,0.9844
308,871.550,307,1461.99,568.3130,,,0.6341
309,874.360,308,-171.04,568.7761,,,0.2806
310,877.168,309,-343.28,569.0265,,,0.2114
311,879.973,310,1255.46,568.5684,,,0.6010
312,882.802,311,53.21,568.6756,,,0.3509
313,885.661,312,-485.06,568.9324,,,0.1289
314,888.489,313,-459.20,569.1223,,,0.1475
315,891.304,314,251.50,569.3057,,,0.4032
316,894.103,315,-133.92,569.4161,,,0.2937
317,896.898,316,132.82,568.8686,,,0.3728
318,899.696,317,-290.46,569.2659,,,0.2350
319,902.486,318,1174.67,569.0006,,,0.5876
320,905.337,319,643.04,568.0689,,,0.4897
321,908.196,320,-347.51,568.2394,,,0.2091
322,911.001,321,-462.79,568.8918,,,0.1450
323,913.798,322,-39.44,569.2945,,,0.3239
324,916.586,323,1022.70,568.9816,,,0.5614
325,919.380,324,-194.02,569.2785,,,0.2726
326,922.167,325,-310.79,569.1768,,,0.2262
327,924.993,326,618.95,568.2928,,,0.4849
328,927.818,327,-352.17,568.7719,,,0.2071
329,930.632,328,-421.17,569.0282,,,0.1711
330,933.475,329,-210.71,569.2791,,,0.2665
331,936.275,330,1608.71,569.0247,,,0.6567
332,939.091,331,-256.72,569.2809,,,0.2488
333,941.902,332,-371.51,569.1826,,,0.1978
334,944.711,333,915.61,568.8207,,,0.5422
335,947.573,334,-396.55,569.1007,,,0.1848
336,950.425,335,-297.46,569.3587,,,0.2320
337,953.264,336,946.03,569.4936,,,0.5478
338,956.107,337,5896.40,568.7802,,,1.1315
339,958.939,338,1689.96,568.9877,,,0.6688
340,961.745,339,-292.07,569.1089,,,0.2342
341,964.561,340,-503.16,569.2018,,,0.1144
342,967.422,341,-168.79,569.3132,,,0.2816
343,970.283,342,1683.85,569.0121,,,0.6679
344,973.112,343,-199.01,569.1656,,,0.2707
345,975.954,344,-434.82,569.2484,,,0.1632
346,978.778,345,37.31,569.0917,,,0.3465
347,981.597,346,-347.76,569.3215,,,0.2095
348,984.409,347,-148.22,569.1265,,,0.2887
349,987.225,348,307.40,568.6523,,,0.4165
350,990.078,349,57.84,568.3631,,,0.3521
351,992.900,350,-427.37,568.1245,,,0.1670
352,995.755,351,-435.63,568.4367,,,0.1622
353,998.581,352,-355.24,568.7232,,,0.2056
354,1001.392,353,-221.39,568.8913,,,0.2623
355,1004.194,354,58.59,568.8069,,,0.3525
356,1007.002,355,-385.36,569.0884,,,0.1907
357,1009.849,356,-316.51,569.2091,,,0.2237
358,1012.680,357,-225.49,569.0339,,,0.2608
359,1015.499,358,133.52,568.6492,,,0.3729
360,1018.299,359,-341.21,569.0340,,,0.2124
361,1021.101,360,-462.39,569.0933,,,0.1454
362,1023.895,361,-132.33,569.1076,,,0.2941
363,1026.691,362,-351.35,569.2340,,,0.2077
364,1029.480,363,-152.04,569.2287,,,0.2874
365,1032.322,364,353.40,568.7887,,,0.4273
366,1035.150,365,1029.99,567.9970,,,0.5625
367,1037.984,366,486.05,567.0372,,,0.4567
368,1040.788,367,-473.24,567.2161,,,0.1364
369,1043.589,368,-487.05,568.0727,,,0.1267
370,1046.389,369,-322.39,568.5650,,,0.2208
371,1049.187,370,-168.07,568.6598,,,0.2816
372,1052.041,371,-50.54,568.4599,,,0.3202
373,1054.888,372,-164.96,568.4927,,,0.2827
374,1057.694,373,-309.15,568.7820,,,0.2267
375,1060.530,374,-227.79,569.0765,,,0.2600
376,1063.335,375,-275.30,568.8515,,,0.2411
377,1066.157,376,-174.92,568.5954,,,0.2792
378,1068.983,377,127.30,568.0875,,,0.3711
379,1071.815,378,-66.95,567.9205,,,0.3150
380,1074.686,379,-519.58,568.2320,,,0.0982
381,1077.516,380,-503.97,568.6532,,,0.1132
382,1080.346,381,-354.94,568.9691,,,0.2059
383,1083.156,382,69.07,569.0497,,,0.3555
384,1085.988,383,-371.33,569.1882,,,0.1979
385,1088.813,384,-431.99,569.2276,,,0.1649
386,1091.629,385,-159.58,569.1740,,,0.2848
387,1094.497,386,-53.25,568.7684,,,0.3195
388,1097.351,387,-61.11,568.2524,,,0.3169
389,1100.175,388,-199.93,567.9559,,,0.2700
390,1103.012,389,-416.25,568.4561,,,0.1736
391,1105.829,390,-490.36,568.7944,,,0.1246
392,1108.641,391,-307.17,569.1208,,,0.2278
393,1111.461,392,71.55,569.1594,,,0.3562
394,1114.281,393,60.07,568.7407,,,0.3529
395,1117.114,394,-95.00,568.5671,,,0.3062
396,1119.934,395,-475.24,568.9137,,,0.1362
397,1122.772,396,-422.67,569.3202,,,0.1704
398,1125.568,397,-127.03,569.4101,,,0.2960
399,1128.364,398,-187.60,569.0844,,,0.2748
400,1131.148,399,-264.43,568.7376,,,0.2455
401,1133.947,400,-342.27,568.7511,,,0.2118
402,1136.799,401,-498.75,569.0888,,,0.1180
403,1139.643,402,-416.35,569.3822,,,0.1741
404,1142.443,403,-259.89,569.4433,,,0.2476
405,1145.229,404,278.65,569.3336,,,0.4098
406,1148.024,405,441.55,568.9619,,,0.4473
407,1150.815,406,96.12,568.6223,,,0.3628
408,1153.614,407,-453.99,568.8289,,,0.1508
409,1156.424,408,-506.52,569.2142,,,0.1114
410,1159.277,409,-346.73,569.5134,,,0.2100
411,1162.120,410,266.76,569.3833,,,0.4069
412,1164.963,411,-339.99,569.7054,,,0.2133
413,1167.782,412,-478.56,569.5998,,,0.1343
414,1170.597,413,-374.26,569.5282,,,0.1966
415,1173.400,414,-251.76,569.4711,,,0.2508
416,1176.211,415,-268.51,569.1414,,,0.2440
417,1179.052,416,-433.96,568.9733,,,0.1635
418,1181.893,417,-413.48,569.0693,,,0.1755
419,1184.775,418,218.63,568.9499,,,0.3949
420,1187.621,419,47.24,568.8485,,,0.3493
421,1190.443,420,-424.12,569.0191,,,0.1694
422,1193.256,421,-521.19,569.1885,,,0.0975
423,1196.075,422,-482.39,569.4260,,,0.1313
424,1198.920,423,-59.12,569.6262,,,0.3179
425,1201.763,424,119.98,569.4519,,,0.3695
426,1204.610,425,151.01,569.1374,,,0.3776
427,1207.462,426,-279.52,569.1149,,,0.2395
428,1210.290,427,-513.30,569.3330,,,0.1053
429,1213.112,428,-456.79,569.5781,,,0.1494
430,1215.924,429,-223.40,569.6177,,,0.2618
431,1218.753,430,-442.01,569.7028,,,0.1590
432,1221.633,431,-399.15,569.6522,,,0.1837
433,1224.496,432,-224.82,569.5248,,,0.2613
434,1227.346,433,-194.36,569.2405,,,0.2725
435,1230.159,434,-327.01,568.9974,,,0.2189
436,1232.974,435,-442.68,568.9243,,,0.1581
437,1235.789,436,-511.68,569.0219,,,0.1066
438,1238.600,437,-478.68,569.2358,,,0.1339
439,1241.432,438,-381.22,569.2642,,,0.1930
440,1244.241,439,-191.19,569.2889,,,0.2736
441,1247.034,440,-214.46,569.1763,,,0.2650
442,1249.861,441,-152.02,569.1764,,,0.2874
443,1252.660,442,-367.37,569.2020,,,0.1999
444,1255.465,443,-514.84,569.3219,,,0.1039
445,1258.254,444,-475.98,569.3706,,,0.1360
446,1261.060,445,-334.74,569.4211,,,0.2156
447,1263.915,446,-308.22,569.3063,,,0.2274
448,1266.735,447,-394.72,569.1553,,,0.1859
449,1269.559,448,-439.64,569.2304,,,0.1602
450,1272.348,449,-504.63,569.3283,,,0.1132
451,1275.157,450,-518.63,569.4693,,,0.1003
452,1277.963,451,-437.74,569.5623,,,0.1616
453,1280.772,452,69.75,569.5484,,,0.3558
454,1283.642,453,-438.33,569.6117,,,0.1612
455,1286.487,454,-527.96,569.6466,,,0.0909
456,1289.330,455,-495.63,569.6512,,,0.1211
457,1292.174,456,-363.38,569.6089,,,0.2021
458,1294.989,457,241.13,569.3793,,,0.4006
459,1297.817,458,-336.07,569.4531,,,0.2150
460,1300.633,459,-518.39,569.5201,,,0.1006
461,1303.463,460,-507.75,569.5548,,,0.1106
462,1306.288,461,-460.60,569.5565,,,0.1469
463,1309.135,462,-292.08,569.4014,,,0.2343
464,1312.002,463,-118.05,569.2114,,,0.2989
465,1314.831,464,-265.68,568.9550,,,0.2451
466,1317.641,465,-541.35,569.0138,,,0.0740
467,1320.465,466,-531.55,569.2658,,,0.0864
468,1323.298,467,-269.52,569.4975,,,0.2437
469,1326.166,468,624.43,569.6058,,,0.4863
470,1329.013,469,842.25,569.6129,,,0.5288
471,1331.856,470,738.07,569.6149,,,0.5089
472,1334.678,471,465.95,569.6059,,,0.4528
473,1337.500,472,94.19,569.6006,,,0.3626
474,1340.318,473,-270.78,569.6058,,,0.2433
475,1343.125,474,-486.20,569.5407,,,0.1285
476,1345.947,475,-527.06,569.5334,,,0.0917
477,1348.819,476,-549.04,569.5240,,,0.0637
478,1351.686,477,-462.29,569.5219,,,0.1457
479,1354.536,478,-554.21,569.5816,,,0.0552
480,1357.352,479,-496.50,569.6997,,,0.1204
481,1360.166,480,-179.14,569.7751,,,0.2781
482,1362.978,481,213.59,569.6036,,,0.3938
483,1365.793,482,-34.69,569.2414,,,0.3253
484,1368.634,483,-364.52,569.2955,,,0.2014
485,1371.446,484,-508.89,569.5569,,,0.1096
486,1374.269,485,-507.91,569.6899,,,0.1106
487,1377.087,486,-510.09,569.6878,,,0.1086
488,1379.893,487,-477.03,569.5646,,,0.1354
489,1382.693,488,-263.48,569.4121,,,0.2461
490,1385.499,489,-523.52,569.5415,,,0.0955
491,1388.330,490,-529.80,569.6930,,,0.0889
492,1391.193,491,-292.02,569.7598,,,0.2345
493,1394.031,492,-276.39,569.7573,,,0.2410
494,1396.830,493,-420.56,569.5688,,,0.1718
495,1399.615,494,-548.17,569.5695,,,0.0651
496,1402.426,495,-542.50,569.6281,,,0.0733
497,1405.222,496,-476.03,569.6486,,,0.1362
498,1408.026,497,-355.96,569.6223,,,0.2057
499,1410.888,498,-351.38,569.3928,,,0.2078
500,1413.724,499,-486.55,569.3470,,,0.1280
500,1413.724,499,-486.55,569.3470,3057.6138;-1.9872;2424.3228;2927.0857;2111.0800;533.3773;15.5292;2870.0885;-4.3405;1.6178;2932.2959;3590.5240;-4.0471;1611.2000;3300.3273;2710.4694;2793.6725;915.8942;3601.2526;3088.0430;2039.7980;-0.4462;1103.3955;2699.3198;1823.4077;1979.8040;2693.5278;1498.0877;2768.7720;2065.1017;3593.3661;2323.5329;3600.1787;705.1386;-4.6342;949.7325;1.0157;3596.4153;0.5500;2554.1269;2514.6615;3282.2786;521.5972;3158.2619;1434.1490;3599.8300;451.2896;3593.2638;1239.7012;164.2334;1285.1817;12.2598;3581.1459;435.0372;681.4641;3600.6575;3597.7252;2135.2508;3579.2593;637.7873;2313.0532;3596.8891;1695.1608;2494.1297;-0.5560;1542.2846;-0.3472;1006.2235;1076.6095;2899.1455;7.8998;1522.0577;686.5565;2616.9851;1320.9310;-2.4333;3596.6394;3163.7359;3586.4694;1664.7851;2720.0650;1960.8573;2542.3652;331.9169;1001.2666;2.9329;1123.3577;10.1394;2097.0845;2032.6384;1184.7309;1136.1785;33.1527;3598.2242;900.7907;1406.1785;3599.8138;1798.3959;832.2068;1660.5167,2535.4237;3360.4684;0.8444;1929.9301;3315.6039;2983.3110;2381.3380;11.3180;1143.3465;1731.1414;933.5500;1721.5403;2172.3508;622.7151;6.9948;1320.0674;189.6606;703.2005;3597.9455;1530.2986;871.0133;2752.1670;163.6372;3264.7375;1741.5543;2785.0869;431.4731;955.6580;3081.6302;1.0283;1036.2443;2009.9450;862.7074;1214.4723;3601.8788;3602.3171;1997.2547;2108.7599;1.3170;3589.4954;2621.6347;3363.9004;1934.2985;3599.7616;2499.6552;2991.2100;567.9182;1283.0379;2907.3301;426.9276;1470.4425;967.3761;1899.2693;3591.4405;-0.6675;3288.2033;2356.5272;2404.8197;601.6020;1558.2109;1071.9472;-2.0557;4.7544;1678.6899;2969.0207;2271.7288;1550.2627;385.6497;3289.9509;2863.1207;3193.6318;3599.1859;2575.5813;3435.7289;2689.7413;311.2837;2775.6305;496.7305;1478.1378;2035.3104;2257.0751;3594.8867;706.7824;11.4794;3437.9875;2585.8131;1786.4772;1342.4099;415.0458;1427.1040;2.3066;3094.6838;765.5201;310.9848;2168.7695;1206.5648;2548.3992;3151.6178;916.9412;289.2001,0.1280
